component,num_of_addrs,address_ids
0,2,"[0, 1]"
1,2,"[2, 3]"
2,15,"[4, 5, 133, 223, 381, 654, 979, 1211, 1328, 1501, 1557, 1668, 2099, 2135, 2245]"
3,2,"[6, 7]"
4,2,"[8, 9]"
5,4,"[10, 11, 691, 812]"
6,4,"[12, 13, 1377, 1378]"
7,2,"[14, 15]"
8,4,"[16, 17, 372, 2275]"
9,5,"[18, 19, 524, 1419, 2266]"
10,5,"[20, 21, 566, 2169, 2284]"
11,2,"[22, 23]"
12,2,"[24, 25]"
13,2,"[26, 27]"
14,2,"[28, 29]"
15,2,"[30, 31]"
16,2,"[32, 33]"
17,2,"[34, 35]"
18,10,"[36, 37, 673, 696, 839, 954, 1197, 1204, 1735, 2157]"
19,4,"[38, 39, 561, 1228]"
20,2,"[40, 41]"
21,2,"[42, 43]"
22,3,"[44, 45, 964]"
23,6,"[46, 47, 605, 606, 937, 938]"
24,2,"[48, 49]"
25,2,"[50, 51]"
26,2,"[52, 53]"
27,2,"[54, 55]"
28,2,"[56, 57]"
29,2,"[58, 59]"
30,2,"[60, 61]"
31,2,"[62, 63]"
32,2,"[64, 65]"
33,3,"[66, 67, 1956]"
34,3,"[68, 69, 1740]"
35,3,"[70, 71, 1441]"
36,2,"[72, 73]"
37,2,"[74, 75]"
38,12,"[76, 77, 1021, 1022, 1023, 1024, 1025, 1026, 1027, 1028, 1186, 2189]"
39,2,"[78, 79]"
40,2,"[80, 81]"
41,3,"[82, 83, 142]"
42,2,"[84, 85]"
43,4,"[86, 87, 1738, 1739]"
44,2,"[88, 89]"
45,3,"[90, 91, 92]"
46,12,"[93, 94, 136, 137, 332, 333, 334, 335, 1567, 1693, 1982, 1995]"
47,2,"[95, 96]"
48,2,"[97, 98]"
49,5,"[99, 100, 1453, 1454, 1846]"
50,2,"[101, 102]"
51,2,"[103, 104]"
52,2,"[105, 106]"
53,2,"[107, 108]"
54,4,"[109, 110, 111, 1117]"
55,3,"[112, 113, 1020]"
56,4,"[114, 115, 288, 289]"
57,2,"[116, 117]"
58,9,"[118, 119, 120, 121, 122, 378, 1651, 2088, 2278]"
59,4,"[123, 124, 210, 2130]"
60,4,"[125, 126, 1429, 2007]"
61,3,"[127, 128, 317]"
62,2,"[129, 130]"
63,2,"[131, 132]"
64,2,"[134, 135]"
65,3,"[138, 139, 651]"
66,2,"[140, 141]"
67,6,"[143, 144, 145, 521, 1220, 1417]"
68,2,"[146, 147]"
69,2,"[148, 149]"
70,3,"[150, 151, 827]"
71,2,"[152, 153]"
72,5,"[154, 155, 156, 847, 848]"
73,7,"[157, 158, 849, 850, 861, 996, 1675]"
74,3,"[159, 160, 2113]"
75,2,"[161, 162]"
76,2,"[163, 164]"
77,2,"[165, 166]"
78,2,"[167, 168]"
79,2,"[169, 170]"
80,2,"[171, 172]"
81,3,"[173, 174, 1849]"
82,2,"[175, 176]"
83,3,"[177, 178, 714]"
84,6,"[179, 180, 352, 353, 717, 1019]"
85,2,"[181, 182]"
86,5,"[183, 184, 185, 1331, 1633]"
87,2,"[186, 187]"
88,2,"[188, 189]"
89,2,"[190, 191]"
90,2,"[192, 193]"
91,2,"[194, 195]"
92,2,"[196, 197]"
93,3,"[198, 199, 1460]"
94,2,"[200, 201]"
95,2,"[202, 203]"
96,3,"[204, 205, 1042]"
97,2,"[206, 207]"
98,2,"[208, 209]"
99,2,"[211, 212]"
100,2,"[213, 214]"
101,3,"[215, 216, 1114]"
102,2,"[217, 218]"
103,5,"[219, 220, 276, 277, 298]"
104,2,"[221, 222]"
105,2,"[224, 225]"
106,4,"[226, 227, 2042, 2043]"
107,2,"[228, 229]"
108,2,"[230, 231]"
109,2,"[232, 233]"
110,3,"[234, 235, 1562]"
111,2,"[236, 237]"
112,2,"[238, 239]"
113,2,"[240, 241]"
114,2,"[242, 243]"
115,2,"[244, 245]"
116,6,"[246, 247, 248, 745, 746, 1266]"
117,2,"[249, 250]"
118,3,"[251, 252, 2252]"
119,2,"[253, 254]"
120,2,"[255, 256]"
121,8,"[257, 258, 516, 517, 718, 719, 748, 1445]"
122,2,"[259, 260]"
123,2,"[261, 262]"
124,8,"[263, 264, 269, 1427, 1428, 1446, 1977, 2055]"
125,2,"[265, 266]"
126,2,"[267, 268]"
127,2,"[270, 271]"
128,4,"[272, 273, 1523, 1524]"
129,2,"[274, 275]"
130,4,"[278, 279, 2133, 2134]"
131,2,"[280, 281]"
132,2,"[282, 283]"
133,2,"[284, 285]"
134,2,"[286, 287]"
135,2,"[290, 291]"
136,2,"[292, 293]"
137,3,"[294, 295, 455]"
138,3,"[296, 297, 709]"
139,2,"[299, 300]"
140,2,"[301, 302]"
141,2,"[303, 304]"
142,2,"[305, 306]"
143,2,"[307, 308]"
144,2,"[309, 310]"
145,7,"[311, 312, 375, 376, 377, 1776, 1862]"
146,3,"[313, 314, 1079]"
147,3,"[315, 316, 456]"
148,2,"[318, 319]"
149,2,"[320, 321]"
150,2,"[322, 323]"
151,2,"[324, 325]"
152,2,"[326, 327]"
153,2,"[328, 329]"
154,2,"[330, 331]"
155,2,"[336, 337]"
156,10,"[338, 339, 558, 980, 981, 1091, 1335, 1686, 2175, 2219]"
157,2,"[340, 341]"
158,2,"[342, 343]"
159,2,"[344, 345]"
160,2,"[346, 347]"
161,4,"[348, 349, 1041, 1459]"
162,2,"[350, 351]"
163,3,"[354, 355, 1245]"
164,2,"[356, 357]"
165,2,"[358, 359]"
166,2,"[360, 361]"
167,3,"[362, 363, 1685]"
168,2,"[364, 365]"
169,4,"[366, 367, 1332, 1994]"
170,2,"[368, 369]"
171,5,"[370, 371, 1187, 1188, 1438]"
172,2,"[373, 374]"
173,2,"[379, 380]"
174,2,"[382, 383]"
175,2,"[384, 385]"
176,17,"[386, 387, 423, 424, 727, 728, 729, 730, 731, 732, 733, 1182, 1321, 1323, 1935, 1967, 2222]"
177,3,"[388, 389, 390]"
178,3,"[391, 392, 640]"
179,2,"[393, 394]"
180,2,"[395, 396]"
181,3,"[397, 398, 533]"
182,2,"[399, 400]"
183,2,"[401, 402]"
184,2,"[403, 404]"
185,2,"[405, 406]"
186,2,"[407, 408]"
187,3,"[409, 410, 520]"
188,4,"[411, 412, 652, 653]"
189,2,"[413, 414]"
190,2,"[415, 416]"
191,2,"[417, 418]"
192,2,"[419, 420]"
193,2,"[421, 422]"
194,2,"[425, 426]"
195,2,"[427, 428]"
196,2,"[429, 430]"
197,2,"[431, 432]"
198,2,"[433, 434]"
199,3,"[435, 436, 1509]"
200,2,"[437, 438]"
201,3,"[439, 440, 678]"
202,2,"[441, 442]"
203,3,"[443, 444, 1475]"
204,2,"[445, 446]"
205,6,"[447, 448, 762, 763, 1109, 1241]"
206,3,"[449, 450, 591]"
207,4,"[451, 452, 464, 1582]"
208,2,"[453, 454]"
209,2,"[457, 458]"
210,2,"[459, 460]"
211,3,"[461, 462, 463]"
212,4,"[465, 466, 1053, 2210]"
213,2,"[467, 468]"
214,2,"[469, 470]"
215,2,"[471, 472]"
216,3,"[473, 474, 720]"
217,2,"[475, 476]"
218,3,"[477, 478, 2295]"
219,2,"[479, 480]"
220,2,"[481, 482]"
221,2,"[483, 484]"
222,2,"[485, 486]"
223,3,"[487, 488, 1637]"
224,3,"[489, 490, 491]"
225,2,"[492, 493]"
226,2,"[494, 495]"
227,3,"[496, 497, 844]"
228,2,"[498, 499]"
229,2,"[500, 501]"
230,2,"[502, 503]"
231,3,"[504, 505, 1269]"
232,2,"[506, 507]"
233,3,"[508, 509, 1750]"
234,2,"[510, 511]"
235,2,"[512, 513]"
236,2,"[514, 515]"
237,2,"[518, 519]"
238,2,"[522, 523]"
239,4,"[525, 526, 933, 1587]"
240,3,"[527, 528, 787]"
241,2,"[529, 530]"
242,4,"[531, 532, 1305, 1306]"
243,2,"[534, 535]"
244,4,"[536, 537, 1257, 2201]"
245,2,"[538, 539]"
246,2,"[540, 541]"
247,2,"[542, 543]"
248,2,"[544, 545]"
249,2,"[546, 547]"
250,9,"[548, 549, 634, 635, 794, 795, 919, 1756, 1890]"
251,2,"[550, 551]"
252,2,"[552, 553]"
253,2,"[554, 555]"
254,2,"[556, 557]"
255,2,"[559, 560]"
256,2,"[562, 563]"
257,2,"[564, 565]"
258,3,"[567, 568, 1753]"
259,2,"[569, 570]"
260,3,"[571, 572, 2200]"
261,3,"[573, 574, 661]"
262,3,"[575, 576, 1974]"
263,2,"[577, 578]"
264,2,"[579, 580]"
265,2,"[581, 582]"
266,3,"[583, 584, 1502]"
267,2,"[585, 586]"
268,3,"[587, 588, 2087]"
269,2,"[589, 590]"
270,4,"[592, 593, 1613, 1614]"
271,3,"[594, 595, 596]"
272,2,"[597, 598]"
273,2,"[599, 600]"
274,3,"[601, 602, 2239]"
275,2,"[603, 604]"
276,2,"[607, 608]"
277,2,"[609, 610]"
278,2,"[611, 612]"
279,4,"[613, 614, 1118, 1642]"
280,2,"[615, 616]"
281,3,"[617, 618, 2274]"
282,2,"[619, 620]"
283,2,"[621, 622]"
284,2,"[623, 624]"
285,4,"[625, 626, 627, 2112]"
286,2,"[628, 629]"
287,4,"[630, 631, 1191, 2238]"
288,2,"[632, 633]"
289,2,"[636, 637]"
290,2,"[638, 639]"
291,2,"[641, 642]"
292,2,"[643, 644]"
293,2,"[645, 646]"
294,2,"[647, 648]"
295,2,"[649, 650]"
296,2,"[655, 656]"
297,3,"[657, 658, 2018]"
298,3,"[659, 660, 1887]"
299,3,"[662, 663, 664]"
300,2,"[665, 666]"
301,2,"[667, 668]"
302,2,"[669, 670]"
303,5,"[671, 672, 1847, 1848, 2119]"
304,2,"[674, 675]"
305,2,"[676, 677]"
306,2,"[679, 680]"
307,2,"[681, 682]"
308,3,"[683, 684, 2017]"
309,3,"[685, 686, 1080]"
310,2,"[687, 688]"
311,3,"[689, 690, 949]"
312,2,"[692, 693]"
313,4,"[694, 695, 1192, 1896]"
314,3,"[697, 698, 1875]"
315,2,"[699, 700]"
316,2,"[701, 702]"
317,2,"[703, 704]"
318,7,"[705, 706, 963, 1102, 1223, 1376, 1703]"
319,3,"[707, 708, 747]"
320,2,"[710, 711]"
321,2,"[712, 713]"
322,2,"[715, 716]"
323,7,"[721, 722, 1634, 1635, 1636, 1694, 2083]"
324,3,"[723, 724, 1899]"
325,2,"[725, 726]"
326,2,"[734, 735]"
327,2,"[736, 737]"
328,2,"[738, 739]"
329,2,"[740, 741]"
330,5,"[742, 743, 744, 1359, 2303]"
331,2,"[749, 750]"
332,2,"[751, 752]"
333,2,"[753, 754]"
334,3,"[755, 756, 757]"
335,2,"[758, 759]"
336,4,"[760, 761, 880, 1242]"
337,3,"[764, 765, 1747]"
338,2,"[766, 767]"
339,2,"[768, 769]"
340,3,"[770, 771, 2281]"
341,2,"[772, 773]"
342,2,"[774, 775]"
343,2,"[776, 777]"
344,5,"[778, 779, 780, 1769, 1817]"
345,2,"[781, 782]"
346,2,"[783, 784]"
347,10,"[785, 786, 934, 935, 936, 1825, 1983, 2127, 2170, 2293]"
348,2,"[788, 789]"
349,2,"[790, 791]"
350,2,"[792, 793]"
351,2,"[796, 797]"
352,2,"[798, 799]"
353,2,"[800, 801]"
354,2,"[802, 803]"
355,2,"[804, 805]"
356,2,"[806, 807]"
357,4,"[808, 809, 1975, 1976]"
358,2,"[810, 811]"
359,4,"[813, 814, 889, 1785]"
360,3,"[815, 816, 1254]"
361,2,"[817, 818]"
362,2,"[819, 820]"
363,2,"[821, 822]"
364,3,"[823, 824, 2084]"
365,2,"[825, 826]"
366,3,"[828, 829, 830]"
367,2,"[831, 832]"
368,2,"[833, 834]"
369,3,"[835, 836, 1845]"
370,2,"[837, 838]"
371,2,"[840, 841]"
372,2,"[842, 843]"
373,3,"[845, 846, 1989]"
374,2,"[851, 852]"
375,2,"[853, 854]"
376,2,"[855, 856]"
377,3,"[857, 858, 1465]"
378,2,"[859, 860]"
379,2,"[862, 863]"
380,2,"[864, 865]"
381,3,"[866, 867, 2078]"
382,2,"[868, 869]"
383,2,"[870, 871]"
384,2,"[872, 873]"
385,2,"[874, 875]"
386,2,"[876, 877]"
387,2,"[878, 879]"
388,2,"[881, 882]"
389,5,"[883, 884, 885, 886, 1678]"
390,2,"[887, 888]"
391,2,"[890, 891]"
392,3,"[892, 893, 918]"
393,2,"[894, 895]"
394,2,"[896, 897]"
395,2,"[898, 899]"
396,2,"[900, 901]"
397,2,"[902, 903]"
398,2,"[904, 905]"
399,4,"[906, 907, 1148, 1149]"
400,2,"[908, 909]"
401,3,"[910, 911, 1786]"
402,3,"[912, 913, 2118]"
403,3,"[914, 915, 1400]"
404,2,"[916, 917]"
405,2,"[920, 921]"
406,2,"[922, 923]"
407,2,"[924, 925]"
408,2,"[926, 927]"
409,2,"[928, 929]"
410,5,"[930, 931, 932, 2136, 2263]"
411,2,"[939, 940]"
412,3,"[941, 942, 1325]"
413,2,"[943, 944]"
414,2,"[945, 946]"
415,2,"[947, 948]"
416,2,"[950, 951]"
417,3,"[952, 953, 1183]"
418,2,"[955, 956]"
419,2,"[957, 958]"
420,3,"[959, 960, 1799]"
421,2,"[961, 962]"
422,3,"[965, 966, 1389]"
423,5,"[967, 968, 1493, 1494, 1533]"
424,2,"[969, 970]"
425,2,"[971, 972]"
426,2,"[973, 974]"
427,2,"[975, 976]"
428,2,"[977, 978]"
429,2,"[982, 983]"
430,2,"[984, 985]"
431,2,"[986, 987]"
432,4,"[988, 989, 1307, 1656]"
433,2,"[990, 991]"
434,2,"[992, 993]"
435,2,"[994, 995]"
436,2,"[997, 998]"
437,3,"[999, 1000, 2332]"
438,4,"[1001, 1002, 1888, 1889]"
439,2,"[1003, 1004]"
440,4,"[1005, 1006, 1679, 2174]"
441,2,"[1007, 1008]"
442,2,"[1009, 1010]"
443,2,"[1011, 1012]"
444,3,"[1013, 1014, 1936]"
445,2,"[1015, 1016]"
446,2,"[1017, 1018]"
447,2,"[1029, 1030]"
448,2,"[1031, 1032]"
449,2,"[1033, 1034]"
450,2,"[1035, 1036]"
451,2,"[1037, 1038]"
452,2,"[1039, 1040]"
453,2,"[1043, 1044]"
454,2,"[1045, 1046]"
455,3,"[1047, 1048, 2176]"
456,2,"[1049, 1050]"
457,2,"[1051, 1052]"
458,2,"[1054, 1055]"
459,2,"[1056, 1057]"
460,2,"[1058, 1059]"
461,2,"[1060, 1061]"
462,2,"[1062, 1063]"
463,2,"[1064, 1065]"
464,2,"[1066, 1067]"
465,2,"[1068, 1069]"
466,3,"[1070, 1071, 1490]"
467,2,"[1072, 1073]"
468,3,"[1074, 1075, 1076]"
469,2,"[1077, 1078]"
470,2,"[1081, 1082]"
471,2,"[1083, 1084]"
472,3,"[1085, 1086, 1838]"
473,2,"[1087, 1088]"
474,2,"[1089, 1090]"
475,2,"[1092, 1093]"
476,2,"[1094, 1095]"
477,3,"[1096, 1097, 1466]"
478,2,"[1098, 1099]"
479,2,"[1100, 1101]"
480,2,"[1103, 1104]"
481,2,"[1105, 1106]"
482,2,"[1107, 1108]"
483,3,"[1110, 1111, 1943]"
484,2,"[1112, 1113]"
485,2,"[1115, 1116]"
486,2,"[1119, 1120]"
487,3,"[1121, 1122, 2315]"
488,2,"[1123, 1124]"
489,2,"[1125, 1126]"
490,5,"[1127, 1128, 1322, 1895, 2001]"
491,2,"[1129, 1130]"
492,2,"[1131, 1132]"
493,2,"[1133, 1134]"
494,3,"[1135, 1136, 1406]"
495,2,"[1137, 1138]"
496,2,"[1139, 1140]"
497,2,"[1141, 1142]"
498,2,"[1143, 1144]"
499,3,"[1145, 1146, 1147]"
500,2,"[1150, 1151]"
501,3,"[1152, 1153, 1324]"
502,3,"[1154, 1155, 2122]"
503,2,"[1156, 1157]"
504,2,"[1158, 1159]"
505,2,"[1160, 1161]"
506,3,"[1162, 1163, 1367]"
507,2,"[1164, 1165]"
508,2,"[1166, 1167]"
509,2,"[1168, 1169]"
510,2,"[1170, 1171]"
511,2,"[1172, 1173]"
512,4,"[1174, 1175, 1905, 2095]"
513,2,"[1176, 1177]"
514,2,"[1178, 1179]"
515,2,"[1180, 1181]"
516,2,"[1184, 1185]"
517,3,"[1189, 1190, 2225]"
518,2,"[1193, 1194]"
519,2,"[1195, 1196]"
520,3,"[1198, 1199, 1449]"
521,2,"[1200, 1201]"
522,2,"[1202, 1203]"
523,2,"[1205, 1206]"
524,3,"[1207, 1208, 2171]"
525,5,"[1209, 1210, 1629, 1630, 1713]"
526,2,"[1212, 1213]"
527,4,"[1214, 1215, 1286, 1418]"
528,2,"[1216, 1217]"
529,2,"[1218, 1219]"
530,2,"[1221, 1222]"
531,2,"[1224, 1225]"
532,4,"[1226, 1227, 1654, 1655]"
533,2,"[1229, 1230]"
534,3,"[1231, 1232, 1986]"
535,2,"[1233, 1234]"
536,2,"[1235, 1236]"
537,2,"[1237, 1238]"
538,2,"[1239, 1240]"
539,2,"[1243, 1244]"
540,5,"[1246, 1247, 1512, 2110, 2111]"
541,2,"[1248, 1249]"
542,2,"[1250, 1251]"
543,2,"[1252, 1253]"
544,9,"[1255, 1256, 1287, 1288, 1534, 1535, 1580, 1581, 1864]"
545,2,"[1258, 1259]"
546,2,"[1260, 1261]"
547,2,"[1262, 1263]"
548,4,"[1264, 1265, 2182, 2294]"
549,2,"[1267, 1268]"
550,2,"[1270, 1271]"
551,2,"[1272, 1273]"
552,2,"[1274, 1275]"
553,2,"[1276, 1277]"
554,2,"[1278, 1279]"
555,2,"[1280, 1281]"
556,2,"[1282, 1283]"
557,2,"[1284, 1285]"
558,2,"[1289, 1290]"
559,2,"[1291, 1292]"
560,2,"[1293, 1294]"
561,3,"[1295, 1296, 1422]"
562,2,"[1297, 1298]"
563,2,"[1299, 1300]"
564,2,"[1301, 1302]"
565,2,"[1303, 1304]"
566,2,"[1308, 1309]"
567,2,"[1310, 1311]"
568,4,"[1312, 1313, 1314, 1663]"
569,2,"[1315, 1316]"
570,2,"[1317, 1318]"
571,2,"[1319, 1320]"
572,2,"[1326, 1327]"
573,2,"[1329, 1330]"
574,2,"[1333, 1334]"
575,2,"[1336, 1337]"
576,2,"[1338, 1339]"
577,3,"[1340, 1341, 1886]"
578,2,"[1342, 1343]"
579,2,"[1344, 1345]"
580,2,"[1346, 1347]"
581,3,"[1348, 1349, 2298]"
582,3,"[1350, 1351, 1352]"
583,2,"[1353, 1354]"
584,2,"[1355, 1356]"
585,2,"[1357, 1358]"
586,3,"[1360, 1361, 1362]"
587,2,"[1363, 1364]"
588,2,"[1365, 1366]"
589,2,"[1368, 1369]"
590,2,"[1370, 1371]"
591,2,"[1372, 1373]"
592,2,"[1374, 1375]"
593,2,"[1379, 1380]"
594,2,"[1381, 1382]"
595,2,"[1383, 1384]"
596,2,"[1385, 1386]"
597,2,"[1387, 1388]"
598,2,"[1390, 1391]"
599,2,"[1392, 1393]"
600,2,"[1394, 1395]"
601,2,"[1396, 1397]"
602,2,"[1398, 1399]"
603,2,"[1401, 1402]"
604,3,"[1403, 1404, 1405]"
605,3,"[1407, 1408, 1596]"
606,2,"[1409, 1410]"
607,2,"[1411, 1412]"
608,2,"[1413, 1414]"
609,2,"[1415, 1416]"
610,2,"[1420, 1421]"
611,2,"[1423, 1424]"
612,2,"[1425, 1426]"
613,2,"[1430, 1431]"
614,3,"[1432, 1433, 1542]"
615,2,"[1434, 1435]"
616,3,"[1436, 1437, 2069]"
617,2,"[1439, 1440]"
618,3,"[1442, 1443, 1444]"
619,2,"[1447, 1448]"
620,3,"[1450, 1451, 1452]"
621,2,"[1455, 1456]"
622,2,"[1457, 1458]"
623,2,"[1461, 1462]"
624,2,"[1463, 1464]"
625,2,"[1467, 1468]"
626,2,"[1469, 1470]"
627,2,"[1471, 1472]"
628,2,"[1473, 1474]"
629,2,"[1476, 1477]"
630,3,"[1478, 1479, 1869]"
631,2,"[1480, 1481]"
632,2,"[1482, 1483]"
633,2,"[1484, 1485]"
634,2,"[1486, 1487]"
635,2,"[1488, 1489]"
636,2,"[1491, 1492]"
637,2,"[1495, 1496]"
638,3,"[1497, 1498, 1872]"
639,2,"[1499, 1500]"
640,2,"[1503, 1504]"
641,2,"[1505, 1506]"
642,2,"[1507, 1508]"
643,3,"[1510, 1511, 2162]"
644,3,"[1513, 1514, 1952]"
645,2,"[1515, 1516]"
646,2,"[1517, 1518]"
647,2,"[1519, 1520]"
648,2,"[1521, 1522]"
649,2,"[1525, 1526]"
650,2,"[1527, 1528]"
651,2,"[1529, 1530]"
652,2,"[1531, 1532]"
653,2,"[1536, 1537]"
654,2,"[1538, 1539]"
655,2,"[1540, 1541]"
656,2,"[1543, 1544]"
657,2,"[1545, 1546]"
658,2,"[1547, 1548]"
659,2,"[1549, 1550]"
660,2,"[1551, 1552]"
661,2,"[1553, 1554]"
662,2,"[1555, 1556]"
663,2,"[1558, 1559]"
664,2,"[1560, 1561]"
665,2,"[1563, 1564]"
666,3,"[1565, 1566, 1863]"
667,2,"[1568, 1569]"
668,2,"[1570, 1571]"
669,2,"[1572, 1573]"
670,2,"[1574, 1575]"
671,3,"[1576, 1577, 2006]"
672,2,"[1578, 1579]"
673,2,"[1583, 1584]"
674,3,"[1585, 1586, 2271]"
675,2,"[1588, 1589]"
676,2,"[1590, 1591]"
677,2,"[1592, 1593]"
678,2,"[1594, 1595]"
679,2,"[1597, 1598]"
680,2,"[1599, 1600]"
681,2,"[1601, 1602]"
682,2,"[1603, 1604]"
683,2,"[1605, 1606]"
684,2,"[1607, 1608]"
685,2,"[1609, 1610]"
686,3,"[1611, 1612, 2060]"
687,9,"[1615, 1616, 1779, 1780, 1781, 1782, 1820, 2033, 2098]"
688,2,"[1617, 1618]"
689,2,"[1619, 1620]"
690,2,"[1621, 1622]"
691,2,"[1623, 1624]"
692,2,"[1625, 1626]"
693,3,"[1627, 1628, 2228]"
694,2,"[1631, 1632]"
695,2,"[1638, 1639]"
696,3,"[1640, 1641, 2335]"
697,2,"[1643, 1644]"
698,2,"[1645, 1646]"
699,3,"[1647, 1648, 1744]"
700,2,"[1649, 1650]"
701,2,"[1652, 1653]"
702,2,"[1657, 1658]"
703,3,"[1659, 1660, 1996]"
704,2,"[1661, 1662]"
705,2,"[1664, 1665]"
706,2,"[1666, 1667]"
707,2,"[1669, 1670]"
708,2,"[1671, 1672]"
709,2,"[1673, 1674]"
710,2,"[1676, 1677]"
711,3,"[1680, 1681, 2306]"
712,5,"[1682, 1683, 1684, 1902, 2287]"
713,2,"[1687, 1688]"
714,2,"[1689, 1690]"
715,2,"[1691, 1692]"
716,2,"[1695, 1696]"
717,2,"[1697, 1698]"
718,2,"[1699, 1700]"
719,2,"[1701, 1702]"
720,4,"[1704, 1705, 1706, 1726]"
721,2,"[1707, 1708]"
722,2,"[1709, 1710]"
723,2,"[1711, 1712]"
724,3,"[1714, 1715, 2048]"
725,2,"[1716, 1717]"
726,4,"[1718, 1719, 1959, 2240]"
727,2,"[1720, 1721]"
728,2,"[1722, 1723]"
729,2,"[1724, 1725]"
730,2,"[1727, 1728]"
731,2,"[1729, 1730]"
732,2,"[1731, 1732]"
733,2,"[1733, 1734]"
734,2,"[1736, 1737]"
735,3,"[1741, 1742, 1743]"
736,2,"[1745, 1746]"
737,2,"[1748, 1749]"
738,2,"[1751, 1752]"
739,2,"[1754, 1755]"
740,2,"[1757, 1758]"
741,2,"[1759, 1760]"
742,2,"[1761, 1762]"
743,2,"[1763, 1764]"
744,2,"[1765, 1766]"
745,2,"[1767, 1768]"
746,2,"[1770, 1771]"
747,2,"[1772, 1773]"
748,2,"[1774, 1775]"
749,2,"[1777, 1778]"
750,2,"[1783, 1784]"
751,2,"[1787, 1788]"
752,2,"[1789, 1790]"
753,2,"[1791, 1792]"
754,3,"[1793, 1794, 1924]"
755,2,"[1795, 1796]"
756,2,"[1797, 1798]"
757,2,"[1800, 1801]"
758,2,"[1802, 1803]"
759,2,"[1804, 1805]"
760,2,"[1806, 1807]"
761,2,"[1808, 1809]"
762,2,"[1810, 1811]"
763,2,"[1812, 1813]"
764,3,"[1814, 1815, 1816]"
765,2,"[1818, 1819]"
766,2,"[1821, 1822]"
767,2,"[1823, 1824]"
768,2,"[1826, 1827]"
769,2,"[1828, 1829]"
770,2,"[1830, 1831]"
771,2,"[1832, 1833]"
772,2,"[1834, 1835]"
773,2,"[1836, 1837]"
774,2,"[1839, 1840]"
775,2,"[1841, 1842]"
776,2,"[1843, 1844]"
777,3,"[1850, 1851, 1852]"
778,2,"[1853, 1854]"
779,2,"[1855, 1856]"
780,2,"[1857, 1858]"
781,4,"[1859, 1860, 1861, 2014]"
782,2,"[1865, 1866]"
783,2,"[1867, 1868]"
784,2,"[1870, 1871]"
785,2,"[1873, 1874]"
786,2,"[1876, 1877]"
787,3,"[1878, 1879, 2288]"
788,2,"[1880, 1881]"
789,2,"[1882, 1883]"
790,2,"[1884, 1885]"
791,2,"[1891, 1892]"
792,2,"[1893, 1894]"
793,2,"[1897, 1898]"
794,2,"[1900, 1901]"
795,2,"[1903, 1904]"
796,2,"[1906, 1907]"
797,2,"[1908, 1909]"
798,2,"[1910, 1911]"
799,2,"[1912, 1913]"
800,2,"[1914, 1915]"
801,2,"[1916, 1917]"
802,2,"[1918, 1919]"
803,2,"[1920, 1921]"
804,2,"[1922, 1923]"
805,2,"[1925, 1926]"
806,2,"[1927, 1928]"
807,2,"[1929, 1930]"
808,2,"[1931, 1932]"
809,2,"[1933, 1934]"
810,2,"[1937, 1938]"
811,2,"[1939, 1940]"
812,2,"[1941, 1942]"
813,2,"[1944, 1945]"
814,2,"[1946, 1947]"
815,2,"[1948, 1949]"
816,2,"[1950, 1951]"
817,3,"[1953, 1954, 1955]"
818,2,"[1957, 1958]"
819,2,"[1960, 1961]"
820,2,"[1962, 1963]"
821,3,"[1964, 1965, 1966]"
822,2,"[1968, 1969]"
823,2,"[1970, 1971]"
824,2,"[1972, 1973]"
825,2,"[1978, 1979]"
826,2,"[1980, 1981]"
827,2,"[1984, 1985]"
828,2,"[1987, 1988]"
829,2,"[1990, 1991]"
830,2,"[1992, 1993]"
831,2,"[1997, 1998]"
832,2,"[1999, 2000]"
833,2,"[2002, 2003]"
834,2,"[2004, 2005]"
835,2,"[2008, 2009]"
836,2,"[2010, 2011]"
837,2,"[2012, 2013]"
838,2,"[2015, 2016]"
839,3,"[2019, 2020, 2186]"
840,2,"[2021, 2022]"
841,2,"[2023, 2024]"
842,2,"[2025, 2026]"
843,2,"[2027, 2028]"
844,2,"[2029, 2030]"
845,2,"[2031, 2032]"
846,2,"[2034, 2035]"
847,2,"[2036, 2037]"
848,2,"[2038, 2039]"
849,2,"[2040, 2041]"
850,2,"[2044, 2045]"
851,2,"[2046, 2047]"
852,2,"[2049, 2050]"
853,2,"[2051, 2052]"
854,4,"[2053, 2054, 2181, 2231]"
855,2,"[2056, 2057]"
856,2,"[2058, 2059]"
857,2,"[2061, 2062]"
858,2,"[2063, 2064]"
859,2,"[2065, 2066]"
860,2,"[2067, 2068]"
861,2,"[2070, 2071]"
862,2,"[2072, 2073]"
863,2,"[2074, 2075]"
864,2,"[2076, 2077]"
865,2,"[2079, 2080]"
866,2,"[2081, 2082]"
867,2,"[2085, 2086]"
868,2,"[2089, 2090]"
869,2,"[2091, 2092]"
870,2,"[2093, 2094]"
871,2,"[2096, 2097]"
872,2,"[2100, 2101]"
873,2,"[2102, 2103]"
874,2,"[2104, 2105]"
875,2,"[2106, 2107]"
876,2,"[2108, 2109]"
877,2,"[2114, 2115]"
878,2,"[2116, 2117]"
879,2,"[2120, 2121]"
880,2,"[2123, 2124]"
881,2,"[2125, 2126]"
882,2,"[2128, 2129]"
883,2,"[2131, 2132]"
884,2,"[2137, 2138]"
885,2,"[2139, 2140]"
886,2,"[2141, 2142]"
887,2,"[2143, 2144]"
888,2,"[2145, 2146]"
889,2,"[2147, 2148]"
890,2,"[2149, 2150]"
891,2,"[2151, 2152]"
892,2,"[2153, 2154]"
893,2,"[2155, 2156]"
894,2,"[2158, 2159]"
895,2,"[2160, 2161]"
896,2,"[2163, 2164]"
897,2,"[2165, 2166]"
898,2,"[2167, 2168]"
899,2,"[2172, 2173]"
900,2,"[2177, 2178]"
901,2,"[2179, 2180]"
902,3,"[2183, 2184, 2185]"
903,2,"[2187, 2188]"
904,2,"[2190, 2191]"
905,2,"[2192, 2193]"
906,2,"[2194, 2195]"
907,2,"[2196, 2197]"
908,2,"[2198, 2199]"
909,2,"[2202, 2203]"
910,2,"[2204, 2205]"
911,2,"[2206, 2207]"
912,2,"[2208, 2209]"
913,2,"[2211, 2212]"
914,2,"[2213, 2214]"
915,2,"[2215, 2216]"
916,2,"[2217, 2218]"
917,2,"[2220, 2221]"
918,2,"[2223, 2224]"
919,2,"[2226, 2227]"
920,2,"[2229, 2230]"
921,2,"[2232, 2233]"
922,2,"[2234, 2235]"
923,2,"[2236, 2237]"
924,2,"[2241, 2242]"
925,2,"[2243, 2244]"
926,2,"[2246, 2247]"
927,2,"[2248, 2249]"
928,2,"[2250, 2251]"
929,2,"[2253, 2254]"
930,2,"[2255, 2256]"
931,2,"[2257, 2258]"
932,2,"[2259, 2260]"
933,2,"[2261, 2262]"
934,2,"[2264, 2265]"
935,2,"[2267, 2268]"
936,2,"[2269, 2270]"
937,2,"[2272, 2273]"
938,2,"[2276, 2277]"
939,2,"[2279, 2280]"
940,2,"[2282, 2283]"
941,2,"[2285, 2286]"
942,2,"[2289, 2290]"
943,2,"[2291, 2292]"
944,2,"[2296, 2297]"
945,2,"[2299, 2300]"
946,2,"[2301, 2302]"
947,2,"[2304, 2305]"
948,2,"[2307, 2308]"
949,2,"[2309, 2310]"
950,2,"[2311, 2312]"
951,2,"[2313, 2314]"
952,2,"[2316, 2317]"
953,2,"[2318, 2319]"
954,2,"[2320, 2321]"
955,2,"[2322, 2323]"
956,2,"[2324, 2325]"
957,2,"[2326, 2327]"
958,2,"[2328, 2329]"
959,2,"[2330, 2331]"
960,2,"[2333, 2334]"
