address,address_id
77966b57f4a0ec318774a4993309a49f21b91f2ebacdefee7c813f15d3c95a13,0
21586d4a58ea616e38ad48d7f0adf61483c9006178f302a07e27ddcbf858114e,1
2dc967c774f4b55efa24ea6ab5d00dbd1d6ff44684d2f1acdab2103ddac0255f,2
781d7dbf6a54b0a8e5cc26edf1a59ae5154dde0c92d578873ae00dece3ba0c1b,3
dccdd2f9f76457c2765a4ea5a9bfe2e93db680d7bccfd300e68fd745d3d21ed3,4
0d2e4cff6e8a77123c01091a33992ef1b5be0f5c044f9a6fb717908da3c104db,5
3bd5575fb30c3b68604c47b575bf2689e0e034973db983317cf4120945db55b7,6
2daf05cf35f3b9d8aeb8f22ddc02e51953b312ad5e5514459eaa7c1852e2f388,7
038b1f6e66ad743f5b5247bf779bf7f718279ee85f7540812bd8dabeba5c92c5,8
5f763214f8fd081e78940356b8f25797f65b64ed11155b2779f6fbd560985383,9
0a41738131b3d467ff155eebcb412e18d8bdcb812040e3c38e4a3fbf6159ee53,10
cd9a02a4ea79d25f84220ad5837c58c4f03ae0def73c620799a34139ff0d9a9d,11
2784f347d52d912327913b500473e77d20d9133817acb1ab829174215e3d6bb4,12
08386d87bdb69c20b7ae2176b6afd01e1916f48c3cf143a95e563af6507c105a,13
c5a06d632b74ef19e7d4b268c1a84e2d812fea0f6bf9d40e6cfff0f0f8776949,14
11d8731fa94ce20b427c2337051f9c13823ea33bb5fa0f2f5002aa11d6e1ab79,15
a1690471ec9e967b8b77942de6d43f64d207260272f2220ace49d10bfd8ec6de,16
b42f546ccd0373dbc490bf139d973eace41d57d0828731e9b6fe6300e365440a,17
d33462a1d1687ce13cf85a1633755f97701d78245234435a967d70d5c2d888fc,18
68315e2d49519921724fad50fa63f3fa5d2f239ff4847800e4d187b412dfa652,19
f8135503e31a96ccc2c0d1a2d65f386906b2ef89de164d688b88b11e23235aa0,20
98f110ef6ff7f3a2edc543c1d7cb01fc0aa78355985ad3411893ddbce6ee559d,21
9ccceae0e56bc4f298777e1b3d55abffc3958ce218abb8e8810a9c0f1d4ef313,22
0af5fd6c4f95e7035eff22005b89571c8910e7e14680aabdf5cc15eeaeb9de1b,23
c5c068dd611e6221182126960d7f9fd0c35bb38a7dc544cfe8ce229aabde32a9,24
ffe12df49f2acf0d304d88e68e414261f0a1d8df969b1a638ad5b372cd1e9f4e,25
33cdcd6186cc6afc9ba084a1f7f3278742919d740d9daf75f3ae477126b9a01b,26
7c040d0eb72fbc0bdcd1457bbf40ec9dfd6b209a921e8371fe14fbf9011b7884,27
713ee57e07f1dd51bf279f78e51ff77e1479bf668eed5df9420e62f86d2d7be4,28
44745b0d3991689407fc83244c5dd0280c4223a150574e360172345d1be5bac2,29
09bac10d2c062cd78dc8392c1bf3dfb2686b72e7fa5e5f09853b89c80cbea8f0,30
ec3422cc06acb09f9b5acdedf52e6837fac919a24d69da358e59f0818fa9864f,31
eb03257d5937db96253e5418d1c433e4d6ed064b3e623345360d36a54d547b22,32
d94a56f2975ff728bc91b746e91b9c0efd150314c447f7ade5c81c79f746a5d5,33
e7e7e2abd42d4ed05a54c34d2ae46da89f9573656f6617f75a8128d90ed68898,34
9650bd888d2d4437461bfa921a54a99855fbf93a7fa053bcba476859a1f0c277,35
c9bd3c276c7ffd2866cee90fa1aa84ad7be26aa90980db7ea44d277c515e3dab,36
c7a672280e253b6dc7ef38c082d28e6c0a6b3f7f0b066d357ef36af0ea6378ea,37
d3a40b1bcebbd767ea4a463448dd890d2ba8e9c085b115d98be4d5722d9cef39,38
4bbd9737fa6555cf14d21c7e22db4e977cf430aa420909b19242975c4d3b5718,39
bc8cf12ae6d2a8124c2ec1173eb7dd1511db10fe3423591fd8247636098a2c6b,40
d01fc4eaa99d2ddd68b31622126cef84541a1aa281c5a59e4aa431f626c90fa2,41
19d3548b5e631da5b906b17154f193c3a79b189430ad26f41cedf957ec273598,42
03975820590165396eaae6910304055a64845f7e290f9ea2317539fa1673412d,43
7d5a42e49fb4015e0a26c3078e1fc83feac8a604709527a96741cfe171c16e73,44
32bb2b036f539c65a7662ee82775f31d3e5ae15d6a5db8263d50428a08bebb19,45
eb28c09e0696eb935baaa3b4bed02c3772b6c5c885b9c287f332e21ed3f67b73,46
89236a89bd2b063650c74c36f618aad3a0fdbccc9d70795e4134e4bcea256792,47
5f2dcc2c12c339c2a4f38446d40fc3d014127d04cd3409ef4e31bc0cee12e6f7,48
4fa803a26e36f5836bfecf950730d1a985c7fcecf03a0e45c30de528dd182a07,49
7c6f00cbb0091227ca99c492f9647952df3b46d41329d6402919391b98c16ffe,50
12a449f7d4d600378e0ab51141c633fe3b79c480695d8d17e32af144ab7263a8,51
ccc2a9d344ce5697e549c78c7ccc28e8f28c67a7311e3e6104b9c3e0c1e1bd5f,52
8f80893bce7b22fa3618a44949a9aebc1be8bbee1a4a8a30c49a0a808e586a38,53
9c82b245711914136a0ccf150287504ab86d892db099bf8da04f1b86618eb334,54
b63327d32d3ea8cb68ec1192bc154e0fc1eeb421a63290a39407853610260715,55
ec983616d268a3730a5b5200a332fe161fb699ff02c5ba79504691b691a209c6,56
b22105f539badfe9edf578211cfc800d12e04b2b7d275bc3987d9bb3cd296aef,57
d4740c060ad37e1dfe2208a0b1003166df42c9d774279ed6e9f79e93a153e311,58
b9505d6c6e7631efdc7158f3fb2a9b02ab3dc757402618b2cabb889c34e89396,59
a919c5e517c12b71e31b0651b15e686c9a0f4e13b6a6d0ccfd50bc61ccaf2950,60
b7d11fe8d3d097367f2ab8639b9b1ebf53a889121225af400eaa065dc9e43df2,61
ddcb0cd4778ca858689e7b9355950f988026fc27aff0ae85e74e9c76245dbcd3,62
547fc384bd7bf3c6202bd6565a0eb4a0ae8304d42198e11ea789fdc203951316,63
3b3cadcb49b4d8ff921981cd4d1852c7df3efce92bee7eeb2aa46c0eb4465f9c,64
84d43e468ade98ffb82eaf6fb97071f3a7cbdb9c870af0d08a18fb8c846d561d,65
dea0b57213ff1aa3bdbcaed8a4b4339fbe3f6166bcaea997a523cf5531106513,66
8fb5bac666dbae4114a823fe130148b9410a70bb9208afa61c971922be64e2f4,67
a24586c0b4f39b6acae004b937faab572633d0dfad59da796522c54d7fce2050,68
3541dff6fdbb4632720088399ae2118abefcb0e2ff8af6ad68945c103852560b,69
f2475d069d57bfb49f8a7736114d88e40151197eb11f5dee16da3115fe2492ee,70
b3790469b4d691eff132ffe12cb91646c85572b5ba0f7292aefbb1826bd642f5,71
9a8ab452542ce90c6a805222bdd17c3fa4edea37e0791064360f57eb4dd0dc29,72
23115218d7c97bc6549380a81ac466be8c73f5650552f8b6cd86a98513c8bf98,73
23887b7ec04a3212fc1206fb5ffea1e148b72464591b5f2b429ccf0bbd26508d,74
16873d528a4f052735b643e44171e639c02b6503420eceb1bdceab224e10759e,75
96b2e0419d4713ac8c8e67c9c5b53cd641dcf908f65faff208b283d34e5b7886,76
effec7df80853235e7376d7259783086de760cd4a3590e5858c71e295a22dd7a,77
f2a5853a46a57fa9e042fe5f75b9c70257503403775975ee56afb45b228da8aa,78
533923a4dea28b6d322fb08078471818ba5eba7ee653fb473a0292c538671a60,79
9c770802f92260ec82e5291335274535887110e6a160ec4e6e0870552dc61c56,80
83b53ca6f89672ae59ff35c13982da8c468456f8db24972a8efdf971a197026d,81
4ed8351b30fbb7e464c2d57d6be7cdded4f48e1d4f261807659cc9324ff93fed,82
e9d0d5314b4991f78a5d60da434871937fe52e8eb8078891a33b04a0812b09ce,83
1e20fb73025db8de8bf8f9d4f8ef245b47cd97897c96218c3d897eb3c632c3b1,84
2d67c7c315b12e2c8ab3f2ccb78b6b0e069d94054b4831cfcd8e73793be45ab0,85
ce070bd25e54613d09ef4439327247790e523bab6b35f87534aa8f858259b4be,86
1cde748999bbd53ce3244e0c88bced60c375ba356002a39c3c5bbd7976338cb4,87
115fc5dcc998d0d64c139d4725d7d08553ed20457cb66b5f37356db37e670f33,88
209b099f78ce729f4295da09c4d63aea2120a848b0877f93b163b6629130ba7c,89
a86f7f3e2d40616522d66d408d08fb40798eae1017dcf192c22c4759cca1e915,90
512c8a0a422ba588884e7f6dee626f7bbfc7396f90d6bf05eb972fbbbc0f6f0a,91
9a18d68a9426459ee7bd134602b506399bd198136c2008cb3a85388ffac08977,92
e28c75fbfa798fe800468f5bc9676ab7eb27f59f00fc57d3d987358696bf2a54,93
8611f50598c5cca8bc6331e67427dd11b3869cd27f1db34cee608b04b99de6b6,94
f35f9376946cf52e47432ee2cdbb1c83d13fd8578ce46fa085ee0ee9d4924779,95
54b03733931ed196b14cf1979eeacc8e414ffadf72c52f651dafa9f61f932ad2,96
0487d3343eeabf691212e96c10df22a24c8a9ed85bbb1164b809edfcfec883b1,97
20901f700d4ade1562033f0e12abe3a9e684175e54df545c87262669d551d7f0,98
4a796488ef5672354f3818ebb1d2cd25458307e412004531d136ba0e33aca42f,99
843a2be6855d8d10b1b6382b297c235c98ce7d9f5483dd61b475dcd4f95cc16e,100
c1b27e623dd335d7b2fe2a9a1833d1a2439708aba7363f9cb9c8ef57fee0418c,101
7b7b5951e6e871bbc118f5f4a74aacdf1ecfc1d352a76f91d4e0ce3495772462,102
f76d82501413592ec21cdb44dfc32f77cfb66acf379367e0f4e9233f28feef40,103
acfb954480cfc94cfb895d95a6a2619579cbc1cdb4e5c17d0fb75dde17559a90,104
9c304838dfd86b8f1968a96169e4105923847b8548d364c54ff143184dc919eb,105
d50716144a5d50d47d7918143685adea58a606fa10e94a4afd1badb09be83130,106
4ac776154cded37450a6f8a2ef05408bd91e8d1adab8cabd4079f32501cc1bcb,107
3a5c890b2b16552d9dde24585632ef2ffa1407d8efca1bf09e6d68f3c06ccd74,108
5d90f162f351616517dba8ed8f0385d0bf7156a7708e0ee36213558ecfbcb1d8,109
4ab2b2f7aeeb41782ff52f840ab137cb5aec2cfbcf5a867f0320b5a990d1ec99,110
f6cd49e48f3f6650736afb810b2834cc4ddc4a19995d9d70407ff9921b9ffc4c,111
5aefe5db422bc40be31c63184f019047de362e7ea5d6db8f11e77bd26cc0e986,112
ac4a777643b6dc5bb6ddb2ba8cff59452afe81b6b739e105b17112afa208282b,113
1c93ffbd4f5ab440019bf6a3547fcb78055e9c4d28f7ee0c19505f7819b0752e,114
3b4df4689e3506f2c26885e188668f640bdf74625c6014fc65cd3c1591b2a97e,115
d5b24842148abc53fb1209f76b04c52929f5d1abbbbf93741873e191d5263765,116
4855b14244678da50d2c33670dcfd48ad1125cea95c8c498040505d191abb15c,117
3ab4050c62ca167bdfba0fc54441cb05c89b36933473804ab9f11743b002e2cc,118
bea2609a443eac3ebb0a5e40b7e587154be0fd51a8d16637c289b08edeab31d0,119
494106be484232b375fcfd0344325fafefcc02dc9a6ea515c2594ea1b3547979,120
61d05c3c8e1d6b7ccdec5353cc50830e83e71389bed07515ff761f4cd312031d,121
bf1c517753a18621fdf9f1c5ff433359706a346718c605b9bafc74d022f890a0,122
72717a992f81b07aa004001d09353d5bc69abc28021e7a53603f0fa37d35efa8,123
0263ee397808cd67285d66c8e411abb19da30dd4e1a3708d2531049a1412f925,124
b4314b78afda490b7bc874d6e085a821c2c88a59f9d865606f2be47346bf3486,125
02b87fba73e99290841b41a31270467a43f9f682f8872a38efde0a52e6542708,126
93638e78652c71ada77974ef67f201761d9fe8ce3b2f53b47236d75059f039c1,127
11667e25552a609de836b93838fe956ccb0fbaa9b84652e1286761ebbbfddc37,128
ccd3c99df3b7f088e9644dd4b49ec68f7832054af53cc5c788aeb524e92cd75d,129
0d277fc50d9f7334cf108db746c5d0098c638386375048365fec6fd5d1b31138,130
98b14264a6360ad2baae0f28c6e11f022ec4facdbb3f6d2253a5b64bfa26680b,131
c33d310336ea2966c21e449bff78002a733c01621696ee64b142ee9f206de968,132
9f7621b40d75dec5a8952d72e0866a985cecd2a5f6f9c26074aca3f901499e2c,133
a07e4be34810e35de3a40e04c3c328719983ae5f805ea55492af1f9c5ba7dd17,134
e1227ca52f4e9804a9cbb9eb0c571cb1b0aa5fdcebceb05023abe92d99221142,135
94a7001fc07a08ac88cea7fe129aaa990608b9ff0bf67b011d8b94eb93fec29c,136
87da20abf631893dbb72f7e0cd8d247108ce2dd4b804e7cafb06ced3861de0ce,137
4f5e8ee4e053733bab00869904ae4af1bd5078bc34f01de9e1ef59cf57207ac8,138
9a652eb530b8b83b6bdee3f0fb6eadfbfc6e0528a945b49cbc0cd2f18dc7f6c2,139
8f8ffb7791eb2bbd65b39f371df7c25390980da923bdf0dd2e22c74d7e0ce466,140
da7ce1a2cb1031560d37540ca5166964947ee45d2497fc066753e9b80fa4e666,141
728c143dceaeab70d4f99d7edf0a919da8468f15c4b3c8bd9e25bb5ec972cafb,142
8191758eb6db2f8742456b6bf0fa57e773d05a0bdb87629002c2efc85ad7a31b,143
322cb2fcbd32df2aa37e6987f1df2fee53de1036e86b51a5355a26ee68348ed0,144
a39aca322ac53dbc8ac0b3e9c3dbe836f6110214c38850960d398c9d668e29ee,145
8bcb3c610aff61249672a888352fa22ef60e13e8b8b0fde95b4681d8c3467982,146
0f449b002ff9b16f6bc0b0e934a57e5ad1b59ae116991eb11ce04fabe721b2fe,147
4ccc9f56db21e71d1aa2f5947855d1403f4533ea7c2a88401dc593d9a051cc72,148
8958e1eed307633d4cf1840ed52dffde5be305f0ef0d03e656758d412c4303da,149
0d40056d21db2535dd15afc34f9b6f54ae0d1fa1a54765a9b80ee4f30113e0ed,150
000b2072f4be313a2700fdc8ef64833501f3ad8bb66ec396f47eada0bc81d10d,151
2aa47d71a11cc36c797e2895a1fbb0baba0e7b7b92e0c35d6e37f29fcb5d8939,152
323a177fd6c0e7f9468b8baab5c88e2c922c1d84ab14676fbd774d8d119cf2ff,153
74b3ecca3793d74a05b09f6a3f70b45c327578182fadd60a965e1c5d954d79f6,154
5d5e06d1a7886917a14dcee9279bbb1cfe621780dec96864663e86e834d0461d,155
264fe9255396fc189c5f89051050a31abe7deabf7c0c4901b65332dbdb6ceb60,156
f4fa02c03f815e42a8151def208c003ab772a65e7cc441402b2a9ff5f060b920,157
e54c229dfdc57c164aa6655dd2a8e955bcfe05a6946d0fc143c213ace622b6fd,158
72d309561496b8001afc7c243fc33e73013974d012704102156ed1095339cc6c,159
ce31af0db604f4e35f992bfb653678d83cf2237e4e9f40f425f23fb880e176e7,160
924926f440029bdcf9687435858d15adac530d06a7f690e00b4f9a9ca64511b6,161
40eec4112f46ac66a17f0446384a62b661bd70bcd3ec0e73adaff373484b3775,162
71e931727b5762084b6325cd6c5df4ab4e05c958e34f3a2e57aee24c6030dc7d,163
afdaaff093b068af852fce3a1d659e22b764366dbb2b025221feea74b6ef5cc4,164
18566de4a0ee2cfc7c95486b89cede42814c8f3f950d5af2133d31f4d65e918a,165
d798984a57d48dc47e1329386e56c4eef624a3e34f875ec3124d5f616f13244e,166
b88cafda839de11bbc09f961e8c38979809a2c234dba85689d9b3d7480bb6186,167
cdb16da0287780c8b3e41e96d0f17ffa594e6862902027c5bb5b53420b30f24b,168
35648273a7267db0a0b768c4d322fdbfde958f7c5818823a0093b6ee784c004b,169
c3958c8c421f507ffc1f14d3f785d94705df3f7648770c01eaaa1ef349ba3b75,170
1f438c63b41a4e3dae4c7d6eb7b70375a7f1c5ea79a44f8cdf78eea5fd3f9476,171
3de5570113ff5340b93790e48a71650e0e1f1b99a4aa233fcc1e261f640b0a5a,172
0f8626f70378aa1460df562f8233b4cfd442cde235fba0b44d2d58c25e15c7ed,173
fc62dbe3c4b6b30732198af451f7340b04865c2f9f91dfad4cd846202ce1285e,174
f1bba0420fc73f972b97fc33f0b36fc5761303f46145ad40b7cab235a55070c7,175
7a1404cd55c395134035d2dba10e1e396565a7f0c70677e9430e4a0415e6788c,176
4f1291bac9a83486a2d25b225648979b4188276350df17dd2037c44adb275e85,177
2388489c67147111fd7fa60d0a5f793d1404de3d42aca5e01486a714dbb355f4,178
0a7a13f2bf829917e094d986db663d3dd43422bf0171cb668665b4de54c2395a,179
9b8fcf5c10d6e2546c4427bf8cf3b32da125990359057105205fbe781387b285,180
b70afe917a16156baf892f929424ea58388acd4069d96469780c7a626309a04a,181
d90200b3156e3d016d75ab66ec2f3f433b1cfeac2b11705876f6e840683ef7e8,182
57e2d15338a266eaeec5854ee7bc6c7c115c63e070112a660c85b3f69fbaf8fc,183
b2411ad147ed3d3264c6dab286d46c1fec17263f0406651960dd55d047468a5c,184
3accee464f6b568550ab3dd739bd642113c98b4fef643e78465ee4509e164d03,185
1a1aa086a3b5bcd141dba11165b724f6304c4adfaf81bf343d6d66c1d723bca8,186
0f55f50adaba1ad0ad4d5212a5e30deba61b07d5d38bda63be8c4cb16c36f9e5,187
ab500d68976f6e752ad3292d2e70156a36643c5198f63334b4d190f7f67d41b5,188
ce5b37e7ee62452effea47c2774cb460ffda7b8b0522b531ce5484896cfb32a9,189
354f797d7f8d4ced015859a3f1deab5ad08a6c9c4c16e7417dc392ccaedb3029,190
73a82c11b4f769fcac4632da8a57484cc48392442e5bb2ce60a8f34129a6b993,191
7fd0d62ed08bcab52bc190f26c2ba6deb473ba5d73d9ae9d5eb1224f480daf94,192
f95bebdafe51afc50da8a92151fd90d9aad20c2e31703fa6778b10c59d1203f6,193
334e22196c5d11506ac37067797905dd2d79717d22707ae309ae95e7af022e93,194
00cc3d6386b9d222783c7a54060be7e76fc98ea0f28c2cf071a459feaaea7d60,195
a75e261f31ed18d1a15273386f5b0574badae8ad2ef34f004de1a3643ce209ca,196
7bc731d6d21c02a5574428fb252f9006597e83b5957651ab3405972804ab8796,197
a9cb69ab592227e86fee40dabf943fa6b857a18a50c76a6ef45b3c60761023c8,198
e74272be581f0bb1f175fe91ade58676765fe6df12e9fe309fb943cfb94b7276,199
3b465d0286171460b3f3d44ae15ccacbb99eadc73ca5b1a683ecee013a357bc1,200
c44914911c1f8b7b073cff60d246f82546247a1d29a893b56562bacd1b531679,201
8edc557add51d9466f3e35cc111a0635daa7bff48b7082168aa6f18e208a24e4,202
a54caf83efb26c56365c82bb5d8aaf8c6fe530bc350a6781af520cfeadf698ac,203
307ba7f18e9e9adaf66bb2d9c880d89ecc424c317ddc246eaddd821c7a62bb92,204
0f2e61b3b8e9e3bd549d6dc4ff2da1240ae84ddae1cdf3e1bb0cb7e4753f0a3a,205
b2d5a8f6c06ec2d55a956a27ad4e072895e594edad929ef3f854232ecbce1835,206
494b173909879b4308ece8ea397b953587837994769de6a385849481ea25600b,207
9df5e210b8c609822a72fc1bc2b17a0ed908d4f204df878703d69fe6aefe6933,208
eca4217318f28f25139d568dff6c2f8bee927b069b1c4eaa2973e00dce3b8063,209
461df40a46db5be047e9ee02c22e66cc29c712dc292feb18a7fba3bb6fa291eb,210
6bc2fb2e1257634ce220d12bdb10df325b342ce74c30483f40e0155457663647,211
76cfb173f7f78d116e8f445b44bd9ef91d530b8891fa6402c7a118b6b1bb1666,212
998d6e38c5bb3a9c8a4e493dc264e8df255429440982759f19adec57e5cbff89,213
7f43f98c652b0a6610db35d40d4e7ed22c0b90f4926f7611f9762eaf4f6e8daa,214
65550ecdf713c5b7cdd80ce5f0821d677dd53a1c2a4af1f7520f0f8f1f3b9961,215
04416af784af34f2063c85cde37fc6247a5562776cfb9dee91af40dee6b0f068,216
5d2f0a49318bd4403c0b653fbe8150e7c934473e2df927ce552cc0d557ec6bc3,217
f3eded77062c915b781489dec9ff17cb729e70f03a0b5ebfb98e263990ae1581,218
00f8487d1e64e22b41de0701867571040aeeac0b645dc2c86b2e21f72423a240,219
44a2522433b5ac90076d556c775058efb86e2ed09b1f2a48b7000f605dcde06e,220
4303bb894b34e796c5d18e5fdd2f81d71a64014f64bb38babb2715443ac651db,221
82416a5dc494510d6ed9c45007d87f5a4149d43f39091744b49a4cc1b62a2f8e,222
68a4ac0415adadd8da2a21ffc1ccc1763d69431ae22c501992eb787d3ed43bd9,223
ee5e048380373ecd653cd25000d253e22d3cd62a53e13734bcfab5adcb1c23ed,224
0e02887e4232a9cb30a70142dd14f52fe367cdf620214029ccfba1e765006b6f,225
8c6d87f8d2eaf320823cb1017e735673a010b7d1908ddd05723f385d23c60840,226
bd10520a0cd8c8e1b508c2e86fb227cfd609ff50300d983e8ea85a8b63fff6af,227
e71a49d506d69d262b35f2bc0095e33e5994a2e64cd4b36a81b07ff7da47e4bc,228
4110a44df539234b5ebad74bc8265715cc171c819a9cdca7d301727ad5b1d611,229
8665decf5d11f6406c64232e82a8dd2662c3ab460cf42370db7eccddcae72205,230
404e5bf4bce5fa6c03660a5727df75d85b98736835ff49ef920fdaf0e140688b,231
b1ba73c452f867b5f7a5d6af739bd55e5692d9c68aed6489f3a525c4800654fd,232
78b168d907e16133bb51fb7ebdfe4e739be5296e8075820831291a607438698e,233
3e42a260b70ebd09f71e55cacd54132b7d9b903bc088f6cf44ae77c986df561a,234
5acb7982834c2b246478769c35bbb90b3acb80da43f3166153731b29dbcd9e5f,235
5577bce0b1225a3dac53fbfc713452d89c5451f5b3807bc6633976f11eda3a32,236
1ee922f4d507fcd97988308ea99ce36dfa8fb9eb248d8ff99234cee9df8a6f6d,237
e38f02bc17e3ead0363f015d3a926b200790cf7e84fcb30c773a1291a4a65a88,238
53e97e927a027f1bfb7c21d19b338002b24f6625495f3d2cbc21d20522dcb7f7,239
c30ec89ff8c91b87cfc4b60197376feccd663c265e3cba7317b7e544f680e5a6,240
5e56a581920a51919615df607d633c5ce616a9cc22efca4e7b3184e7be5826ca,241
bee335a05b7a20c9956aa05e19a7aa824a86d936dfca1fe0acf6ba2413460bfc,242
799a1c8a06d3592f7fcf98e05b3cd3a9b2073e61e126d4aff4587d5661a01827,243
47fe6ff6c8723d104cf01bb9c7f71bbba1992fbe561ec870d0ce9e16e8b97544,244
015ec0ad2d057d47be979074e7d3f382be70be0022a83335f6fdc6dc0da871c1,245
41266f75dfcfac374d9a71a4606b68a520050856acd1a1c04db1c9afa0dc702b,246
a46da300f9375890115fda3812c5f2a4ae890cf61ff675d07ba53366c21799b8,247
a78d725d2b82f7c5a4b2d1de3bcae444e47b44c3e1cc1e8b892a0b8bb3dc4c71,248
e5526452d80655eb9ec8f3cb3aa3e8256d0c225e7af0d5255575fae9cf2582f5,249
6cc6fb9846c10c985cff3b62d460215a065a4246b9bbef6525ebc1997f003597,250
0f66365d4ac15db452a652cc2412b4b1c9791c3c5cd8b1d6585e45c59775b319,251
ca21112ae2d66324ae7117575a3a71f15d3f724e84a087b80ee0901696e3e44d,252
465af90086731ed7d35d0ec733ac7ae8ff9c111dac9d5387094ab7e0beb49ebc,253
fa5c43903509dd3fb46c508ecc0371aac261e39a1d51fcf890deb663dfd88ff6,254
e6ff0a5c010c464f440777fe58b179255990de51fc85a680bd44731413ab1d39,255
928dc5b51ea22d50c12d4f868599b0ddee7785dc8e8eba75eb1ea8ad9650bc7d,256
0ea52df31250c946ca1046ecaae469e437d3afb5b5025530621bc2ab29a1d195,257
1303dc1911db1693886995b64a8fdf081b94b30bd9ed27561ba5ed66814c875a,258
5acf31bb293e5898f8d1dfae485cc58bd976ae95671d7f768af1b17ff3c48eee,259
30840aa804ed11efb4dbb7e01832530b2d119a1b45d1a2b43b293f873945f2fe,260
a0730a32fd4d175c52a56d6630f5d28fab1132086cd708ca1136edcfeb1e15c7,261
85235c57798f6ecd32a8cb5002466fbdc76d4f80a22e45dfe1458a1c77d58808,262
7ce171a35e6fbe8995360b1bdf46cc06951a5e6e901722f250562893e855e50a,263
459b0626eacea2ab54c61985b779c3559024baf2daf50172ccecf5696f00a967,264
9817f0d6759108f9be1edf8acd1b64fdf26713c14383446efe6ca608f24c9c41,265
53ebbbf2a2dca546c9c531181f9a870b8d5b6e251f3693a2fbb65810b6492051,266
ca5baf1e146a8b20d632f26ceb0a11e271d3dacd2334fc56dd8d647a380bbf5b,267
ed058d7dd93338911b2f8500930caab119f906432fbfc55e754940cc06591d8b,268
987eaeb625ce8f053b4bbccda70b69bf45ebdc6043e94519a39885ff39b77bbb,269
a4b53a68a06f6a8bdb1a289f77d146561021e09d9e8da3e5fee206e0cc776608,270
2c20ee1e31e0204acd8e48e9e28a3b4f0f271c3828273f11d4f4f855a6904e7d,271
a8a8fd6f04ad298a7237733205326cf7d98d5714a7425971c57f55e31bfbeab7,272
44092b4c6d5283f01946a60583632573ccc8c419d0823c702a818188c40fd11e,273
2beeea447908aaf61ee1c6545187fc812c4c321183b98e7b471173ff1283229b,274
16a22675891b652c4116ca5bcd30c6adf7b74f6e3d903cd39ba3fed3830e5cf2,275
5d21ff456defb4627a71f071250a8bb5815e7e4e30875fec541db0ae5dbca4ad,276
90e601c5e4bd3a077794a259d88353bd02d6fb3c36c7e529f07165e2ad321bce,277
d942efc2496a9d494fb0fac01842badf9d415b35383bd20987deec08fcce6329,278
d011a1ee6f5ebb4462ddc7a2c4bb373c1619eae6b4b70833ad44537bd7040afc,279
a4355a5a7235b66b3148d29eba277dba7e67bc8d4d3ba3a63aa8d124bc0478ee,280
4957a861f4e48fbbf204cd3915ce7b0b6cde3ba960633942fc3cc3b8799f493c,281
661e2431eedc13808cfa08a651bb1e583ad6e580112f2f45c352b44132bc6d41,282
059e9849b8bd19fa29028f7d83d53f2580a72879e6a3246e616b4072a3d9c3a4,283
02c40ecf1cc2aa89b0989f589e468d6dcf979cbb3e31eb3da2a54e0bc82e2e2a,284
cd4c1c214be778523a87dad0735c5eda6ecdf64f2f1ceb5daa949cabdfe5322e,285
c502249cb1219e7c0674090b73aab5bdc012403f36b8cf04999e4460ed2c37c6,286
5622ecc7b3b18d4bfe7bd6ccca80bb02ec57bea8718cf60eb2fec77a972c3d6d,287
84efd54bdd4ef483f743787b427bbc3664effd925acf5ca4dac3cf429ad44f42,288
3e52b0211438b5516abb1797d3769ab1453cb3ec62e00a20c85897b738de858d,289
41bc399e806a25b0a1a3d8e3682636d15a4001b5ef833fd3349a36f99ac33726,290
73acd776c1865406442f19019a2700327f3aea1786f659bba22ce802d59bca44,291
55dd43033d1de297e02b17ff26caba066ba8bbd9d14e9d0364004787d96d566b,292
c7190d94d4012cc7a816cd9aac6c994c5ac8453c6cea4945a3a4b634edbccecd,293
03d565bb23b277a1f0c4fb3437899a11a392e4bb354598de93be74dbbcea34c6,294
74012973e0e1a748fa8c7586ae189cf4567edf8b22405acdf222d7b24a310aa8,295
f505eecdbaaa6a6ee0437dcedf2b8611a64e7a8d2df624b01bed6ff4b383e617,296
ea605048522e013d01490df33d814380377edc3de5e9274919b3b90ea8fe6c78,297
840aa658c9b103dc9a33caac6b4fc4caad3f3d9c7b123a27af7216fe27f29bde,298
3d559323e5ba29394971548dc701e1845a1340f88aa819cc56cd1a80317044f0,299
65e24bda06a0b7ecbf729b84b129719c879869926e4f2e18568fb5530f7dbcaf,300
0be06fcde7c927bcce8f4f6395595a355837df2b675c33f6517d2946a6d396be,301
6b56078bb290971ba693f9892148c1b47c108fa4e1c3c806fc133560220dfc0c,302
9dc91d661ae2ee7d3b2e5f67588d5a9625a77960224d2207b1a7a91080334961,303
31fc66ce5d867029843f1d623adbd376148c2545f9bbaca13b420c011f697905,304
996c07aa1617544bf1bfc6015b4c6ec0620d52aa54bf0de695bf8060277e469b,305
40a37e415cebd13587eba73968725b837318c99edd73621829f14e8c64ee22a3,306
4900dc283e4ac2f8514584156cb224802f458d6f5041489cf5050f20a35b1e16,307
886824661913609da26ec531cec49bbfc43cf6d1a499964b9e68616592ca2bc1,308
28487167dc9adce2f79fae255e8baab8cea6ed4bbb0ff147c97b573f19099550,309
866260eaf9c4ec51e06c7c0934f43fd560457d8da8d55595186f15ca6d132204,310
ea99c2a49176e4ac5fd7b75641470b0e311ab312d4bdb1c12b38ef391d593463,311
59e538fbafd174bc23ec292584d78ebc831a508dc8cd794dfa9ca88408688137,312
8fe071507c8e0cd5d677e6ffa575358fe92c28f5487c20908e93ef6ff911cfa6,313
ac591c1c62cadfd609b7bfbb3f78d8f9ecee47304a857c8d635bca842c1ea808,314
8f5822dd03cc87f223eb3066ec77be023bfa3b2c9ae53f3cfb889c26fc38aa0d,315
0e1d10e95a8f6205ccdd1bd37f0a09c90c5da732e00ca486ac25e4bb8aa28546,316
20eb3aafec2fb42e6af55c30fca4f0c8a7e6587eabae33c45b3b78ef95ef708a,317
2b59e4f3ec88259a8a7478c7c9874cf503177ba02b411b36308d16924d780d3d,318
663b9da561e583476de63ce301dcac81f1862f68b60cfbf189ecae803dbaf0bc,319
4c47ac28298d1c37f85a9a0016d10462af040e006b55e6a3f4be9298a335be29,320
fdd1e5a772a712f313b5860ca6a56845969fa216499a3b629c7576b22e871ef1,321
304dab52ade14211f91855e97fca97a848db80af0493ac16afdf2ab2cdf6f5d8,322
5a078a560af5addef5b93f78c9d66092fc16f0ccff75f8913f8355477ec5da51,323
b95aa973dc264e5048280942821d18192ef2667d2425b097b23cafa360d7c90b,324
620803d1ece79ccc031e9ae522ba0f9262ff3330201cd5e9a9a40c3d47ed25bc,325
5f9f7ee819269faccf8020cece86e1c573dcb5866ceadaa234104f8753150896,326
73d96c210eb4afd73673aef124b6f0c158d737c688cabb03b1d47cc6c4343f1e,327
119e10aa94557e93a1703fa8156085e446c404167695188dc398445430079785,328
41e7e9abc9354648e038c88fe3a2e8f692f6a61a089337bfbb01a6e829ab19c9,329
50c9d1bb63426ec0d04e57dd8389de287f10866f98d4ca80b1b0e6319ff64ac4,330
7a7aa8127b0f2ece9fc2be202b726e69971748ff70beb1c3e1027ba4ff115510,331
446c0c7a44d867cae60fb8347771d2d53c590577c6d4884350cdefb167fe7592,332
2f742cecbf8e112cf7108dac9e7ac7c4e33deb82bd827f9b69038255b74ab096,333
c6d879cdc21c4328935f36808c263d8edeb8d66bd782e90d3108e0aa12ee9688,334
949d67a7faa12196ab03d7a2e82ac2ea03b38c94c4192561a8bc123bba5af162,335
aa7898a1cdcc86b8bf829ce0050d024214c0572be5cfee039ca6c5bcf26844e5,336
e69898920337ce968d9ac10027350aaf9afc908bb2584ec7923c84b5879a42b2,337
a3a62f4b3222f68b676aa08ca037b68568016ff619249d34b542d720eef44d1e,338
b5738de07fb798636c8f4bd23e512b5c93fa64ba9a07ba115bbcea963472c5f5,339
84f87e6887ddf2fdd72f0048a3e401ba6126bc16c156702ba6190163cf81ac2b,340
60e9d6984ee05b70d6d59d90bd2a7732e2c48420456f8a020edd88c92d61529d,341
965a86715fe0e1df82bbbe65556aa2bb096aa85b63fb44f4213c678a0ab48e8b,342
ff8a90f9de8bdaa5316eb774c1faba34a5b77ba67a617288bc534ed0fab166bf,343
a6d7fd175c4df2c609e2351ca3c55c51f5e3111e6bef0e42f86eb292d1f722dd,344
3ac252f9e6894605e1b9b30b80122e7bd8b2f59e100f3b7c94c485d6aba69124,345
4068f22e6ed6087e921180769a87c01ff959774d1fec891567809533b2c9a111,346
02216181f0aad0da651615f87f04cd3c538f5e938df812cc6c7132d6eb543861,347
949527e633b89c8248977ae64c9420d03bd5e9ebd4fc2594fd685962d6e953aa,348
60d65be46a52a23853e50b1e0a714d2ee95a075c4a763278fadcc43809237f80,349
3ceb56a8fcc39c5bea1f37ac412ae202a98f2e96ac94676bb7970f7d7a7cd71b,350
c3f12919ec70bd9d628b7118b80ac3f801e9b3bf10f404664e3fdae38d569570,351
20a4fd6e5f66fb025bcb6593e1b2ea10f8e94ba750e288da76e31d582ac27c93,352
9b024807cac05efc6e0f116eb3b6f5fe9d893ead68d4b5576ccd7275a647572c,353
9cb5b08e53c23410c73d4d26ab6ca059d181a2c937209d09bf3526f6f7810d07,354
31c76fbd097515505166e0e4f0040134d3f1673e0c9bbb72207b60bd4504b6a4,355
9254dcb150731b3e69ffcffb5183ef69bddf3192c6bad7c4a675a8261c65e702,356
0b26a06ea3a5401dbc689cf4136fa848e0da5696c0f3d7aa4db39202635946b4,357
ef5f1445d0dcb182844aeff750c4beae9089e001c3a6aebfdba7534951c2d590,358
3a47800c4e90b89f94f5f6a38806d9f0aa76cb9742b4474e2626cc7a32650448,359
4e7b5aaf79f0768994b6fd1e1d1b6a3b4fb0efa19eee25fcaa8619af40358072,360
e5ebe3bcc35c88291772319557d450476bb5420a61558dd9a0f411d304f0865c,361
dac434cf13e420ad674c7d4e9cc249492c0a06c00b09b7bf4095fd04c011462b,362
c9fa246930a38913c03dcdbb76e1d7dad7a34898a985ee84c24de85247028484,363
ea55b0588e4f1cf7ceca5cd01cf664a2f835940771ac42d1bae00dba2a5978a5,364
2ad962e83cef16841e87c2d5610fc730d05b21f956206847f2c9d8673e558f15,365
bf58dd26b23c0ec8f38218453b35502ddcbe52da3e2272713bb74a48db640a68,366
10be0653bfc4a19248da56132625114f80ec2ff91f9efcd52b0197c68a33de5b,367
fead373cca4d55aa96932361b0f5951bbddc91a0a0e4a73a9501819c1e07ba55,368
372e573975055846fcab04c2e765e9048d4a7d10c59298e2fd4c1ad1c0240096,369
eed56504d87edc4e9c8b9296fb772225b07c8ce696945839c1cdae641671676e,370
45553c6c887e2e23e792d0a6a755bb97c457db0b350197a7b2f7b31db8ed0648,371
e2da4ed52bd32f8ec1e66aca56a04baae6209ea05577cfc56688eb30e891fae1,372
a3aef3203be4e97901a558e08bc6aeb82141f3102c543a69b74951a20ee39c0d,373
4d6f7fbc31fae94736154e7cdecce45f6e879c7e467c04ed9e734f90a6771b6f,374
ec6838b5efc4ef4e81ddcfa362ba42a6bd0699b142e943692f1b98740e4a7a7f,375
4beb9d3f3116fda8d5dd7627c53b3cc48fe40b9fe2871add5211c1e900632d44,376
d95951901b6b773facc4231606ffe23d508be5b7c3db75caa7f50f133e77e1ce,377
a715a85f493316e23d19067fc077d883790e4b206f6852bcd9a55cedb0a620e8,378
966b57a2fcd1a5996617a7b51b5c86e9c095de99dd3f236edb625dd7b19f6d4c,379
f7df20c99ee0bf4cc814b432a591f4c2b3656fefb9eee5ff5a360456aaa3fd6f,380
670790b63653f2170fe19767c781afafcf83f801dd45dd3c1c4c6be27b748ef0,381
1ebdc335db62229af977ff0b72d75066772c22861b814ff1c2b4c79035ca1cd8,382
1f1d0e70a5d09fdc234fa7263d8e3303f4ccb172e8ab09a9c49e99d4b2350483,383
40a2a72f74e22839641ab965465f9c10a655f291a629c189bd1c50e69c64d9eb,384
96f6b8d9bcaef31dad26c555b722d46583db4fdbdd598bc4e66801c05ed07096,385
23c1de0ca518b20aeb9800c24777a9d631a185d15d294c9dccd5926fe59f4c77,386
7acf047d51c5f683e0738579517520f83c49b66607c3ff35c41ba69da14b61dc,387
5e11b7d021fae9e4fdd09eaa193d644eaded12497e181a218d34dfbcb0274fe2,388
8cb8adb688536acc0fb9738210a942974823651aa649c6152399c9c2f05e0090,389
fbb22311964e78c4d5e203fba8dce1dc96c88053032aed878479d77712409e02,390
4c6796cc37777bc0f4150a53dcf0b5ceff106c71676f7b724b78d24f024d4dab,391
f3e231586ff0b4cf12c3fccb9e1921d190af9c8effbf057eaa0ac47ef0f60fbc,392
67b53b21fef22d6efc370374119dd53e295a36518c3a485406718f893972adad,393
525b9789dae0373ea15e4d76e15a37d4e18a3b79352d9b55706449d00af63940,394
6f179a2d5d03f87181b7b8b6118e38a905577ed02d960c7d29112e2c0ce86813,395
c3f24213a34a36bb52f3874f7dd4d9f419a5b3ec70b6c93beb1fd17f787e3d9d,396
974d2c7a810aad17cb1271c20938b2cf5b6af041c78ee8ba6f1e62d764ba989c,397
4e8cd128e5024ba3a6f2572e485c1887d2a388844ddde7723c895d750312828d,398
bf82b101eeeca81eea19d95e144731e3a7f65cba376b65f8c80c4dc801977d9a,399
99fadbd816bbb3d40350b1d521f8391cb9bdf2e30c53c8b2bdcbd4978c0131da,400
88996e7070daafd2417f204b61432847d987f7c3147299effda35961b6c6c6ee,401
0fb2a225b2cb013179f6840f9ee27da7b0d9b3901237acf3203122e6af70e391,402
edc9f2310bd56c06f6b81b1008a17cfaaf1527b66dd3583378193d96dbe721ba,403
740effff0ccac28f30e4fb4a96fc5cba0cf951b4c380c1554b04bbfc88368308,404
4c72f28a2c3daeeeac05035dbddb158df3f1bbbd283f9a67d43b07fee5258f0a,405
6ca0ddc131cd01a8d87bf6a69dc02ad2b9532d9a42f8adb5b87884caff1ae732,406
12bde3eb9c0b87e253186d599e5bbbc5696d8790c52519d9e0c942010c9a4a38,407
12dd59b85a5058bf89261e4d395bfa9444184ba3f8f9fbb2861d58ec8a6e3c90,408
6d531e5ae74f7da2cbef41de7ed981831599298bc71091a2704b39dba84b4763,409
5c07bb8c13e676cfd33ee12d21c2cede75663f0a57b729f66d897f27f420ff16,410
535a2ce83f43ce115a8b1986a2cabb3908264fe34ff58e8da593c321d409dfdb,411
91211e39122c37728ecc6d39dd68c7f8dc65122e0e1e78da68b5adcb95630138,412
e5f2a41a4653730e822afa288d47aa5cbf88a2db20db8e3a12767bdb63d44acd,413
007c24e96f07402debce35ccb89a8455cdcec4f9b1029607e911e7fae6b65cad,414
82f2c9db6a9187786a52fc1544b03c11903c8771cbb229bb71c0550253261dd5,415
eb691475bdb10924c2935e217e7f2829ca448c3519ae80284e2d18c59a3aabe9,416
032f40dd659348af22af388e46cedfe878224b7c39d8ff9a76378bffdbb8549e,417
fbf460895ca3c58c31658942ecfbce433a0e7f29e9b0f1a3dd656f7ba0c1eba7,418
3e3de133d8c181b6d72f733e877672188b9fc95749d306d4f168420c1ae9f3ad,419
4ddc2511efec707de43a7b07d06d82c11058559c2c941b412ffa19bbac0f1822,420
7ec1de7df53b2338a230c3a0b2d60af06c8bedee52b0ae57eb90a90dfed897c5,421
fa0cc102064d2131565ef2428041c20b7f6ac141bdf06dcd3ccb71c37bba9be8,422
f21f9ad8369cc921611dbd5cd7a218e3c8dee226eed0a22a0af52869561f67b2,423
6864a4986d4896ad2c6292633c7f80637ebd74e4235fe73da5ce38f9889b1b06,424
fa968d8c6132a92d447679592a8d715ccbb4a31d969d300ed5f7f83c8f5b5907,425
f899c6744302db5bdeb4406b2031b8f3d9cd67eb437c208288ddf9cd993ba22c,426
5c63a4f5af2f3bde3eaeba696295c7cb67999ce4aef06ff1a71a89193b54de3b,427
b3ffc2a3eb9c7b388ecd3a1aece1272c2a0f6008e72fab510b56c4fa599c6d37,428
08e7389e4adba02a30abb101bf6e41c2bb71ab8023747b61a9898bd97722eeb6,429
a969b2af7e4e83f5b1b14b591749eb2a5f905953136e059dd2f6d9ce3f4ceaaf,430
f9feddda7f19fa8812594529c45138015c0fa62306a3846caed71f369761a9ef,431
f9250ce6e9bf0fe6258a30928142ec4b7adc0dfc55e0b7ba97b5a000b537af66,432
c7e696f5de0e89bda4a8ba6ba10d9a09f4c21799d295e15e67b67ef6e0428164,433
3f26a1c7c1ff076579363283ed597c69430e5953b627e0fbbd1a53779d06e539,434
8c21d0a7b34f8c93e2e0082ea5338ad0607dbc90ac466a50fe9ac36dcf199caa,435
95070e830d4d0142e6f1f1d312d32b0fe5290942fe4267f3e0c644e12d53c464,436
ac51430bf16abf310383d8184e6d8374c71d7d37f52b07215de96f1446f38aa9,437
2210d519e550fcb0c2c60ae43b57dacaf2908ad42ac431473a84af0ff86d3dd8,438
765d48888cd3764c0e6b4eb4e2ef5be64e40bbdb491a153d2e1fc8cca36a9f9a,439
d3555eaa834e136cb1a22c854c2060553b152c2a7ee64ab94eb3627b7e583d08,440
1300252ba109c330502c0e37e985986dc9f2fc8a1ac58d7db27a7ed44d9a08e7,441
02b0ab655312f42e7bf52d84e6230ef425b3ac77e64d6e9a6e50d1781d705875,442
e8328e83a39850fec0866f4aee67d813497b94d5d1a81d3f8489ae34efa5f75b,443
432a2caf711eaddc4600631c45e820036630c0edd6fd73ec6bdfa7ddaf7b89d5,444
09ac61b7ab132606d68f3b554e2df6b2dfac4113baa0da0db4ec098abdda94d7,445
60a490738e474c1767c7ab660596d33aa636131329b0f488e7144340af65c61e,446
116feb40229043bb78ef02fb8818851b5632582a37bff45954db6ae47b5183f3,447
19e50091fd91b9471271577413deb376535a64f736694fc81a9dad57a5d6d0fd,448
d796d73c86277cc3c9ffe1a1e6b3b92e831e60f85f14ec7fc37909dbf003bdde,449
ae972cec7959541719fe68cc5840256085ced9151869ee097a8732aab77ceb89,450
37f5da4c45c483bc0f7f6fc4812c3e6b1ecb3df56543f91dd92f1ce39d51c077,451
de6d2b2b09f289d8b7f6270d8f6ccf003d7cd7c196a1c7bbed29fd22981ef5cc,452
e699f5cf89cd532d600f53fea3d5da4cb1b44990e6c71d5d58b8dcdba1f56b53,453
5b02116d5b2dea384d2e8c71bbd0d3faee258b8fc7b399b48a3266d0b298e36a,454
51115ed1c4e2421355bfa3e4a7c17b394253991e2b76efcdedbff2bfb78f95bc,455
32265bf3f0351a42d49c01e0e8f257ecc8177434991b21d8308bc4c95322a61e,456
c52c7d12fa1e83dac101bf4504cb3cc2dc3eecab9fc0547870444f5525f0ad20,457
070bec70f24e519558f06d86bceba7b7363a57c160ad55777803ad2811adca69,458
8e7edb307c76bd03d2f303940cba7dc866969d85df57b2bed34c5b8c9513ce2b,459
b4fdb110f62e5c8317af3a98c6ddc927c264e5cb017cc33ebd57c5b80c713239,460
324f16f918b507cf95c9af0dd5e2a5e444460e55907f19662b9db772c28e4bcd,461
da3e4dcd5b29ec48c8afffb70736f842979b0ee588974330535436e500a1b2c4,462
d1127e38b4eda58f6cd6e68fb0e634439406bcd9d46a2ccc9d6b63b231475d13,463
3cfeb9d12046d25732c9a6265d37f6c9db03dfbacdeff675cf01ae0a9ffc4baa,464
a33cc365c310f47e3d6d642605968ae8330fcc615adf04be6abf81c1652f59ab,465
8249772d1e4e6b40854eb440879b5925085b135a1f73e744d246c5e5c9fc4a14,466
01b005c0e7750a433122ebe26973a6c26aed5792328535395ab77381a1a4515f,467
1de5ccfd6c10e4923978959d890bc66975fb698935144955a17216c8afb7a495,468
6d5942ac0244a0ae6f5956a3b648003eacac5ad04eda07511709f80b08a7ea8a,469
417e2f7fd38a4e4eeba2ee2dc3e6521ffd4c395ccdf77ad4856b3253f5a0167a,470
bb4083b4256a71022caf0de2add781a3363c3134768d04f2f62e2f852d62e18f,471
9f376c4377060a89617e5596eb97cd5678e2feba96161296615227a77d3f82be,472
cb60aac6b920014b6fe13fcc0b0fb77d2846712f138cc9a3471b0fa6369edab8,473
861a4f43ff03e830100ddaf1e7b2d866f1f34e43e4f91bbad36dd35d935665e7,474
0ba0a8c0c38da648e968ae8f3a4cb992b89245e8a3942b4a701b57ced5ac9e75,475
dad7ccd0e2ffe71f3d235764dee0c9aa6e541a5a01fa75a4c55c4930e13cb9bb,476
7796f5506ea4258edf0a1c26a98f0ca7da6aded1aeee55681b20f3cec6cb3b1c,477
be99ba257a32f9fb48f0575e7fea9f0776128c404a2ecbe18de89a5f90f9f98f,478
a849356ae1710e3b99dd2ccc22be690afda93beeb56a0b58f1fe0a8d0fbc415d,479
7b49690381c4cda6dcdab0e77af9ede224609074a02ebe579c6d9e531b1902b1,480
f7d5e2df3389197ff9bfd20d69277081f4816b0fc3211eb98f93861457e655c6,481
9170a9d412f1f6ca4f23e92dab08cb548bb1137116518de3255f9b29d84dd41e,482
2e7b3821dd9ab2c3f5565abf87aee104a79769fcb85200cb8aa43549fdaf1275,483
522c8887dff25cdc60f88b125c7ede53d6c5164c6baf5fd34b28ba9d329f8723,484
4649d3062345b21f0d8872911271f613fc9c84c6b165040060a4305b2e9d16a6,485
6f17f7aef6d2d2627520a6b8e5971e616e147fd6c89c0c58f061546861d08911,486
704c1b004c53d7e29f19d337ea7ea2e2b53f47f16c2d08f1779aed86b7570817,487
cb16a5958a1761f708afd8b6b2063cf5893a6f8e3b65bbb9a13842c31a6abe9e,488
cc090ecd54c2c601d18ffc82ca1b929820c0df520a291c5e5c51d90f29c0c174,489
0c1fa3a1bba01aabdcf965e951d2076a311cbbfac1b6aca9b4e46f8a5a72ae07,490
4200b0b788e259765376e3517f14b2c837f2e42ac3a3a0cb86f7085216a41379,491
01ab7580d2dd2cdccb79a54ae68b28b08d1dc3c902bac0fb75e3f8ab445c6556,492
f8d59fde204de35d4a11c5771fbf1fc116d25fcadae43a1c975a20634a8b8ca3,493
90a3f384d6e716e14c579b11b999aa09f809547c74fccb7f11cfd3bdf8ec2687,494
df073d3c5b34819a40bb97b41ed5f6711cbe60ebbc84e3a3ae6b1baf28a0c0b4,495
ed5cfd540ef40ed35381e4a652faa7859240444d1ea6f037cc8ddf52a360f4a1,496
e08e27a3b257e29247324b0cf557906fa0ec007d211f7df5b49b9ebbe321fd8c,497
1c636e8d8153d08471dc966ee77cc17038b4dcb2e8ad28e436b55e77a4aa85da,498
d0903cfc6fdfb57b57601164f9d717c7ddb87525aa12c19df6f64863494ef3a8,499
4d8960323439b3fdb6e6ba763edc88437754446d4bb6147ce32ccbfeeac7bf89,500
c045023534c888fe1c903748488c7d7f2af2a4fca7e7e7844cf6b9db66abd739,501
994eb0a864d065e6244e6e861de434f1cac058ee0beb1b6f1287cbf6e21e49e2,502
5e483c7ee05687358e8153b92bda46540fb5e62ba3053c83f25ce6fe64f02395,503
5795b9d687d340a3b92f92f1a037353d2ccf46b6ac756b5c15a6358881aa8717,504
9b12e62166764521dfc06cf5f1578bdca8c93859f828108f98804f5711c28204,505
bfdfb1d4b1d053f78cbc240479ea4077d2aa49916ee920e820b7e0a867040b0a,506
8ef73ccb450553c67ee7759e296b50bb227f1bd78fa5229e9037deeb4cdbc294,507
d805033f5e6493feb2c6df5df8b3bf627ec4abe6fdf089be3d2503697c038ed6,508
8411d5d99cf53ab6bc7c6b5174e411170031fc05f3bcd504c6f8dea0b3393e15,509
3a797d7bb15574514c2ebaf732ea3aa0ab497e6c2f7a94d66886ad2dc3047742,510
389aa0ccfdb5e51306be9123af03730fda06814980f9e1725efe5192552f6664,511
6c9db480a586f8845e2ffc46484ea87f956181a57491451d500121060b8fa174,512
5d76281857a19111cca846ddbea7f33dec5f914fd37dc49d4c000eec7d6e81fd,513
8ae9f40b121059ed2f7b78281a865e0c2062fa4f521448b1a0437b21e2221610,514
0f4628f5a5ec44e51bfb3f6439f12076665a433ada57dd71b46c40aab1230afb,515
8b62aa328218f3d69e8d4a5d80809d8e0ad3faa01e39f8835bb278b7c078c616,516
c1ea61d7e8868277dffbb6c24d70a44bd352f457f4c81475f5250479be1c46b6,517
2aa56688ee07190ae851393500c63d79e65f815bf6c49eca81906842123a0c62,518
53b8d6019582e27f7e9eb9b5c2d4af42ad1ab81a7f9f972441d1a68963b990b5,519
a8fddfa2e85616de222787fc0b5c1684b42decee855d28fa2e00055e57661be8,520
065a2278ed7080620bbb392ee92f41817b2f3786a46c55c22789aa309244a776,521
ffa7787ecaf46f3af9bfd2fb5de70090a4e2dd6842304ad9c51b6ce85e41535f,522
36a506a87127e0a80970adfd309c290fcde11d754442f5b9a52ec2dd478978fe,523
c8f4d09689ced299c21f9f37295a1f9e2a1cfa3d7a81447161c90d7263a48bdd,524
afac24f634328e15a8ed09c710340c05e56259217c1a8d7a008b2c7f1401fb65,525
3df1e81ac187a8887614026a854c6ee5a9344967ffe937620da6374c87062886,526
fcc7f0e5d8137e0bae086bde68705ea771593c22ad3d75712ef82656110a5958,527
f4d3c1496e1086a498d16c55f6c6e8fc2a26107bf5da0610ad6adade810d8ba2,528
7f2819f0cc3f9123e8dd61a1ebee8628e12e1f72b6b344200912f1314ec9b748,529
fa34308dd3dd0f4bad012e69e1977595f2d3f48312879e7dfe4a177de89d54a4,530
b93bcbb9eb1886d8b80deadcc86ddd21205e9e9f256459061e520ec11a65c8b8,531
3d311a17cb9aea4b494d597c3d3215206750e0bac8664788cd7029e4ab4ae2a8,532
b9c653fbb5d89e1a200f390193a8e24edfe824eaaa3d8048f44f7a821e269425,533
1b53b496b879274d8181c66cc9c7d449d520d89c2781d56b27dc8e6cd1f0fddb,534
e40876d7c952eaadec3d60fac91fb275410d678dcec4237f35d14490076f1f5b,535
a9f8d873e8c6091bc70c841ae8767b3c356703ea8d05f14ef9c7c6f99433a5a8,536
a8ff0bb3ef2d5510bbdb5595fa2a2a02591aec7b7daf8a1b696f3af205a75235,537
71aa719fd28c93a471580dc1455a671f38807ff82467b5b9fbe63afe5c1a0bc2,538
1498dc45967e9575de0edafececc0c61f908dd6e1e6fa5731a53a440b9ce65b3,539
bf3d5082643e908e7d6c9f1b75c93bd3a2910d2bd6736586410ecb880a91d9bf,540
ece51996838965bc5bb8e4e09e6d2217c5f0d16ad172ea1c6476973db002191b,541
889e63fd174e00f8b0a381d1daa49381c858878d4a8a1de6c6b4fae4d1d45e37,542
6256d33344e02ccfca5e58d76a2bf438c4d552e7c0b478fba02c16bf17625da8,543
c5e9948b3ea00f6bb89d092b2c228e4fa781217eb38cffac8ab1c8a8dfc84019,544
36ef7e4d9e85ef2a87f25d1f9da023273d1549faf8702f414e0afc992730376e,545
9200b92522215f6e300cf0e9f13286915fda4bcba0dc6b211f16b1c5ccea0730,546
6ecd56f3903369aa160dbc46b530588e41e90487156057dd86527c2048be5398,547
6f5fabd5650856cf0b6c3dbd9b9f76241659852f45069c3bc00926165e363158,548
30aed784d9802f5bb05c845743e0a21cc38a6e3c4d80aeb36d6469549a10b181,549
4b7098ea5d575179e405df61d8e896ae515e3a3e16516c254f68853b6abdfa18,550
3be2431cea3c04616bb676d69bc251b5b241f553c752cb731675ab23eaa1f052,551
41227f9ea10e00896d9966ddcdaa945e8c1b5069285a8c3bc557c738fd4889e4,552
4d6a004d8dcc2e15a310dd163fc5f64e174b33e7a70fcf7f34f099d874ab8e13,553
bff32b03f51671970a1163ae86fa1e4eeea4f4984132ae708534a0e5df727347,554
301ebfbe2fffe87f0c13c91a470dceca10eaf6f7e83efa10568832fd6f3cb137,555
f6585b95f4fbfac07ab2e6188fa77bdcd9bf258b3481b4f105ee9baa808affc5,556
c7746ad98dff7b8a5c9f4f46b4a3f8c68ff406501cbc44c188aaccabc8428172,557
81421e150d00d48a881a30c52989564e9c8f481cd7f585ab26b845baa90e1c44,558
5f5fb9ea414732d88cd09a0e732d21c4034fab38f7fa9834f7622e5dfdd01812,559
c955dcbde467ac34a1af00bdc239ee592dbfebc4e7d95892dac8d19ab49e0196,560
3421496ea1b4f48b4a2110aaf3fc33a9eac3bc7a85229dd53902886c2c1fd4c5,561
40e37353d2d7240f0c0dde9380bd750ce7003edb13a67a9b962485f025563543,562
cf78000d95f6a3c0bebd231851011ac2cf403e08466b0cf4aa8c85c48ba90778,563
e4fdd3a5c81e90e4e1e680540f20db32ab1eb0f811ae39c9c63eeb6bf2dc51e1,564
59150694ddbcf2d0f9d0b6dca385a8de5a09dff4ea1b186ab6c7fd7f795278da,565
0865d265e4338255c3b490cabbcb4248827a1c537716592e571107b3316914ca,566
11f5a6a8af83fa979410049e7fe694e89b0436f864cf2fd524c424a363af0a5b,567
cc5fb4362cd253b965a322ad35929746596ca1d9e9e5c3318ae807db4a1a90b4,568
bd9ec7e8e2b0c95034bc8eda7f53b6f36ceefd61b3c380b8e2a288e994b6a4ff,569
52d6e8e5022f187e5bcdce1f1299973d5e1044c18e1a6910fc1bd222279bcb04,570
5de806b010f5e2ef123db83602ecbb95fda46cfa39557c72e9ce3f3ce681eef0,571
1dffbf77e05702d26ad883cdeddb97116945d90aa7a484404f3794acc96997ae,572
db43f835ffaef6e197567d3016ba7901e6fd3675b10e21cbd5144d85ad3f5c4d,573
16539432dcf5375dac2c0113408e73807807fd68a20b8dc5bc86cbecadd6caa0,574
c3bbc99d92994161c4f1495260320c68b7741f8a084fb58b353e5089420c3e17,575
012a8bcaa372e0f9aea00f77867a39c15504f93ffc7c059a6485acd1205d5fdf,576
cbec18ea76c4087e8eb5aa9a7481800e1ccdb76cb84e6ae2111b47877f5679db,577
3f2030eaa41ef1f62198d4772ce025b6aef3d0a17aa8e3ad2617d7d16ed0ae6e,578
3c7ca160d2e1359a9f7d0d8b65fa8b82f02b056a47f68accfc81dbf4eda2034c,579
2bd5608642a903bec19ee3002075c766bed3826d102ccd67451e04beb3d316d0,580
0a76e9b6cdb522d9fc0dc83cb52b652b215c5450681e756010b1c0a3aeb77e69,581
6c1e10abefa2567f99817299575f0b90b10ef2c578fa27529e4cc99d504b7326,582
5a58cab90a29de158138ffae2a12790acd7932509e4218274d061df1af1431fb,583
b99201b8a2e3a4a9ad23cd5b4d6701efc6e940518a92e2ba1850acbd07c02d0b,584
269e426340b61fee1007491cf3bad5a9d7882e5fb93bb6f211fed8a95a237db5,585
6a376fe9aab39d29766ba7677e9460eecd81bfe683efa34df55c9fb2668617c7,586
43c979ef0a8ab17219d4cdd1536ca27cdc796850eb3b3075d7b1e01a8f11640b,587
e272ff774ebf4942b4d37966a50d20dee9bea1dbeec41a3e0b9cc395465d13a9,588
22393b978b0c24a1fb478a525587b7d1efd7b490a32580112ecdd384820dc148,589
81c766b2d14a4947a7cf2f9a8b93a1a3f01391420e4113d1f53e7f00427c5a67,590
676086808024041a9b32b53de257a3abbc3814e23db44c438b78d4dcd8c13b6c,591
545858a84cd00389e464f0e2a3b050d725af95df684596e9ef49e8952c2d4a9c,592
