node1,node2,h0,count_of_same_edge_h0
0,1,1,1
2,3,1,1
4,5,1,1
6,7,1,1
8,9,1,1
10,11,1,1
10,12,1,1
11,12,1,1
13,14,1,1
15,16,1,1
15,17,1,1
15,18,1,1
15,19,1,1
16,17,1,1
16,18,1,1
16,19,1,1
17,18,1,1
17,19,1,1
18,19,1,1
20,21,1,1
20,22,1,1
21,22,1,1
23,24,1,1
25,26,1,1
27,28,1,1
27,29,1,1
28,29,1,1
30,31,1,1
32,33,1,1
34,35,1,1
34,36,1,1
35,36,1,1
37,38,1,1
39,40,1,1
41,42,1,1
43,44,1,1
45,46,1,1
47,48,1,1
47,49,1,1
48,49,1,1
49,188,1,1
49,189,1,1
49,309,1,1
50,51,1,1
52,53,1,1
54,55,1,1
56,57,1,1
58,59,1,1
60,61,1,1
62,63,1,1
64,65,1,1
66,67,1,1
68,69,1,1
70,71,1,1
72,73,1,1
74,75,1,1
74,76,1,1
74,77,1,1
74,78,1,1
74,79,1,1
75,76,1,1
75,77,1,1
75,78,1,1
75,79,1,1
76,77,1,1
76,78,1,1
76,79,1,1
77,78,1,1
77,79,1,1
78,79,1,1
80,81,1,1
82,83,1,1
82,84,1,1
82,85,1,1
83,84,1,1
83,85,1,1
84,85,1,1
86,87,1,1
88,89,1,1
90,91,1,1
92,93,1,1
94,95,1,1
96,97,1,1
98,99,1,1
100,101,1,1
102,103,1,1
104,105,1,1
106,107,1,1
108,109,1,1
110,111,1,1
112,113,1,1
112,114,1,1
113,114,1,1
115,116,1,1
117,118,1,1
119,120,1,1
121,122,1,1
123,124,1,1
125,126,1,1
125,221,1,1
127,128,1,1
129,130,1,1
131,132,1,1
133,134,1,1
133,135,1,1
134,135,1,1
136,137,1,1
136,138,1,1
137,138,1,1
139,140,1,1
141,142,1,1
141,126,1,1
143,144,1,1
145,146,1,1
147,148,1,1
149,150,1,1
151,152,1,1
151,153,1,1
152,153,1,1
154,155,1,1
156,157,1,1
158,159,1,1
160,161,1,1
160,162,1,1
161,162,1,1
163,164,1,1
163,165,1,1
164,165,1,1
166,167,1,1
166,168,1,1
166,169,1,1
167,168,1,1
167,169,1,1
168,169,1,1
170,171,1,1
172,173,1,1
172,174,1,1
172,175,1,1
172,176,1,1
172,177,1,1
172,178,1,1
172,179,1,1
172,180,1,1
173,174,1,1
173,175,1,1
173,176,1,1
173,177,1,1
173,178,1,1
173,179,1,1
173,180,1,1
174,175,1,1
174,176,1,1
174,177,1,1
174,178,1,1
174,179,1,1
174,180,1,1
175,176,1,1
175,177,1,1
175,178,1,1
175,179,1,1
175,180,1,1
176,177,1,1
176,178,1,1
176,179,1,1
176,180,1,1
177,178,1,1
177,179,1,1
177,180,1,1
178,179,1,1
178,180,1,1
179,180,1,1
181,182,1,1
183,184,1,1
185,186,1,1
185,187,1,1
186,187,1,1
188,189,1,1
190,191,1,1
190,192,1,1
191,192,1,1
193,194,1,1
195,196,1,1
197,198,1,1
197,142,1,1
198,442,1,1
199,200,1,1
201,202,1,1
203,204,1,1
205,206,1,1
207,208,1,1
209,210,1,1
209,211,1,1
209,212,1,1
210,211,1,1
210,212,1,1
211,212,1,1
213,214,1,1
215,216,1,1
217,218,1,1
219,220,1,1
221,480,1,1
222,223,1,1
224,225,1,1
226,227,1,1
228,229,1,1
228,230,1,1
229,230,1,1
231,232,1,1
231,233,1,1
231,234,1,1
232,233,1,1
232,234,1,1
233,234,1,1
235,236,1,1
237,238,1,1
239,240,1,1
241,242,1,1
243,244,1,1
245,246,1,1
247,248,1,1
249,250,1,1
251,252,1,1
251,253,1,1
251,254,1,1
251,255,1,1
251,256,1,1
251,257,1,1
251,258,1,1
251,259,1,1
252,253,1,1
252,254,1,1
252,255,1,1
252,256,1,1
252,257,1,1
252,258,1,1
252,259,1,1
253,254,1,1
253,255,1,1
253,256,1,1
253,257,1,1
253,258,1,1
253,259,1,1
254,255,1,1
254,256,1,1
254,257,1,1
254,258,1,1
254,259,1,1
255,256,1,1
255,257,1,1
255,258,1,1
255,259,1,1
256,257,1,1
256,258,1,1
256,259,1,1
257,258,1,1
257,259,1,1
258,259,1,1
260,261,1,1
262,263,1,1
264,265,1,1
266,267,1,1
268,269,1,1
270,271,1,1
270,272,1,1
271,272,1,1
273,274,1,1
275,276,1,1
277,278,1,1
279,280,1,1
281,282,1,1
283,284,1,1
285,286,1,1
285,287,1,1
286,287,1,1
288,289,1,1
288,290,1,1
289,290,1,1
291,292,1,1
293,294,1,1
295,296,1,1
297,298,1,1
299,300,1,1
301,302,1,1
303,304,1,1
305,306,1,1
307,308,1,1
310,311,1,1
312,313,1,1
314,315,1,1
316,317,1,1
316,318,1,1
317,318,1,1
319,320,1,1
321,322,1,1
323,324,1,1
323,325,1,1
324,325,1,1
326,327,1,1
328,329,1,1
330,331,1,1
332,333,1,1
334,335,1,1
334,336,1,1
335,336,1,1
337,338,1,1
339,340,1,1
341,342,1,1
341,343,1,1
342,343,1,1
344,345,1,1
346,347,1,1
348,349,1,1
350,351,1,1
352,353,1,1
352,354,1,1
353,354,1,1
355,356,1,1
357,358,1,1
359,360,1,1
359,361,1,1
360,361,1,1
362,363,1,1
362,364,1,1
363,364,1,1
365,366,1,1
367,368,1,1
369,370,1,1
371,372,1,1
373,374,1,1
375,376,1,1
377,378,1,1
379,380,1,1
381,382,1,1
383,384,1,1
385,386,1,1
387,388,1,1
389,390,1,1
391,392,1,1
393,394,1,1
395,396,1,1
397,398,1,1
399,400,1,1
401,402,1,1
403,404,1,1
405,406,1,1
405,407,1,1
406,407,1,1
408,409,1,1
410,411,1,1
412,413,1,1
414,415,1,1
416,417,1,1
418,419,1,1
420,421,1,1
422,423,1,1
422,424,1,1
423,424,1,1
425,426,1,1
425,427,1,1
426,427,1,1
428,429,1,1
430,431,1,1
430,432,1,1
431,432,1,1
433,434,1,1
435,436,1,1
435,437,1,1
436,437,1,1
438,439,1,1
440,441,1,1
443,444,1,1
445,446,1,1
445,447,1,1
445,448,1,1
445,449,1,1
446,447,1,1
446,448,1,1
446,449,1,1
447,448,1,1
447,449,1,1
448,449,1,1
450,451,1,1
452,453,1,1
454,455,1,1
454,456,1,1
455,456,1,1
457,458,1,1
459,460,1,1
459,461,1,1
460,461,1,1
462,463,1,1
464,465,1,1
466,467,1,1
466,468,1,1
466,469,1,1
466,470,1,1
467,468,1,1
467,469,1,1
467,470,1,1
468,469,1,1
468,470,1,1
469,470,1,1
471,472,1,1
473,474,1,1
475,476,1,1
477,478,1,1
477,479,1,1
478,479,1,1
481,482,1,1
483,484,1,1
485,486,1,1
487,488,1,1
489,490,1,1
491,492,1,1
493,494,1,1
495,496,1,1
497,498,1,1
497,499,1,1
498,499,1,1
500,501,1,1
502,503,1,1
504,505,1,1
506,507,1,1
508,509,1,1
510,511,1,1
512,513,1,1
514,515,1,1
516,517,1,1
518,519,1,1
520,521,1,1
522,523,1,1
524,525,1,1
526,527,1,1
528,529,1,1
530,531,1,1
532,533,1,1
534,535,1,1
536,537,1,1
538,539,1,1
540,541,1,1
542,543,1,1
544,545,1,1
546,547,1,1
548,549,1,1
550,551,1,1
552,553,1,1
554,555,1,1
556,557,1,1
558,559,1,1
560,561,1,1
562,563,1,1
562,564,1,1
563,564,1,1
565,566,1,1
567,568,1,1
569,570,1,1
571,572,1,1
573,574,1,1
575,576,1,1
577,578,1,1
579,580,1,1
581,582,1,1
583,584,1,1
585,586,1,1
587,588,1,1
589,590,1,1
591,592,1,1
