component,address_ids
0,"[0, 1, 59, 255, 258, 326, 567, 664, 693, 929, 2276]"
1,"[2, 3]"
2,"[4, 5]"
3,"[6, 7, 165, 274, 454, 782, 1133, 1377, 1502, 1684, 1746, 1871, 2307, 2345, 2458]"
4,"[8, 9, 12, 27, 130, 387, 1057, 1310, 1311, 1600, 2479]"
5,"[10, 11]"
6,"[13, 14]"
7,"[15, 16, 30, 31, 34, 66, 77, 80, 122, 123, 124, 129, 158, 159, 164, 196, 201, 204, 205, 206, 215, 231, 234, 245, 248, 251, 254, 277, 280, 297, 327, 344, 366, 369, 382, 438, 441, 450, 478, 501, 518, 519, 520, 525, 530, 533, 536, 541, 546, 549, 557, 562, 572, 573, 586, 591, 592, 606, 627, 630, 636, 642, 680, 685, 687, 688, 704, 743, 763, 773, 781, 802, 809, 812, 819, 820, 831, 882, 890, 909, 917, 930, 931, 959, 970, 973, 978, 984, 1000, 1006, 1017, 1022, 1025, 1026, 1040, 1041, 1077, 1084, 1090, 1099, 1100, 1104, 1208, 1213, 1225, 1252, 1261, 1277, 1290, 1293, 1339, 1349, 1410, 1457, 1488, 1520, 1565, 1577, 1595, 1597, 1599, 1644, 1675, 1685, 1704, 1709, 1721, 1768, 1776, 1791, 1822, 1890, 1897, 1902, 1932, 1987, 2000, 2069, 2110, 2227, 2407, 2488]"
8,"[17, 18, 823, 948]"
9,"[19, 20, 1555, 1556]"
10,"[21, 22]"
11,"[23, 24, 887]"
12,"[25, 26, 444, 2490]"
13,"[28, 29, 686, 2379, 2499]"
14,"[32, 33]"
15,"[35, 36]"
16,"[37, 38]"
17,"[39, 40]"
18,"[41, 42]"
19,"[43, 44]"
20,"[45, 46]"
21,"[47, 48, 801, 828, 979, 1110, 1363, 1370, 1941, 2367]"
22,"[49, 50, 679, 1396]"
23,"[51, 52]"
24,"[53, 54]"
25,"[55, 56, 1120]"
26,"[57, 58, 729, 730, 1088, 1089]"
27,"[60, 61]"
28,"[62, 63]"
29,"[64, 65, 584, 805]"
30,"[67, 68, 1532]"
31,"[69, 70]"
32,"[71, 72]"
33,"[73, 74]"
34,"[75, 76, 157, 381, 483, 484, 675, 1034, 1048, 1148, 1224, 1334, 1475, 1745, 1763, 1817, 1825, 1826, 1859, 1865, 1870, 1922, 2166, 2209, 2414]"
35,"[78, 79]"
36,"[81, 82]"
37,"[83, 84]"
38,"[85, 86]"
39,"[87, 88, 2163]"
40,"[89, 90, 1945]"
41,"[91, 92, 1622]"
42,"[93, 94]"
43,"[95, 96]"
44,"[97, 98, 1175, 1176, 1177, 1178, 1179, 1180, 1181, 1182, 1352, 2400]"
45,"[99, 100]"
46,"[101, 102]"
47,"[103, 104, 174]"
48,"[105, 106]"
49,"[107, 108, 177, 1506, 1944]"
50,"[109, 110]"
51,"[111, 112, 113, 1340]"
52,"[114, 115, 168, 169, 402, 403, 404, 405, 1756, 1898, 2190, 2203]"
53,"[116, 117, 554, 1304, 2217]"
54,"[118, 119]"
55,"[120, 121]"
56,"[125, 126, 1634, 1635, 2050]"
57,"[127, 128]"
58,"[131, 132]"
59,"[133, 134]"
60,"[135, 136]"
61,"[137, 138, 139, 1278]"
62,"[140, 141, 1174]"
63,"[142, 143, 347, 348]"
64,"[144, 145]"
65,"[146, 147, 148, 149, 150, 451, 1851, 2296, 2493]"
66,"[151, 152, 261, 2340]"
67,"[153, 154, 1610, 2216]"
68,"[155, 156, 380]"
69,"[160, 161]"
70,"[162, 163]"
71,"[166, 167]"
72,"[170, 171, 776]"
73,"[172, 173]"
74,"[175, 176, 840, 841]"
75,"[178, 179, 180, 637, 1386, 1596]"
76,"[181, 182]"
77,"[183, 184]"
78,"[185, 186, 964]"
79,"[187, 188]"
80,"[189, 190, 191, 988, 989]"
81,"[192, 193, 1946]"
82,"[194, 195, 990, 991, 1003, 1151, 1878]"
83,"[197, 198, 2321]"
84,"[199, 200]"
85,"[202, 203]"
86,"[207, 208]"
87,"[209, 210]"
88,"[211, 212]"
89,"[213, 214]"
90,"[216, 217, 2053]"
91,"[218, 219]"
92,"[220, 221, 847]"
93,"[222, 223, 422, 423, 850, 1173]"
94,"[224, 225]"
95,"[226, 227, 228, 1505, 1833]"
96,"[229, 230]"
97,"[232, 233]"
98,"[235, 236]"
99,"[237, 238]"
100,"[239, 240]"
101,"[241, 242]"
102,"[243, 244, 1641]"
103,"[246, 247]"
104,"[249, 250]"
105,"[252, 253, 1196]"
106,"[256, 257]"
107,"[259, 260]"
108,"[262, 263]"
109,"[264, 265]"
110,"[266, 267, 1274]"
111,"[268, 269]"
112,"[270, 271, 334, 335, 359]"
113,"[272, 273]"
114,"[275, 276]"
115,"[278, 279, 2249, 2250]"
116,"[281, 282]"
117,"[283, 284]"
118,"[285, 286]"
119,"[287, 288, 1751]"
120,"[289, 290]"
121,"[291, 292]"
122,"[293, 294]"
123,"[295, 296]"
124,"[298, 299]"
125,"[300, 301, 302, 585, 878, 1435]"
126,"[303, 304]"
127,"[305, 306, 2465]"
128,"[307, 308]"
129,"[309, 310]"
130,"[311, 312, 631, 632, 851, 852, 879, 1626]"
131,"[313, 314]"
132,"[315, 316]"
133,"[317, 318, 325, 1608, 1609, 1627, 2185, 2262]"
134,"[319, 320]"
135,"[321, 322]"
136,"[323, 324]"
137,"[328, 329]"
138,"[330, 331, 1707, 1708]"
139,"[332, 333]"
140,"[336, 337, 2343, 2344]"
141,"[338, 339]"
142,"[340, 341]"
143,"[342, 343]"
144,"[345, 346]"
145,"[349, 350]"
146,"[351, 352]"
147,"[353, 354, 550]"
148,"[355, 356, 842]"
149,"[357, 358]"
150,"[360, 361]"
151,"[362, 363]"
152,"[364, 365]"
153,"[367, 368]"
154,"[370, 371]"
155,"[372, 373]"
156,"[374, 375, 447, 448, 449, 1978, 2066]"
157,"[376, 377, 1237]"
158,"[378, 379, 551]"
159,"[383, 384]"
160,"[385, 386]"
161,"[388, 389]"
162,"[390, 391]"
163,"[392, 393]"
164,"[394, 395]"
165,"[396, 397]"
166,"[398, 399]"
167,"[400, 401]"
168,"[406, 407]"
169,"[408, 409, 676, 1134, 1135, 1249, 1510, 1889, 2385, 2432]"
170,"[410, 411]"
171,"[412, 413]"
172,"[414, 415]"
173,"[416, 417]"
174,"[418, 419, 1195, 1640]"
175,"[420, 421]"
176,"[424, 425, 1414]"
177,"[426, 427]"
178,"[428, 429]"
179,"[430, 431]"
180,"[432, 433, 1888]"
181,"[434, 435]"
182,"[436, 437, 1507, 2202]"
183,"[439, 440]"
184,"[442, 443, 1353, 1354, 1619]"
185,"[445, 446]"
186,"[452, 453]"
187,"[455, 456]"
188,"[457, 458]"
189,"[459, 460, 502, 503, 860, 861, 862, 863, 864, 865, 866, 1347, 1495, 1497, 2142, 2175, 2435]"
190,"[461, 462, 463]"
191,"[464, 465, 764]"
192,"[466, 467]"
193,"[468, 469]"
194,"[470, 471, 649]"
195,"[472, 473]"
196,"[474, 475]"
197,"[476, 477]"
198,"[479, 480]"
199,"[481, 482]"
200,"[485, 486, 635]"
201,"[487, 488, 779, 780]"
202,"[489, 490]"
203,"[491, 492]"
204,"[493, 494]"
205,"[495, 496]"
206,"[497, 498]"
207,"[499, 500]"
208,"[504, 505]"
209,"[506, 507]"
210,"[508, 509]"
211,"[510, 511]"
212,"[512, 513, 1633]"
213,"[514, 515]"
214,"[516, 517, 1692]"
215,"[521, 522]"
216,"[523, 524, 806]"
217,"[526, 527]"
218,"[528, 529, 1657]"
219,"[531, 532]"
220,"[534, 535]"
221,"[537, 538, 893, 894, 1269, 1409]"
222,"[539, 540, 715]"
223,"[542, 543]"
224,"[544, 545, 561, 1775]"
225,"[547, 548]"
226,"[552, 553]"
227,"[555, 556]"
228,"[558, 559, 560]"
229,"[563, 564, 1207, 2423]"
230,"[565, 566]"
231,"[568, 569]"
232,"[570, 571]"
233,"[574, 575, 853]"
234,"[576, 577]"
235,"[578, 579, 2510]"
236,"[580, 581]"
237,"[582, 583]"
238,"[587, 588]"
239,"[589, 590]"
240,"[593, 594]"
241,"[595, 596]"
242,"[597, 598, 1837]"
243,"[599, 600, 601]"
244,"[602, 603]"
245,"[604, 605]"
246,"[607, 608, 985]"
247,"[609, 610]"
248,"[611, 612]"
249,"[613, 614]"
250,"[615, 616]"
251,"[617, 618, 1440]"
252,"[619, 620]"
253,"[621, 622, 1953]"
254,"[623, 624]"
255,"[625, 626]"
256,"[628, 629]"
257,"[633, 634]"
258,"[638, 639]"
259,"[640, 641, 1083, 1782]"
260,"[643, 644, 922]"
261,"[645, 646]"
262,"[647, 648, 1478, 1479]"
263,"[650, 651]"
264,"[652, 653, 1426, 2413]"
265,"[654, 655]"
266,"[656, 657]"
267,"[658, 659]"
268,"[660, 661]"
269,"[662, 663]"
270,"[665, 666]"
271,"[667, 668]"
272,"[669, 670]"
273,"[671, 672]"
274,"[673, 674, 2218, 2393, 2394]"
275,"[677, 678]"
276,"[681, 682]"
277,"[683, 684]"
278,"[689, 690, 1956]"
279,"[691, 692]"
280,"[694, 695, 2412]"
281,"[696, 697, 789]"
282,"[698, 699, 2182]"
283,"[700, 701]"
284,"[702, 703]"
285,"[705, 706]"
286,"[707, 708, 1686]"
287,"[709, 710]"
288,"[711, 712, 2295]"
289,"[713, 714]"
290,"[716, 717, 1811, 1812]"
291,"[718, 719, 720]"
292,"[721, 722]"
293,"[723, 724]"
294,"[725, 726, 2452]"
295,"[727, 728]"
296,"[731, 732]"
297,"[733, 734]"
298,"[735, 736]"
299,"[737, 738, 1279, 1842]"
300,"[739, 740]"
301,"[741, 742, 2487]"
302,"[744, 745]"
303,"[746, 747]"
304,"[748, 749]"
305,"[750, 751, 752, 2320]"
306,"[753, 754]"
307,"[755, 756, 1357, 2451]"
308,"[757, 758]"
309,"[759, 760]"
310,"[761, 762]"
311,"[765, 766]"
312,"[767, 768]"
313,"[769, 770]"
314,"[771, 772]"
315,"[774, 775]"
316,"[777, 778, 1152]"
317,"[783, 784]"
318,"[785, 786, 2224]"
319,"[787, 788, 2092]"
320,"[790, 791, 792]"
321,"[793, 794]"
322,"[795, 796]"
323,"[797, 798]"
324,"[799, 800, 2051, 2052, 2327]"
325,"[803, 804]"
326,"[807, 808]"
327,"[810, 811]"
328,"[813, 814, 1511]"
329,"[815, 816, 1238]"
330,"[817, 818]"
331,"[821, 822, 1105]"
332,"[824, 825]"
333,"[826, 827, 1358, 2100]"
334,"[829, 830, 2080]"
335,"[832, 833]"
336,"[834, 835]"
337,"[836, 837]"
338,"[838, 839, 1101, 1119, 1262, 1391, 1554, 1907]"
339,"[843, 844]"
340,"[845, 846]"
341,"[848, 849]"
342,"[854, 855, 1834, 1835, 1836, 1899, 2291]"
343,"[856, 857, 2103]"
344,"[858, 859]"
345,"[867, 868]"
346,"[869, 870]"
347,"[871, 872]"
348,"[873, 874]"
349,"[875, 876, 877, 1537, 2518]"
350,"[880, 881]"
351,"[883, 884]"
352,"[885, 886]"
353,"[888, 889]"
354,"[891, 892, 1027, 1411]"
355,"[895, 896, 1950]"
356,"[897, 898]"
357,"[899, 900]"
358,"[901, 902, 2496]"
359,"[903, 904]"
360,"[905, 906]"
361,"[907, 908]"
362,"[910, 911, 912, 1971, 2021]"
363,"[913, 914]"
364,"[915, 916]"
365,"[918, 919]"
366,"[920, 921, 1085, 1086, 1087, 2029, 2191, 2337, 2380, 2508]"
367,"[923, 924]"
368,"[925, 926]"
369,"[927, 928]"
370,"[932, 933]"
371,"[934, 935]"
372,"[936, 937]"
373,"[938, 939]"
374,"[940, 941]"
375,"[942, 943]"
376,"[944, 945, 2183, 2184]"
377,"[946, 947]"
378,"[949, 950, 1037, 1988]"
379,"[951, 952, 1423]"
380,"[953, 954]"
381,"[955, 956]"
382,"[957, 958]"
383,"[960, 961, 2292]"
384,"[962, 963]"
385,"[965, 966, 967]"
386,"[968, 969]"
387,"[971, 972]"
388,"[974, 975, 2049]"
389,"[976, 977]"
390,"[980, 981]"
391,"[982, 983]"
392,"[986, 987, 2197]"
393,"[992, 993]"
394,"[994, 995]"
395,"[996, 997]"
396,"[998, 999, 1647]"
397,"[1001, 1002]"
398,"[1004, 1005]"
399,"[1007, 1008]"
400,"[1009, 1010, 2286]"
401,"[1011, 1012]"
402,"[1013, 1014]"
403,"[1015, 1016]"
404,"[1018, 1019]"
405,"[1020, 1021]"
406,"[1023, 1024]"
407,"[1028, 1029]"
408,"[1030, 1031, 1032, 1033, 1881]"
409,"[1035, 1036]"
410,"[1038, 1039]"
411,"[1042, 1043, 1068]"
412,"[1044, 1045]"
413,"[1046, 1047]"
414,"[1049, 1050]"
415,"[1051, 1052]"
416,"[1053, 1054]"
417,"[1055, 1056]"
418,"[1058, 1059]"
419,"[1060, 1061, 1989]"
420,"[1062, 1063, 2326]"
421,"[1064, 1065, 1580]"
422,"[1066, 1067]"
423,"[1069, 1070]"
424,"[1071, 1072]"
425,"[1073, 1074]"
426,"[1075, 1076]"
427,"[1078, 1079]"
428,"[1080, 1081, 1082, 2346, 2476]"
429,"[1091, 1092]"
430,"[1093, 1094, 1499]"
431,"[1095, 1096]"
432,"[1097, 1098]"
433,"[1102, 1103]"
434,"[1106, 1107]"
435,"[1108, 1109, 1348]"
436,"[1111, 1112]"
437,"[1113, 1114]"
438,"[1115, 1116, 2003]"
439,"[1117, 1118]"
440,"[1121, 1122, 1568]"
441,"[1123, 1124, 1676, 1677, 1720]"
442,"[1125, 1126]"
443,"[1127, 1128]"
444,"[1129, 1130]"
445,"[1131, 1132]"
446,"[1136, 1137]"
447,"[1138, 1139]"
448,"[1140, 1141]"
449,"[1142, 1143, 1480, 1856]"
450,"[1144, 1145]"
451,"[1146, 1147]"
452,"[1149, 1150]"
453,"[1153, 1154, 2547]"
454,"[1155, 1156, 2093, 2094]"
455,"[1157, 1158]"
456,"[1159, 1160, 1882, 2384]"
457,"[1161, 1162]"
458,"[1163, 1164]"
459,"[1165, 1166]"
460,"[1167, 1168, 2143]"
461,"[1169, 1170]"
462,"[1171, 1172]"
463,"[1183, 1184]"
464,"[1185, 1186]"
465,"[1187, 1188]"
466,"[1189, 1190]"
467,"[1191, 1192]"
468,"[1193, 1194]"
469,"[1197, 1198]"
470,"[1199, 1200]"
471,"[1201, 1202, 2386]"
472,"[1203, 1204]"
473,"[1205, 1206]"
474,"[1209, 1210]"
475,"[1211, 1212]"
476,"[1214, 1215]"
477,"[1216, 1217]"
478,"[1218, 1219]"
479,"[1220, 1221]"
480,"[1222, 1223]"
481,"[1226, 1227]"
482,"[1228, 1229, 1672]"
483,"[1230, 1231]"
484,"[1232, 1233, 1234]"
485,"[1235, 1236]"
486,"[1239, 1240]"
487,"[1241, 1242]"
488,"[1243, 1244, 2042]"
489,"[1245, 1246]"
490,"[1247, 1248]"
491,"[1250, 1251]"
492,"[1253, 1254]"
493,"[1255, 1256, 1648]"
494,"[1257, 1258]"
495,"[1259, 1260]"
496,"[1263, 1264]"
497,"[1265, 1266]"
498,"[1267, 1268, 1777]"
499,"[1270, 1271, 2150]"
500,"[1272, 1273]"
501,"[1275, 1276]"
502,"[1280, 1281]"
503,"[1282, 1283, 2530]"
504,"[1284, 1285]"
505,"[1286, 1287]"
506,"[1288, 1289, 1496, 2099, 2210]"
507,"[1291, 1292]"
508,"[1294, 1295]"
509,"[1296, 1297]"
510,"[1298, 1299, 1586]"
511,"[1300, 1301]"
512,"[1302, 1303]"
513,"[1305, 1306]"
514,"[1307, 1308, 1309]"
515,"[1312, 1313]"
516,"[1314, 1315, 1498]"
517,"[1316, 1317, 2330]"
518,"[1318, 1319]"
519,"[1320, 1321]"
520,"[1322, 1323]"
521,"[1324, 1325, 1545]"
522,"[1326, 1327]"
523,"[1328, 1329]"
524,"[1330, 1331]"
525,"[1332, 1333]"
526,"[1335, 1336]"
527,"[1337, 1338, 2109, 2303]"
528,"[1341, 1342]"
529,"[1343, 1344]"
530,"[1345, 1346]"
531,"[1350, 1351]"
532,"[1355, 1356, 2438]"
533,"[1359, 1360]"
534,"[1361, 1362]"
535,"[1364, 1365, 1630]"
536,"[1366, 1367]"
537,"[1368, 1369]"
538,"[1371, 1372]"
539,"[1373, 1374, 2381]"
540,"[1375, 1376, 1831, 1832, 1917]"
541,"[1378, 1379]"
542,"[1380, 1381, 1458, 1598]"
543,"[1382, 1383]"
544,"[1384, 1385]"
545,"[1387, 1388]"
546,"[1389, 1390]"
547,"[1392, 1393]"
548,"[1394, 1395, 1854, 1855]"
549,"[1397, 1398]"
550,"[1399, 1400, 2194]"
551,"[1401, 1402]"
552,"[1403, 1404]"
553,"[1405, 1406]"
554,"[1407, 1408]"
555,"[1412, 1413]"
556,"[1415, 1416, 1695, 2318, 2319]"
557,"[1417, 1418]"
558,"[1419, 1420]"
559,"[1421, 1422]"
560,"[1424, 1425, 1459, 1460, 1722, 1723, 1771, 1772, 2068]"
561,"[1427, 1428]"
562,"[1429, 1430]"
563,"[1431, 1432]"
564,"[1433, 1434, 2392, 2509]"
565,"[1436, 1437]"
566,"[1438, 1439]"
567,"[1441, 1442]"
568,"[1443, 1444]"
569,"[1445, 1446]"
570,"[1447, 1448]"
571,"[1449, 1450]"
572,"[1451, 1452]"
573,"[1453, 1454]"
574,"[1455, 1456]"
575,"[1461, 1462]"
576,"[1463, 1464]"
577,"[1465, 1466]"
578,"[1467, 1468, 1603]"
579,"[1469, 1470]"
580,"[1471, 1472]"
581,"[1473, 1474]"
582,"[1476, 1477]"
583,"[1481, 1482]"
584,"[1483, 1484]"
585,"[1485, 1486, 1487, 1864]"
586,"[1489, 1490]"
587,"[1491, 1492]"
588,"[1493, 1494]"
589,"[1500, 1501]"
590,"[1503, 1504]"
591,"[1508, 1509]"
592,"[1512, 1513]"
593,"[1514, 1515]"
594,"[1516, 1517, 2091]"
595,"[1518, 1519]"
596,"[1521, 1522]"
597,"[1523, 1524]"
598,"[1525, 1526, 2513]"
599,"[1527, 1528, 1529]"
600,"[1530, 1531]"
601,"[1533, 1534]"
602,"[1535, 1536]"
603,"[1538, 1539, 1540]"
604,"[1541, 1542]"
605,"[1543, 1544]"
606,"[1546, 1547]"
607,"[1548, 1549]"
608,"[1550, 1551]"
609,"[1552, 1553]"
610,"[1557, 1558]"
611,"[1559, 1560]"
612,"[1561, 1562]"
613,"[1563, 1564]"
614,"[1566, 1567]"
615,"[1569, 1570]"
616,"[1571, 1572]"
617,"[1573, 1574]"
618,"[1575, 1576]"
619,"[1578, 1579]"
620,"[1581, 1582]"
621,"[1583, 1584, 1585]"
622,"[1587, 1588, 1792]"
623,"[1589, 1590]"
624,"[1591, 1592]"
625,"[1593, 1594]"
626,"[1601, 1602]"
627,"[1604, 1605]"
628,"[1606, 1607]"
629,"[1611, 1612]"
630,"[1613, 1614, 1730]"
631,"[1615, 1616]"
632,"[1617, 1618, 2277]"
633,"[1620, 1621]"
634,"[1623, 1624, 1625]"
635,"[1628, 1629]"
636,"[1631, 1632, 1689]"
637,"[1636, 1637]"
638,"[1638, 1639]"
639,"[1642, 1643]"
640,"[1645, 1646]"
641,"[1649, 1650]"
642,"[1651, 1652]"
643,"[1653, 1654]"
644,"[1655, 1656]"
645,"[1658, 1659]"
646,"[1660, 1661, 2074]"
647,"[1662, 1663]"
648,"[1664, 1665]"
649,"[1666, 1667]"
650,"[1668, 1669]"
651,"[1670, 1671]"
652,"[1673, 1674]"
653,"[1678, 1679]"
654,"[1680, 1681, 2077]"
655,"[1682, 1683]"
656,"[1687, 1688]"
657,"[1690, 1691]"
658,"[1693, 1694, 2372]"
659,"[1696, 1697, 2159]"
660,"[1698, 1699]"
661,"[1700, 1701]"
662,"[1702, 1703]"
663,"[1705, 1706]"
664,"[1710, 1711]"
665,"[1712, 1713]"
666,"[1714, 1715]"
667,"[1716, 1717]"
668,"[1718, 1719]"
669,"[1724, 1725]"
670,"[1726, 1727]"
671,"[1728, 1729]"
672,"[1731, 1732]"
673,"[1733, 1734]"
674,"[1735, 1736]"
675,"[1737, 1738]"
676,"[1739, 1740]"
677,"[1741, 1742]"
678,"[1743, 1744]"
679,"[1747, 1748]"
680,"[1749, 1750]"
681,"[1752, 1753]"
682,"[1754, 1755, 2067]"
683,"[1757, 1758]"
684,"[1759, 1760]"
685,"[1761, 1762]"
686,"[1764, 1765]"
687,"[1766, 1767, 2215]"
688,"[1769, 1770]"
689,"[1773, 1774, 2489]"
690,"[1778, 1779]"
691,"[1780, 1781, 2484]"
692,"[1783, 1784]"
693,"[1785, 1786]"
694,"[1787, 1788]"
695,"[1789, 1790]"
696,"[1793, 1794]"
697,"[1795, 1796]"
698,"[1797, 1798]"
699,"[1799, 1800]"
700,"[1801, 1802]"
701,"[1803, 1804]"
702,"[1805, 1806]"
703,"[1807, 1808]"
704,"[1809, 1810, 2269]"
705,"[1813, 1814, 1981, 1982, 1983, 1984, 2024, 2240, 2306]"
706,"[1815, 1816]"
707,"[1818, 1819]"
708,"[1820, 1821]"
709,"[1823, 1824]"
710,"[1827, 1828]"
711,"[1829, 1830, 2441]"
712,"[1838, 1839]"
713,"[1840, 1841, 2550]"
714,"[1843, 1844]"
715,"[1845, 1846]"
716,"[1847, 1848, 1947]"
717,"[1849, 1850]"
718,"[1852, 1853]"
719,"[1857, 1858]"
720,"[1860, 1861, 2204]"
721,"[1862, 1863]"
722,"[1866, 1867]"
723,"[1868, 1869]"
724,"[1872, 1873]"
725,"[1874, 1875]"
726,"[1876, 1877]"
727,"[1879, 1880]"
728,"[1883, 1884, 2521]"
729,"[1885, 1886, 1887, 2106, 2502]"
730,"[1891, 1892]"
731,"[1893, 1894]"
732,"[1895, 1896]"
733,"[1900, 1901]"
734,"[1903, 1904]"
735,"[1905, 1906]"
736,"[1908, 1909, 1910, 1931]"
737,"[1911, 1912]"
738,"[1913, 1914]"
739,"[1915, 1916]"
740,"[1918, 1919, 2255]"
741,"[1920, 1921]"
742,"[1923, 1924, 2167, 2453]"
743,"[1925, 1926]"
744,"[1927, 1928]"
745,"[1929, 1930]"
746,"[1933, 1934]"
747,"[1935, 1936]"
748,"[1937, 1938]"
749,"[1939, 1940]"
750,"[1942, 1943]"
751,"[1948, 1949]"
752,"[1951, 1952]"
753,"[1954, 1955]"
754,"[1957, 1958]"
755,"[1959, 1960]"
756,"[1961, 1962]"
757,"[1963, 1964]"
758,"[1965, 1966]"
759,"[1967, 1968]"
760,"[1969, 1970]"
761,"[1972, 1973]"
762,"[1974, 1975]"
763,"[1976, 1977]"
764,"[1979, 1980]"
765,"[1985, 1986]"
766,"[1990, 1991]"
767,"[1992, 1993]"
768,"[1994, 1995]"
769,"[1996, 1997, 2131]"
770,"[1998, 1999]"
771,"[2001, 2002]"
772,"[2004, 2005]"
773,"[2006, 2007]"
774,"[2008, 2009]"
775,"[2010, 2011]"
776,"[2012, 2013]"
777,"[2014, 2015]"
778,"[2016, 2017]"
779,"[2018, 2019, 2020]"
780,"[2022, 2023]"
781,"[2025, 2026]"
782,"[2027, 2028]"
783,"[2030, 2031]"
784,"[2032, 2033]"
785,"[2034, 2035]"
786,"[2036, 2037]"
787,"[2038, 2039]"
788,"[2040, 2041]"
789,"[2043, 2044]"
790,"[2045, 2046]"
791,"[2047, 2048]"
792,"[2054, 2055, 2056]"
793,"[2057, 2058]"
794,"[2059, 2060]"
795,"[2061, 2062]"
796,"[2063, 2064, 2065, 2221]"
797,"[2070, 2071]"
798,"[2072, 2073]"
799,"[2075, 2076]"
800,"[2078, 2079]"
801,"[2081, 2082]"
802,"[2083, 2084, 2503]"
803,"[2085, 2086]"
804,"[2087, 2088]"
805,"[2089, 2090]"
806,"[2095, 2096]"
807,"[2097, 2098]"
808,"[2101, 2102]"
809,"[2104, 2105]"
810,"[2107, 2108]"
811,"[2111, 2112]"
812,"[2113, 2114]"
813,"[2115, 2116]"
814,"[2117, 2118]"
815,"[2119, 2120]"
816,"[2121, 2122]"
817,"[2123, 2124]"
818,"[2125, 2126]"
819,"[2127, 2128]"
820,"[2129, 2130]"
821,"[2132, 2133]"
822,"[2134, 2135]"
823,"[2136, 2137]"
824,"[2138, 2139]"
825,"[2140, 2141]"
826,"[2144, 2145]"
827,"[2146, 2147]"
828,"[2148, 2149]"
829,"[2151, 2152]"
830,"[2153, 2154]"
831,"[2155, 2156]"
832,"[2157, 2158]"
833,"[2160, 2161, 2162]"
834,"[2164, 2165]"
835,"[2168, 2169]"
836,"[2170, 2171]"
837,"[2172, 2173, 2174]"
838,"[2176, 2177]"
839,"[2178, 2179]"
840,"[2180, 2181]"
841,"[2186, 2187]"
842,"[2188, 2189]"
843,"[2192, 2193]"
844,"[2195, 2196]"
845,"[2198, 2199]"
846,"[2200, 2201]"
847,"[2205, 2206]"
848,"[2207, 2208]"
849,"[2211, 2212]"
850,"[2213, 2214]"
851,"[2219, 2220]"
852,"[2222, 2223]"
853,"[2225, 2226, 2397]"
854,"[2228, 2229]"
855,"[2230, 2231]"
856,"[2232, 2233]"
857,"[2234, 2235]"
858,"[2236, 2237]"
859,"[2238, 2239]"
860,"[2241, 2242]"
861,"[2243, 2244]"
862,"[2245, 2246]"
863,"[2247, 2248]"
864,"[2251, 2252]"
865,"[2253, 2254]"
866,"[2256, 2257]"
867,"[2258, 2259]"
868,"[2260, 2261, 2391, 2444]"
869,"[2263, 2264]"
870,"[2265, 2266]"
871,"[2267, 2268]"
872,"[2270, 2271]"
873,"[2272, 2273]"
874,"[2274, 2275]"
875,"[2278, 2279]"
876,"[2280, 2281]"
877,"[2282, 2283]"
878,"[2284, 2285]"
879,"[2287, 2288]"
880,"[2289, 2290]"
881,"[2293, 2294]"
882,"[2297, 2298]"
883,"[2299, 2300]"
884,"[2301, 2302]"
885,"[2304, 2305]"
886,"[2308, 2309]"
887,"[2310, 2311]"
888,"[2312, 2313]"
889,"[2314, 2315]"
890,"[2316, 2317]"
891,"[2322, 2323]"
892,"[2324, 2325]"
893,"[2328, 2329]"
894,"[2331, 2332]"
895,"[2333, 2334]"
896,"[2335, 2336]"
897,"[2338, 2339]"
898,"[2341, 2342]"
899,"[2347, 2348]"
900,"[2349, 2350]"
901,"[2351, 2352]"
902,"[2353, 2354]"
903,"[2355, 2356]"
904,"[2357, 2358]"
905,"[2359, 2360]"
906,"[2361, 2362]"
907,"[2363, 2364]"
908,"[2365, 2366]"
909,"[2368, 2369]"
910,"[2370, 2371]"
911,"[2373, 2374]"
912,"[2375, 2376]"
913,"[2377, 2378]"
914,"[2382, 2383]"
915,"[2387, 2388]"
916,"[2389, 2390]"
917,"[2395, 2396]"
918,"[2398, 2399]"
919,"[2401, 2402]"
920,"[2403, 2404]"
921,"[2405, 2406]"
922,"[2408, 2409]"
923,"[2410, 2411]"
924,"[2415, 2416]"
925,"[2417, 2418]"
926,"[2419, 2420]"
927,"[2421, 2422]"
928,"[2424, 2425]"
929,"[2426, 2427]"
930,"[2428, 2429]"
931,"[2430, 2431]"
932,"[2433, 2434]"
933,"[2436, 2437]"
934,"[2439, 2440]"
935,"[2442, 2443]"
936,"[2445, 2446]"
937,"[2447, 2448]"
938,"[2449, 2450]"
939,"[2454, 2455]"
940,"[2456, 2457]"
941,"[2459, 2460]"
942,"[2461, 2462]"
943,"[2463, 2464]"
944,"[2466, 2467]"
945,"[2468, 2469]"
946,"[2470, 2471]"
947,"[2472, 2473]"
948,"[2474, 2475]"
949,"[2477, 2478]"
950,"[2480, 2481]"
951,"[2482, 2483]"
952,"[2485, 2486]"
953,"[2491, 2492]"
954,"[2494, 2495]"
955,"[2497, 2498]"
956,"[2500, 2501]"
957,"[2504, 2505]"
958,"[2506, 2507]"
959,"[2511, 2512]"
960,"[2514, 2515]"
961,"[2516, 2517]"
962,"[2519, 2520]"
963,"[2522, 2523]"
964,"[2524, 2525]"
965,"[2526, 2527]"
966,"[2528, 2529]"
967,"[2531, 2532]"
968,"[2533, 2534]"
969,"[2535, 2536]"
970,"[2537, 2538]"
971,"[2539, 2540]"
972,"[2541, 2542]"
973,"[2543, 2544]"
974,"[2545, 2546]"
975,"[2548, 2549]"
