node1,node2,count_of_same_edge_h0,h1,h0,count_of_same_edge_h0_h1
0,1,1,1,1,1
2,3,1,1,1,1
4,5,1,1,1,1
5,1500,1,1,1,1
6,7,1,1,1,1
8,9,1,1,1,1
10,11,2,1,1,1
10,691,1,0,1,0
10,812,1,1,1,1
12,13,1,1,1,1
13,1377,1,0,1,0
14,15,1,1,1,1
16,17,1,1,1,1
18,19,1,1,1,1
20,21,1,1,1,1
21,566,1,1,1,1
21,2169,1,1,1,1
22,23,1,1,1,1
24,25,1,0,1,0
26,27,1,1,1,1
28,29,1,1,1,1
30,31,1,1,1,1
32,33,1,0,1,0
34,35,1,1,1,1
36,37,1,1,1,1
36,673,1,1,1,1
36,696,1,1,1,1
36,954,1,1,1,1
36,1734,1,1,1,1
36,2157,1,1,1,1
38,39,1,1,1,1
39,1227,1,1,1,1
40,41,1,1,1,1
42,43,1,1,1,1
44,45,1,1,1,1
46,47,1,1,1,1
47,605,1,1,1,1
47,937,1,1,1,1
47,938,1,1,1,1
48,49,1,1,1,1
50,51,1,0,1,0
52,53,1,1,1,1
54,55,1,1,1,1
56,57,1,1,1,1
58,59,1,1,1,1
60,61,1,1,1,1
62,63,1,1,1,1
64,65,1,1,1,1
66,67,1,1,1,1
68,69,1,0,1,0
70,71,1,1,1,1
72,73,1,1,1,1
74,75,1,1,1,1
76,77,1,1,1,1
77,1028,1,0,1,0
78,79,1,1,1,1
80,81,1,0,1,0
82,83,1,1,1,1
84,85,1,1,1,1
86,87,1,1,1,1
88,89,1,1,1,1
90,91,1,0,1,0
90,92,1,0,1,0
91,92,1,0,1,0
93,94,1,1,1,1
93,137,1,0,1,0
93,332,1,0,1,0
93,333,1,0,1,0
93,334,1,0,1,0
93,335,1,0,1,0
95,96,1,1,1,1
97,98,1,1,1,1
99,100,1,1,1,1
100,1453,1,0,1,0
101,102,1,1,1,1
103,104,1,1,1,1
105,106,1,1,1,1
107,108,1,1,1,1
109,110,1,1,1,1
109,111,1,1,1,1
109,1116,1,1,1,1
110,111,1,1,1,1
112,113,1,1,1,1
114,115,1,1,1,1
116,117,1,1,1,1
118,119,1,0,1,0
118,120,1,0,1,0
118,121,1,0,1,0
118,122,1,0,1,0
118,2088,1,1,1,1
119,120,1,0,1,0
119,121,1,0,1,0
119,122,1,0,1,0
120,121,1,0,1,0
120,122,1,0,1,0
121,122,1,0,1,0
121,2278,1,1,1,1
123,124,1,1,1,1
123,210,1,1,1,1
123,2130,1,1,1,1
125,126,1,1,1,1
126,2006,1,0,1,0
127,128,1,1,1,1
129,130,1,1,1,1
131,132,1,1,1,1
133,5,1,1,1,1
134,135,1,1,1,1
136,137,1,1,1,1
137,333,1,0,1,0
137,334,1,0,1,0
137,335,1,0,1,0
138,139,1,1,1,1
140,141,1,1,1,1
142,83,1,1,1,1
143,144,1,0,1,0
143,145,1,0,1,0
144,145,1,0,1,0
146,147,1,1,1,1
148,149,1,0,1,0
150,151,1,0,1,0
152,153,1,1,1,1
154,155,1,0,1,0
154,156,1,0,1,0
155,156,1,0,1,0
155,848,1,1,1,1
157,158,1,1,1,1
159,160,1,0,1,0
159,2113,1,1,1,1
161,162,2,1,1,2
163,164,1,1,1,1
165,166,1,1,1,1
167,168,1,1,1,1
169,170,1,1,1,1
171,172,1,0,1,0
173,174,1,1,1,1
175,176,1,1,1,1
177,178,1,1,1,1
179,180,1,1,1,1
181,182,1,1,1,1
183,184,1,0,1,0
183,185,1,0,1,0
184,185,1,0,1,0
186,187,1,0,1,0
188,189,1,0,1,0
190,191,1,1,1,1
192,193,1,1,1,1
194,195,1,1,1,1
196,197,1,0,1,0
198,199,1,1,1,1
198,1459,1,0,1,0
200,201,1,1,1,1
202,203,1,1,1,1
204,205,1,1,1,1
206,207,1,1,1,1
208,209,1,1,1,1
211,212,1,0,1,0
213,214,1,1,1,1
215,216,1,1,1,1
215,1113,1,1,1,1
217,218,1,1,1,1
219,220,1,1,1,1
220,277,1,0,1,0
221,222,1,1,1,1
223,5,1,1,1,1
224,225,1,1,1,1
226,227,1,1,1,1
228,229,1,1,1,1
230,231,1,1,1,1
232,233,1,0,1,0
234,235,1,1,1,1
236,237,1,1,1,1
238,239,1,1,1,1
240,241,1,1,1,1
242,243,1,1,1,1
244,245,1,1,1,1
246,247,1,0,1,0
246,248,1,0,1,0
246,745,1,0,1,0
246,746,1,0,1,0
247,248,1,0,1,0
249,250,1,0,1,0
251,252,1,1,1,1
251,2252,1,0,1,0
253,254,1,1,1,1
255,256,1,1,1,1
257,258,1,1,1,1
257,517,1,0,1,0
257,719,1,0,1,0
259,260,1,1,1,1
261,262,1,1,1,1
263,264,1,1,1,1
265,266,1,1,1,1
267,268,1,0,1,0
269,264,1,0,1,0
270,271,1,1,1,1
272,273,1,1,1,1
274,275,1,1,1,1
276,277,1,1,1,1
277,298,1,1,1,1
278,279,1,0,1,0
278,2133,1,1,1,1
278,2134,1,1,1,1
280,281,1,0,1,0
282,283,1,1,1,1
284,285,1,1,1,1
286,287,1,1,1,1
288,115,1,0,1,0
288,289,1,1,1,1
290,291,1,1,1,1
292,293,1,1,1,1
294,295,1,0,1,0
296,297,1,1,1,1
299,300,1,0,1,0
301,302,1,0,1,0
303,304,1,0,1,0
305,306,1,1,1,1
307,308,1,0,1,0
309,310,1,1,1,1
311,312,1,1,1,1
313,314,1,1,1,1
314,1078,1,0,1,0
315,316,1,1,1,1
317,128,1,1,1,1
318,319,1,1,1,1
320,321,1,0,1,0
322,323,1,1,1,1
324,325,1,1,1,1
326,327,1,1,1,1
328,329,1,0,1,0
330,331,1,1,1,1
332,137,1,0,1,0
332,333,1,0,1,0
332,334,1,0,1,0
332,335,1,0,1,0
333,334,1,0,1,0
333,335,1,0,1,0
334,335,1,0,1,0
334,1566,1,1,1,1
335,1994,1,1,1,1
336,337,1,1,1,1
338,339,1,1,1,1
339,1334,1,0,1,0
339,2175,1,1,1,1
340,341,1,1,1,1
342,343,1,1,1,1
344,345,1,1,1,1
346,347,1,1,1,1
348,349,1,1,1,1
348,1041,1,1,1,1
348,1458,1,1,1,1
350,351,1,1,1,1
352,179,1,0,1,0
352,353,1,1,1,1
354,355,1,1,1,1
356,357,1,1,1,1
358,359,1,1,1,1
360,361,1,1,1,1
362,363,1,1,1,1
363,1684,1,1,1,1
364,365,1,1,1,1
366,367,1,1,1,1
368,369,1,0,1,0
370,371,1,1,1,1
371,1437,1,0,1,0
372,16,1,1,1,1
373,374,1,1,1,1
375,311,1,0,1,0
375,376,1,0,1,0
375,377,1,0,1,0
375,1861,1,1,1,1
376,311,1,0,1,0
376,377,1,0,1,0
377,311,1,0,1,0
378,122,1,1,1,1
379,380,1,1,1,1
381,5,1,1,1,1
382,383,1,1,1,1
384,385,1,1,1,1
386,387,1,1,1,1
386,733,1,0,1,0
388,389,1,1,1,1
388,390,1,1,1,1
389,390,1,1,1,1
391,392,1,1,1,1
393,394,1,1,1,1
395,396,1,0,1,0
397,398,1,1,1,1
398,533,1,1,1,1
399,400,1,1,1,1
401,402,1,1,1,1
403,404,1,1,1,1
405,406,1,1,1,1
407,408,1,1,1,1
409,410,1,0,1,0
409,520,1,1,1,1
411,412,1,1,1,1
412,653,1,1,1,1
413,414,1,1,1,1
415,416,1,1,1,1
417,418,1,1,1,1
419,420,1,1,1,1
421,422,1,1,1,1
423,386,1,0,1,0
423,424,1,1,1,1
423,732,1,0,1,0
423,733,1,0,1,0
425,426,1,1,1,1
427,428,1,0,1,0
429,430,1,1,1,1
431,432,1,1,1,1
433,434,1,1,1,1
435,436,1,1,1,1
437,438,1,1,1,1
439,440,1,1,1,1
441,442,1,1,1,1
443,444,1,1,1,1
445,446,1,1,1,1
447,448,1,0,1,0
449,450,1,0,1,0
449,591,1,1,1,1
451,452,1,0,1,0
451,464,1,1,1,1
453,454,1,1,1,1
455,295,1,1,1,1
456,315,1,1,1,1
457,458,1,1,1,1
459,460,1,0,1,0
461,462,1,1,1,1
461,463,1,1,1,1
462,463,1,1,1,1
465,466,1,1,1,1
465,1053,1,0,1,0
467,468,1,1,1,1
469,470,1,1,1,1
471,472,1,1,1,1
473,474,1,0,1,0
474,720,1,1,1,1
475,476,1,1,1,1
477,478,1,0,1,0
477,2295,1,1,1,1
479,480,1,0,1,0
481,482,1,1,1,1
483,484,1,1,1,1
485,486,1,0,1,0
487,488,1,1,1,1
489,490,1,0,1,0
489,491,1,0,1,0
490,491,1,0,1,0
492,493,1,1,1,1
494,495,1,1,1,1
496,497,1,1,1,1
496,844,1,0,1,0
498,499,1,1,1,1
500,501,1,1,1,1
502,503,1,1,1,1
504,505,1,1,1,1
506,507,1,1,1,1
508,509,1,1,1,1
509,1749,1,0,1,0
510,511,1,1,1,1
512,513,1,1,1,1
514,515,1,1,1,1
516,517,1,1,1,1
517,719,1,0,1,0
518,519,1,0,1,0
521,144,1,1,1,1
522,523,1,1,1,1
524,19,1,0,1,0
524,2266,1,1,1,1
525,526,1,0,1,0
525,933,1,1,1,1
527,528,1,1,1,1
527,787,1,1,1,1
529,530,1,1,1,1
531,532,1,1,1,1
534,535,1,1,1,1
536,537,1,1,1,1
536,1256,1,1,1,1
536,2201,1,1,1,1
538,539,1,0,1,0
540,541,1,1,1,1
542,543,1,1,1,1
544,545,1,1,1,1
546,547,1,0,1,0
548,549,1,0,1,0
548,919,1,0,1,0
550,551,1,0,1,0
552,553,1,1,1,1
554,555,1,1,1,1
556,557,1,1,1,1
558,339,1,1,1,1
559,560,1,0,1,0
561,39,1,1,1,1
562,563,1,1,1,1
564,565,1,1,1,1
567,568,1,1,1,1
567,1752,1,1,1,1
569,570,1,1,1,1
571,572,1,1,1,1
573,574,1,1,1,1
574,661,1,0,1,0
575,576,1,1,1,1
576,1973,1,1,1,1
577,578,1,1,1,1
579,580,1,1,1,1
581,582,1,1,1,1
583,584,1,1,1,1
585,586,1,1,1,1
587,588,1,1,1,1
588,2087,1,1,1,1
589,590,1,0,1,0
592,593,1,1,1,1
594,595,1,0,1,0
594,596,1,0,1,0
595,596,1,0,1,0
597,598,1,1,1,1
599,600,1,1,1,1
601,602,1,1,1,1
601,2239,1,1,1,1
603,604,1,1,1,1
605,606,1,1,1,1
607,608,1,1,1,1
609,610,1,1,1,1
611,612,1,1,1,1
613,614,1,1,1,1
615,616,1,1,1,1
617,618,1,1,1,1
617,2274,1,1,1,1
619,620,1,1,1,1
621,622,1,1,1,1
623,624,1,1,1,1
625,626,1,0,1,0
625,627,1,0,1,0
626,627,1,0,1,0
628,629,1,1,1,1
630,631,1,0,1,0
631,2238,1,1,1,1
632,633,1,1,1,1
634,549,1,0,1,0
634,635,1,0,1,0
636,637,1,1,1,1
638,639,1,1,1,1
640,392,1,1,1,1
641,642,1,1,1,1
643,644,1,0,1,0
645,646,1,1,1,1
647,648,1,1,1,1
649,650,1,1,1,1
651,138,1,0,1,0
652,653,1,1,1,1
654,5,1,1,1,1
655,656,1,1,1,1
657,658,1,1,1,1
658,2017,1,1,1,1
659,660,1,0,1,0
662,663,1,0,1,0
662,664,1,0,1,0
663,664,1,0,1,0
665,666,1,1,1,1
667,668,1,1,1,1
669,670,1,1,1,1
671,672,1,0,1,0
671,1847,1,1,1,1
671,2119,1,1,1,1
674,675,1,1,1,1
676,677,1,0,1,0
678,440,1,1,1,1
679,680,1,1,1,1
681,682,1,1,1,1
683,684,1,1,1,1
685,686,1,1,1,1
687,688,1,1,1,1
689,690,1,0,1,0
690,949,1,1,1,1
691,11,1,0,1,0
692,693,1,1,1,1
694,695,1,1,1,1
697,698,1,1,1,1
699,700,1,1,1,1
701,702,1,1,1,1
703,704,1,1,1,1
705,706,1,1,1,1
707,708,1,1,1,1
709,297,1,1,1,1
710,711,1,1,1,1
712,713,1,1,1,1
714,177,1,1,1,1
715,716,1,1,1,1
717,179,1,0,1,0
717,352,1,0,1,0
718,257,1,0,1,0
718,517,1,0,1,0
718,719,1,0,1,0
718,748,1,1,1,1
721,722,1,1,1,1
721,1635,1,0,1,0
723,724,1,1,1,1
725,726,1,0,1,0
727,386,1,0,1,0
727,423,1,0,1,0
727,728,1,0,1,0
727,729,1,0,1,0
727,730,1,0,1,0
727,731,1,0,1,0
727,732,1,0,1,0
727,733,1,0,1,0
727,1322,1,1,1,1
728,386,1,0,1,0
728,423,1,0,1,0
728,729,1,0,1,0
728,730,1,0,1,0
728,731,1,0,1,0
728,732,1,0,1,0
728,733,1,0,1,0
729,386,1,0,1,0
729,423,1,0,1,0
729,730,1,0,1,0
729,731,1,0,1,0
729,732,1,0,1,0
729,733,1,0,1,0
729,2222,1,1,1,1
730,386,1,0,1,0
730,423,1,0,1,0
730,731,1,0,1,0
730,732,1,0,1,0
730,733,1,0,1,0
730,1966,1,1,1,1
731,386,1,0,1,0
731,423,1,0,1,0
731,732,1,0,1,0
731,733,1,0,1,0
731,1181,1,1,1,1
732,386,1,0,1,0
732,733,1,0,1,0
732,1934,1,1,1,1
734,735,1,0,1,0
736,737,1,0,1,0
738,739,1,1,1,1
740,741,1,1,1,1
742,743,1,0,1,0
742,744,1,0,1,0
742,2303,1,1,1,1
743,744,1,0,1,0
745,746,1,0,1,0
747,708,1,1,1,1
749,750,1,1,1,1
751,752,1,1,1,1
753,754,1,1,1,1
755,756,1,0,1,0
755,757,1,0,1,0
756,757,1,0,1,0
758,759,1,1,1,1
760,761,1,1,1,1
760,1241,1,1,1,1
761,880,1,1,1,1
762,447,1,1,1,1
762,763,1,1,1,1
762,1108,1,1,1,1
762,1240,1,1,1,1
764,765,1,1,1,1
764,1746,1,1,1,1
766,767,1,1,1,1
768,769,1,0,1,0
770,771,1,1,1,1
771,2281,1,1,1,1
772,773,1,1,1,1
774,775,1,1,1,1
776,777,1,1,1,1
778,779,1,1,1,1
778,780,1,1,1,1
778,1816,1,1,1,1
779,780,1,1,1,1
780,1768,1,1,1,1
781,782,1,1,1,1
783,784,1,1,1,1
785,786,1,1,1,1
788,789,1,1,1,1
790,791,1,1,1,1
792,793,1,1,1,1
794,795,1,0,1,0
794,1755,1,0,1,0
795,635,1,0,1,0
796,797,1,1,1,1
798,799,1,1,1,1
800,801,1,1,1,1
802,803,1,1,1,1
804,805,1,1,1,1
806,807,1,1,1,1
808,809,1,1,1,1
809,1975,1,1,1,1
810,811,1,1,1,1
813,814,1,1,1,1
815,816,1,1,1,1
816,1253,1,1,1,1
817,818,1,1,1,1
819,820,1,0,1,0
821,822,1,0,1,0
823,824,1,1,1,1
825,826,1,1,1,1
827,151,1,1,1,1
828,829,1,1,1,1
828,830,1,1,1,1
829,830,1,1,1,1
831,832,1,1,1,1
833,834,1,0,1,0
835,836,1,1,1,1
837,838,1,1,1,1
839,36,1,1,1,1
840,841,1,1,1,1
842,843,1,1,1,1
845,846,1,1,1,1
845,1988,1,0,1,0
847,848,1,1,1,1
849,850,1,1,1,1
849,861,1,1,1,1
849,996,1,1,1,1
849,1674,1,1,1,1
851,852,1,1,1,1
853,854,1,1,1,1
855,856,1,1,1,1
857,858,1,1,1,1
857,1464,1,0,1,0
859,860,1,1,1,1
861,158,1,1,1,1
862,863,1,1,1,1
864,865,1,1,1,1
866,867,1,1,1,1
867,2078,1,1,1,1
868,869,1,1,1,1
870,871,1,1,1,1
872,873,1,1,1,1
874,875,1,1,1,1
876,877,1,1,1,1
878,879,1,1,1,1
881,882,1,1,1,1
883,884,1,0,1,0
883,885,1,0,1,0
883,886,1,0,1,0
884,885,1,0,1,0
884,886,1,0,1,0
885,886,1,0,1,0
886,1677,1,1,1,1
887,888,1,1,1,1
889,813,1,1,1,1
890,891,1,1,1,1
892,893,1,1,1,1
894,895,1,0,1,0
896,897,1,1,1,1
898,899,1,1,1,1
900,901,1,1,1,1
902,903,1,1,1,1
904,905,1,1,1,1
906,907,1,1,1,1
906,1147,1,0,1,0
906,1148,1,0,1,0
908,909,1,1,1,1
910,911,1,0,1,0
912,913,1,0,1,0
912,2118,1,1,1,1
914,915,1,1,1,1
916,917,1,0,1,0
918,893,1,1,1,1
920,921,1,0,1,0
922,923,1,1,1,1
924,925,1,1,1,1
926,927,1,0,1,0
928,929,1,0,1,0
930,931,1,0,1,0
930,932,1,0,1,0
930,2136,1,1,1,1
931,932,1,0,1,0
934,786,1,0,1,0
934,935,1,0,1,0
934,936,1,0,1,0
934,1982,1,1,1,1
934,2127,1,1,1,1
935,786,1,0,1,0
935,936,1,0,1,0
936,786,1,0,1,0
937,938,1,1,1,1
939,940,1,1,1,1
941,942,1,1,1,1
943,944,1,1,1,1
945,946,1,1,1,1
947,948,1,1,1,1
950,951,1,1,1,1
952,953,1,1,1,1
955,956,1,1,1,1
957,958,1,0,1,0
959,960,1,0,1,0
961,962,1,1,1,1
963,706,1,1,1,1
964,45,1,1,1,1
965,966,1,1,1,1
965,1388,1,1,1,1
967,968,1,1,1,1
967,1493,1,1,1,1
969,970,1,1,1,1
971,972,1,1,1,1
973,974,1,1,1,1
975,976,1,0,1,0
977,978,1,0,1,0
979,5,1,1,1,1
980,339,1,0,1,0
980,981,1,1,1,1
980,1334,1,0,1,0
982,983,1,1,1,1
984,985,1,1,1,1
986,987,1,1,1,1
988,989,1,1,1,1
988,1306,1,1,1,1
989,1655,1,1,1,1
990,991,1,1,1,1
992,993,1,1,1,1
994,995,1,1,1,1
997,998,1,0,1,0
999,1000,1,0,1,0
999,2332,1,1,1,1
1001,1002,1,1,1,1
1001,1888,1,0,1,0
1003,1004,1,1,1,1
1005,1006,1,1,1,1
1006,1678,1,1,1,1
1007,1008,1,1,1,1
1009,1010,1,1,1,1
1011,1012,1,1,1,1
1013,1014,1,0,1,0
1015,1016,1,1,1,1
1017,1018,1,1,1,1
1019,717,1,1,1,1
1020,113,1,1,1,1
1021,77,1,0,1,0
1021,1022,1,0,1,0
1021,1023,1,0,1,0
1021,1024,1,0,1,0
1021,1025,1,0,1,0
1021,1026,1,0,1,0
1021,1027,1,0,1,0
1021,1028,1,0,1,0
1022,77,1,0,1,0
1022,1023,1,0,1,0
1022,1024,1,0,1,0
1022,1025,1,0,1,0
1022,1026,1,0,1,0
1022,1027,1,0,1,0
1022,1028,1,0,1,0
1023,77,1,0,1,0
1023,1024,1,0,1,0
1023,1025,1,0,1,0
1023,1026,1,0,1,0
1023,1027,1,0,1,0
1023,1028,1,0,1,0
1024,77,1,0,1,0
1024,1025,1,0,1,0
1024,1026,1,0,1,0
1024,1027,1,0,1,0
1024,1028,1,0,1,0
1025,77,1,0,1,0
1025,1026,1,0,1,0
1025,1027,1,0,1,0
1025,1028,1,0,1,0
1025,2189,1,1,1,1
1026,77,1,0,1,0
1026,1027,1,0,1,0
1026,1028,1,0,1,0
1027,77,1,0,1,0
1027,1028,1,0,1,0
1029,1030,1,0,1,0
1031,1032,1,0,1,0
1033,1034,1,1,1,1
1035,1036,1,0,1,0
1037,1038,1,1,1,1
1039,1040,1,1,1,1
1042,204,1,1,1,1
1043,1044,1,1,1,1
1045,1046,1,1,1,1
1047,1048,1,1,1,1
1049,1050,1,1,1,1
1051,1052,1,1,1,1
1055,1056,1,0,1,0
1057,1058,1,1,1,1
1059,1060,1,1,1,1
1061,1062,1,1,1,1
1063,1064,1,1,1,1
1065,1066,1,1,1,1
1067,1068,1,1,1,1
1069,1070,1,1,1,1
1069,1489,1,0,1,0
1071,1072,1,1,1,1
1073,1074,1,0,1,0
1073,1075,1,0,1,0
1074,1075,1,0,1,0
1076,1077,1,1,1,1
1079,686,1,1,1,1
1080,1081,1,1,1,1
1082,1083,1,1,1,1
1084,1085,1,1,1,1
1084,1837,1,1,1,1
1086,1087,1,1,1,1
1088,1089,1,0,1,0
1090,339,1,1,1,1
1091,1092,1,0,1,0
1093,1094,1,1,1,1
1095,1096,1,1,1,1
1095,1465,1,1,1,1
1097,1098,1,1,1,1
1099,1100,1,1,1,1
1101,706,1,1,1,1
1102,1103,1,0,1,0
1104,1105,1,1,1,1
1106,1107,1,0,1,0
1109,1110,1,0,1,0
1111,1112,1,1,1,1
1114,1115,1,1,1,1
1117,614,1,1,1,1
1118,1119,1,1,1,1
1120,1121,1,1,1,1
1122,1123,1,1,1,1
1124,1125,1,1,1,1
1126,1127,1,1,1,1
1126,1321,1,1,1,1
1126,2000,1,1,1,1
1128,1129,1,1,1,1
1130,1131,1,1,1,1
1132,1133,1,1,1,1
1134,1135,1,1,1,1
1136,1137,1,1,1,1
1138,1139,1,1,1,1
1140,1141,1,1,1,1
1142,1143,1,1,1,1
1144,1145,1,0,1,0
1144,1146,1,0,1,0
1145,1146,1,0,1,0
1147,1148,1,0,1,0
1149,1150,1,1,1,1
1151,1152,1,1,1,1
1151,1323,1,1,1,1
1153,1154,1,1,1,1
1154,2122,1,1,1,1
1155,1156,1,1,1,1
1157,1158,1,0,1,0
1159,1160,1,1,1,1
1161,1162,1,1,1,1
1161,1366,1,0,1,0
1163,1164,1,1,1,1
1165,1166,1,1,1,1
1167,1168,1,1,1,1
1169,1170,1,1,1,1
1171,1172,1,0,1,0
1173,1174,1,0,1,0
1173,1904,1,1,1,1
1173,2095,1,1,1,1
1175,1176,1,1,1,1
1177,1178,1,1,1,1
1179,1180,1,1,1,1
1182,952,1,1,1,1
1183,1184,1,1,1,1
1185,1024,1,1,1,1
1186,1187,1,0,1,0
1187,1437,1,1,1,1
1188,1189,1,1,1,1
1190,631,1,1,1,1
1191,695,1,1,1,1
1192,1193,1,0,1,0
1194,1195,1,1,1,1
1196,36,1,1,1,1
1197,1198,1,1,1,1
1199,1200,1,1,1,1
1201,1202,1,0,1,0
1203,36,1,1,1,1
1204,1205,1,1,1,1
1206,1207,1,1,1,1
1206,2171,1,1,1,1
1208,1209,1,1,1,1
1208,1712,1,1,1,1
1210,5,1,1,1,1
1211,1212,1,1,1,1
1213,1214,1,1,1,1
1213,1417,1,1,1,1
1215,1216,1,1,1,1
1217,1218,1,1,1,1
1219,143,1,1,1,1
1220,1221,1,1,1,1
1222,706,1,1,1,1
1223,1224,1,1,1,1
1225,1226,1,1,1,1
1225,1654,1,1,1,1
1228,1229,1,1,1,1
1230,1231,1,1,1,1
1232,1233,1,1,1,1
1234,1235,1,1,1,1
1236,1237,1,1,1,1
1238,1239,1,1,1,1
1242,1243,1,1,1,1
1244,355,1,1,1,1
1245,1246,1,1,1,1
1246,1511,1,1,1,1
1247,1248,1,1,1,1
1249,1250,1,1,1,1
1251,1252,1,0,1,0
1254,1255,1,1,1,1
1254,1287,1,0,1,0
1254,1533,1,0,1,0
1254,1579,1,0,1,0
1257,1258,1,1,1,1
1259,1260,1,1,1,1
1261,1262,1,1,1,1
1263,1264,1,0,1,0
1263,2182,1,1,1,1
1265,246,1,0,1,0
1266,1267,1,1,1,1
1268,504,1,1,1,1
1269,1270,1,1,1,1
1271,1272,1,1,1,1
1273,1274,1,1,1,1
1275,1276,1,1,1,1
1277,1278,1,1,1,1
1279,1280,1,1,1,1
1281,1282,1,1,1,1
1283,1284,1,1,1,1
1285,1213,1,1,1,1
1286,1287,1,1,1,1
1288,1289,1,1,1,1
1290,1291,1,1,1,1
1292,1293,1,1,1,1
1294,1295,1,1,1,1
1294,1421,1,1,1,1
1296,1297,1,0,1,0
1298,1299,1,0,1,0
1300,1301,1,1,1,1
1302,1303,1,1,1,1
1304,532,1,1,1,1
1304,1305,1,1,1,1
1305,532,1,1,1,1
1307,1308,1,1,1,1
1309,1310,1,1,1,1
1311,1312,1,0,1,0
1311,1313,1,0,1,0
1312,1313,1,0,1,0
1312,1662,1,1,1,1
1314,1315,1,1,1,1
1316,1317,1,1,1,1
1318,1319,1,1,1,1
1320,728,1,1,1,1
1324,942,1,0,1,0
1325,1326,1,1,1,1
1327,5,1,1,1,1
1328,1329,1,0,1,0
1330,184,1,1,1,1
1331,366,1,1,1,1
1331,1993,1,0,1,0
1332,1333,1,1,1,1
1335,1336,1,1,1,1
1337,1338,1,1,1,1
1339,1340,1,1,1,1
1341,1342,1,1,1,1
1343,1344,1,1,1,1
1345,1346,1,1,1,1
1347,1348,1,1,1,1
1347,2298,1,1,1,1
1349,1350,1,1,1,1
1349,1351,1,1,1,1
1350,1351,1,1,1,1
1352,1353,1,1,1,1
1354,1355,1,1,1,1
1356,1357,1,1,1,1
1358,743,1,1,1,1
1359,1360,1,1,1,1
1359,1361,1,1,1,1
1360,1361,1,1,1,1
1362,1363,1,1,1,1
1364,1365,1,1,1,1
1367,1368,1,1,1,1
1369,1370,1,1,1,1
1371,1372,1,1,1,1
1373,1374,1,1,1,1
1375,706,1,1,1,1
1376,13,1,0,1,0
1376,1377,1,0,1,0
1378,1379,1,1,1,1
1380,1381,1,1,1,1
1382,1383,1,1,1,1
1384,1385,1,1,1,1
1386,1387,1,1,1,1
1389,1390,1,1,1,1
1391,1392,1,0,1,0
1393,1394,1,1,1,1
1395,1396,1,1,1,1
1397,1398,1,0,1,0
1399,915,1,1,1,1
1400,1401,1,1,1,1
1402,1403,1,0,1,0
1402,1404,1,0,1,0
1403,1404,1,0,1,0
1405,1134,1,1,1,1
1406,1407,1,1,1,1
1406,1595,1,1,1,1
1408,1409,1,0,1,0
1410,1411,1,0,1,0
1412,1413,1,1,1,1
1414,1415,1,1,1,1
1416,1219,1,1,1,1
1418,19,1,1,1,1
1419,1420,1,1,1,1
1422,1423,1,1,1,1
1424,1425,1,1,1,1
1426,1427,1,0,1,0
1426,1976,1,1,1,1
1426,2055,1,1,1,1
1428,126,1,1,1,1
1429,1430,1,1,1,1
1431,1432,1,1,1,1
1433,1434,1,1,1,1
1435,1436,1,1,1,1
1438,1439,1,1,1,1
1440,70,1,1,1,1
1441,1442,1,0,1,0
1441,1443,1,0,1,0
1442,1443,1,0,1,0
1444,719,1,1,1,1
1445,263,1,1,1,1
1445,1426,1,1,1,1
1446,1447,1,0,1,0
1448,1197,1,0,1,0
1449,1450,1,0,1,0
1449,1451,1,0,1,0
1450,1451,1,0,1,0
1452,100,1,0,1,0
1452,1453,1,0,1,0
1454,1455,1,1,1,1
1456,1457,1,1,1,1
1460,1461,1,1,1,1
1462,1463,1,1,1,1
1466,1467,1,1,1,1
1468,1469,1,1,1,1
1470,1471,1,0,1,0
1472,1473,1,1,1,1
1474,443,1,0,1,0
1475,1476,1,1,1,1
1477,1478,1,1,1,1
1479,1480,1,1,1,1
1481,1482,1,1,1,1
1483,1484,1,1,1,1
1485,1486,1,1,1,1
1487,1488,1,1,1,1
1490,1491,1,1,1,1
1492,1493,1,1,1,1
1494,1495,1,1,1,1
1496,1497,1,0,1,0
1497,1871,1,1,1,1
1498,1499,1,1,1,1
1501,584,1,1,1,1
1502,1503,1,0,1,0
1504,1505,1,1,1,1
1506,1507,1,1,1,1
1508,435,1,0,1,0
1509,1510,1,1,1,1
1512,1513,1,0,1,0
1514,1515,1,1,1,1
1516,1517,1,1,1,1
1518,1519,1,0,1,0
1520,1521,1,1,1,1
1522,272,1,1,1,1
1522,1523,1,0,1,0
1524,1525,1,1,1,1
1526,1527,1,1,1,1
1528,1529,1,1,1,1
1530,1531,1,1,1,1
1532,1493,1,1,1,1
1533,1287,1,0,1,0
1533,1534,1,1,1,1
1535,1536,1,0,1,0
1537,1538,1,0,1,0
1539,1540,1,1,1,1
1541,1432,1,0,1,0
1542,1543,1,0,1,0
1544,1545,1,0,1,0
1546,1547,1,1,1,1
1548,1549,1,1,1,1
1550,1551,1,0,1,0
1552,1553,1,1,1,1
1554,1555,1,1,1,1
1556,5,1,1,1,1
1557,1558,1,1,1,1
1559,1560,1,1,1,1
1561,235,1,1,1,1
1562,1563,1,1,1,1
1564,1565,1,1,1,1
1567,1568,1,1,1,1
1569,1570,1,1,1,1
1571,1572,1,1,1,1
1573,1574,1,1,1,1
1575,1576,1,0,1,0
1576,2005,1,1,1,1
1577,1578,1,1,1,1
1579,1287,1,0,1,0
1579,1533,1,0,1,0
1579,1580,1,1,1,1
1581,452,1,1,1,1
1582,1583,1,1,1,1
1584,1585,1,1,1,1
1586,933,2,1,1,1
1587,1588,1,1,1,1
1589,1590,1,1,1,1
1591,1592,1,1,1,1
1593,1594,1,0,1,0
1596,1597,1,1,1,1
1598,1599,1,1,1,1
1600,1601,1,1,1,1
1602,1603,1,1,1,1
1604,1605,1,1,1,1
1606,1607,1,1,1,1
1608,1609,1,1,1,1
1610,1611,1,1,1,1
1612,593,1,0,1,0
1612,1613,1,0,1,0
1613,593,1,0,1,0
1614,1615,1,1,1,1
1614,1779,1,0,1,0
1614,1780,1,0,1,0
1614,1781,1,0,1,0
1616,1617,1,1,1,1
1618,1619,1,1,1,1
1620,1621,1,0,1,0
1622,1623,1,1,1,1
1624,1625,1,1,1,1
1626,1627,1,1,1,1
1626,2228,1,1,1,1
1628,1629,1,1,1,1
1628,1712,1,1,1,1
1630,1631,1,0,1,0
1632,185,1,1,1,1
1633,1634,1,1,1,1
1633,1635,1,1,1,1
1634,1635,1,1,1,1
1636,488,1,1,1,1
1637,1638,1,1,1,1
1639,1640,1,1,1,1
1641,614,1,1,1,1
1642,1643,1,1,1,1
1644,1645,1,0,1,0
1646,1647,1,1,1,1
1648,1649,1,1,1,1
1650,120,1,1,1,1
1651,1652,1,1,1,1
1653,1654,1,0,1,0
1656,1657,1,1,1,1
1658,1659,1,1,1,1
1660,1661,1,1,1,1
1663,1664,1,0,1,0
1665,1666,1,1,1,1
1667,5,1,1,1,1
1668,1669,1,1,1,1
1670,1671,1,1,1,1
1672,1673,1,1,1,1
1675,1676,1,0,1,0
1679,1680,1,1,1,1
1680,2306,1,1,1,1
1681,1682,1,0,1,0
1681,1683,1,0,1,0
1681,2287,1,1,1,1
1682,1683,1,0,1,0
1685,339,1,1,1,1
1686,1687,1,1,1,1
1688,1689,1,1,1,1
1690,1691,1,1,1,1
1692,333,1,1,1,1
1693,721,1,0,1,0
1693,1635,1,0,1,0
1693,2083,1,1,1,1
1694,1695,1,1,1,1
1696,1697,1,0,1,0
1698,1699,1,1,1,1
1700,1701,1,1,1,1
1702,706,1,1,1,1
1703,1704,1,0,1,0
1703,1705,1,0,1,0
1704,1705,1,0,1,0
1706,1707,1,1,1,1
1708,1709,1,1,1,1
1710,1711,1,1,1,1
1713,1714,1,1,1,1
1713,2047,1,1,1,1
1715,1716,1,1,1,1
1717,1718,1,1,1,1
1718,1958,1,1,1,1
1719,1720,1,1,1,1
1721,1722,1,1,1,1
1723,1724,1,1,1,1
1725,1704,1,1,1,1
1726,1727,1,0,1,0
1728,1729,1,1,1,1
1730,1731,1,1,1,1
1732,1733,1,1,1,1
1735,1736,1,1,1,1
1737,87,1,1,1,1
1737,1738,1,1,1,1
1739,68,1,1,1,1
1740,1741,1,0,1,0
1740,1742,1,0,1,0
1741,1742,1,0,1,0
1743,1647,1,1,1,1
1744,1745,1,0,1,0
1747,1748,1,1,1,1
1750,1751,1,1,1,1
1753,1754,1,1,1,1
1756,1757,1,1,1,1
1758,1759,1,0,1,0
1760,1761,1,1,1,1
1762,1763,1,1,1,1
1764,1765,1,1,1,1
1766,1767,1,1,1,1
1769,1770,1,1,1,1
1771,1772,1,1,1,1
1773,1774,1,1,1,1
1775,377,1,1,1,1
1776,1777,1,1,1,1
1778,1614,1,0,1,0
1778,1779,1,0,1,0
1778,1780,1,0,1,0
1778,1781,1,0,1,0
1779,1780,1,0,1,0
1779,1781,1,0,1,0
1780,1781,1,0,1,0
1782,1783,1,1,1,1
1784,814,1,0,1,0
1785,910,1,1,1,1
1786,1787,1,1,1,1
1788,1789,1,1,1,1
1790,1791,1,1,1,1
1792,1793,1,1,1,1
1794,1795,1,0,1,0
1796,1797,1,1,1,1
1798,960,1,1,1,1
1799,1800,1,1,1,1
1801,1802,1,1,1,1
1803,1804,1,1,1,1
1805,1806,1,1,1,1
1807,1808,1,1,1,1
1809,1810,1,1,1,1
1811,1812,1,1,1,1
1813,1814,1,0,1,0
1813,1815,1,0,1,0
1814,1815,1,0,1,0
1817,1818,1,1,1,1
1819,1779,1,1,1,1
1820,1821,1,1,1,1
1822,1823,1,1,1,1
1824,786,1,1,1,1
1825,1826,1,1,1,1
1827,1828,1,0,1,0
1829,1830,1,1,1,1
1831,1832,1,1,1,1
1833,1834,1,1,1,1
1835,1836,1,1,1,1
1838,1839,1,1,1,1
1840,1841,1,1,1,1
1842,1843,1,1,1,1
1844,835,1,1,1,1
1845,1453,1,1,1,1
1846,1847,1,1,1,1
1848,174,1,1,1,1
1849,1850,1,0,1,0
1849,1851,1,0,1,0
1850,1851,1,0,1,0
1852,1853,1,1,1,1
1854,1855,1,1,1,1
1856,1857,1,0,1,0
1858,1859,1,1,1,1
1858,1860,1,1,1,1
1859,1860,1,1,1,1
1859,2013,1,0,1,0
1862,1565,1,1,1,1
1863,1254,1,0,1,0
1863,1287,1,0,1,0
1863,1533,1,0,1,0
1863,1579,1,0,1,0
1864,1865,1,1,1,1
1866,1867,1,1,1,1
1868,1478,1,0,1,0
1869,1870,1,1,1,1
1872,1873,1,0,1,0
1874,698,1,1,1,1
1875,1876,1,1,1,1
1877,1878,1,1,1,1
1879,1880,1,1,1,1
1881,1882,1,0,1,0
1883,1884,1,1,1,1
1885,1340,1,1,1,1
1886,660,1,1,1,1
1887,1001,1,0,1,0
1887,1888,1,0,1,0
1889,919,1,0,1,0
1890,1891,1,1,1,1
1892,1893,1,1,1,1
1894,1126,1,1,1,1
1895,695,1,1,1,1
1896,1897,1,0,1,0
1898,724,1,1,1,1
1899,1900,1,0,1,0
1901,1682,1,1,1,1
1902,1903,1,1,1,1
1905,1906,1,0,1,0
1907,1908,1,1,1,1
1909,1910,1,1,1,1
1911,1912,1,1,1,1
1913,1914,1,1,1,1
1915,1916,1,1,1,1
1917,1918,1,1,1,1
1919,1920,1,1,1,1
1921,1922,1,0,1,0
1923,1792,1,1,1,1
1924,1925,1,1,1,1
1926,1927,1,1,1,1
1928,1929,1,0,1,0
1930,1931,1,1,1,1
1932,1933,1,0,1,0
1935,1014,1,1,1,1
1936,1937,1,0,1,0
1938,1939,1,0,1,0
1940,1941,1,1,1,1
1942,1109,1,1,1,1
1943,1944,1,1,1,1
1945,1946,1,1,1,1
1947,1948,1,1,1,1
1949,1950,1,1,1,1
1951,1513,1,1,1,1
1952,1953,1,0,1,0
1952,1954,1,0,1,0
1953,1954,1,0,1,0
1955,67,1,0,1,0
1956,1957,1,1,1,1
1959,1960,1,1,1,1
1961,1962,1,1,1,1
1963,1964,1,1,1,1
1963,1965,1,1,1,1
1964,1965,1,1,1,1
1967,1968,1,0,1,0
1969,1970,1,1,1,1
1971,1972,1,1,1,1
1974,809,1,1,1,1
1974,1975,1,1,1,1
1977,1978,1,1,1,1
1979,1980,1,1,1,1
1981,332,1,1,1,1
1983,1984,1,0,1,0
1985,1231,1,1,1,1
1986,1987,1,1,1,1
1989,1990,1,0,1,0
1991,1992,1,1,1,1
1995,1658,1,1,1,1
1996,1997,1,1,1,1
1998,1999,1,1,1,1
2001,2002,1,0,1,0
2003,2004,1,0,1,0
2007,2008,1,0,1,0
2009,2010,1,1,1,1
2011,2012,1,1,1,1
2014,2015,1,1,1,1
2016,684,1,0,1,0
2018,2019,1,1,1,1
2018,2186,1,1,1,1
2020,2021,1,0,1,0
2022,2023,1,1,1,1
2024,2025,1,1,1,1
2026,2027,1,0,1,0
2028,2029,1,1,1,1
2030,2031,1,1,1,1
2032,1780,1,1,1,1
2033,2034,1,1,1,1
2035,2036,1,1,1,1
2037,2038,1,1,1,1
2039,2040,1,1,1,1
2041,227,1,0,1,0
2041,2042,1,1,1,1
2043,2044,1,1,1,1
2045,2046,1,1,1,1
2048,1054,1,1,1,1
2049,2050,1,1,1,1
2051,2052,1,1,1,1
2053,2054,1,1,1,1
2056,2057,1,1,1,1
2058,2059,1,1,1,1
2060,1611,1,0,1,0
2061,2062,1,1,1,1
2063,2064,1,1,1,1
2065,2066,1,1,1,1
2067,2068,1,0,1,0
2069,1436,1,1,1,1
2070,2071,1,1,1,1
2072,2073,1,1,1,1
2074,2075,1,0,1,0
2076,2077,1,1,1,1
2079,2080,1,0,1,0
2081,2082,1,1,1,1
2084,823,1,1,1,1
2085,2086,1,0,1,0
2089,2090,1,1,1,1
2091,2092,1,1,1,1
2093,2094,1,1,1,1
2096,2097,1,1,1,1
2098,1778,1,1,1,1
2099,5,1,1,1,1
2100,2101,1,1,1,1
2102,2103,1,1,1,1
2104,2105,1,1,1,1
2106,2107,1,1,1,1
2108,2109,1,1,1,1
2110,1246,1,1,1,1
2110,2111,1,1,1,1
2111,1246,1,1,1,1
2112,627,1,1,1,1
2114,2115,1,0,1,0
2116,2117,1,0,1,0
2119,1847,1,1,1,1
2120,2121,1,1,1,1
2123,2124,1,1,1,1
2125,2126,1,1,1,1
2128,2129,1,1,1,1
2131,2132,1,1,1,1
2133,2134,1,1,1,1
2135,5,1,1,1,1
2137,2138,1,0,1,0
2139,2140,1,1,1,1
2141,2142,1,1,1,1
2143,2144,1,1,1,1
2145,2146,1,1,1,1
2147,2148,1,1,1,1
2149,2150,1,1,1,1
2151,2152,1,0,1,0
2153,2154,1,1,1,1
2155,2156,1,1,1,1
2158,2159,1,1,1,1
2160,2161,1,1,1,1
2162,1510,1,0,1,0
2163,2164,1,1,1,1
2165,2166,1,1,1,1
2167,2168,1,1,1,1
2170,1982,1,1,1,1
2172,2173,1,1,1,1
2174,1005,1,1,1,1
2176,1047,1,1,1,1
2177,2178,1,0,1,0
2179,2180,1,1,1,1
2181,2054,1,1,1,1
2182,2294,1,1,1,1
2183,2184,1,0,1,0
2183,2185,1,0,1,0
2184,2185,1,0,1,0
2187,2188,1,1,1,1
2190,2191,1,1,1,1
2192,2193,1,1,1,1
2194,2195,1,1,1,1
2196,2197,1,1,1,1
2198,2199,1,1,1,1
2200,572,1,1,1,1
2202,2203,1,0,1,0
2204,2205,1,1,1,1
2206,2207,1,1,1,1
2208,2209,1,1,1,1
2210,1053,1,1,1,1
2211,2212,1,0,1,0
2213,2214,1,1,1,1
2215,2216,1,1,1,1
2217,2218,1,1,1,1
2219,339,1,1,1,1
2220,2221,1,1,1,1
2223,2224,1,1,1,1
2225,1188,1,1,1,1
2226,2227,1,1,1,1
2229,2230,1,1,1,1
2231,2054,1,1,1,1
2232,2233,1,1,1,1
2234,2235,1,1,1,1
2236,2237,1,0,1,0
2240,1718,1,0,1,0
2241,2242,1,1,1,1
2243,2244,1,0,1,0
2245,5,1,1,1,1
2246,2247,1,0,1,0
2248,2249,1,1,1,1
2250,2251,1,1,1,1
2253,2254,1,1,1,1
2255,2256,1,1,1,1
2257,2258,1,1,1,1
2259,2260,1,1,1,1
2261,2262,1,0,1,0
2263,932,1,1,1,1
2264,2265,1,1,1,1
2267,2268,1,1,1,1
2269,2270,1,1,1,1
2271,1584,1,1,1,1
2272,2273,1,1,1,1
2275,16,1,1,1,1
2276,2277,1,1,1,1
2279,2280,1,1,1,1
2282,2283,1,1,1,1
2284,21,1,1,1,1
2285,2286,1,0,1,0
2288,1877,1,1,1,1
2289,2290,1,1,1,1
2291,2292,1,1,1,1
2293,936,1,1,1,1
2296,2297,1,0,1,0
2299,2300,1,1,1,1
2301,2302,1,1,1,1
2304,2305,1,0,1,0
2307,2308,1,1,1,1
2309,2310,1,1,1,1
2311,2312,1,1,1,1
2313,2314,1,1,1,1
2315,1120,1,1,1,1
2316,2317,1,1,1,1
2318,2319,1,1,1,1
2320,2321,1,1,1,1
2322,2323,1,1,1,1
2324,2325,1,1,1,1
2326,2327,1,0,1,0
2328,2329,1,1,1,1
2330,2331,1,1,1,1
2333,2334,1,0,1,0
2335,1639,1,0,1,0
