id_input_addresses_x,id_output_addresses_y,h0,h1
0,1,0,0
2,3,0,0
2,4,0,0
5,6,0,0
7,8,0,0
7,9,0,0
10,11,0,0
10,12,0,0
13,14,0,0
15,16,0,0
17,18,0,0
19,20,0,0
21,22,0,0
21,23,0,0
24,25,0,0
24,26,0,0
27,18,0,0
28,29,0,0
30,31,0,0
32,33,0,0
32,34,0,0
35,36,0,0
37,38,1,0
37,39,0,0
40,41,0,0
40,42,0,0
43,44,0,0
45,46,0,0
47,48,0,0
49,50,0,0
51,52,0,0
53,54,0,0
53,55,0,0
56,57,1,0
58,59,0,0
58,60,0,0
61,27,0,0
61,62,0,0
63,64,0,0
63,65,0,0
66,67,0,0
68,69,0,0
70,71,0,0
70,72,0,0
73,74,0,0
75,76,0,0
1,0,0,0
35,77,0,0
78,79,0,0
78,80,0,0
81,79,0,0
81,80,0,0
82,83,0,0
82,84,0,0
85,86,0,0
87,88,0,0
89,90,0,0
91,92,0,0
91,93,0,0
94,95,0,0
94,96,0,0
97,98,0,0
97,99,0,0
100,98,0,0
100,99,0,0
101,102,0,0
103,51,0,0
104,105,0,0
104,106,0,0
107,108,0,0
109,110,0,0
109,111,0,0
112,113,0,0
112,114,0,0
115,116,0,0
115,117,0,0
118,119,0,0
118,120,0,0
121,122,0,0
121,123,0,0
124,125,0,0
124,126,0,0
8,9,0,0
127,1,0,0
128,129,0,0
130,131,0,0
132,133,0,0
132,134,0,0
135,136,0,0
137,136,0,0
138,139,0,0
35,140,0,0
141,142,0,0
143,144,0,0
143,145,0,0
146,147,0,0
146,148,0,0
149,150,0,0
149,151,0,0
152,153,0,0
154,155,0,0
154,156,0,0
157,158,0,0
35,159,0,0
160,161,0,0
160,162,0,0
35,163,0,0
129,164,0,0
165,166,0,0
167,168,0,0
169,170,0,0
169,171,0,0
172,173,0,0
172,174,0,0
175,176,0,0
175,177,0,0
178,179,0,0
180,179,0,0
181,182,0,0
181,183,0,0
184,185,0,0
184,186,0,0
157,187,0,0
188,189,0,0
190,191,0,0
190,192,0,0
193,194,0,0
193,195,0,0
196,197,0,0
198,199,0,0
200,201,0,0
200,202,0,0
203,204,0,0
203,205,0,0
206,204,0,0
206,205,0,0
207,208,0,0
209,210,0,0
209,211,0,0
212,213,0,0
214,215,0,0
216,217,0,0
216,218,0,0
219,220,0,0
221,222,0,0
223,21,0,0
223,23,0,0
224,225,0,0
224,226,0,0
18,27,0,0
227,228,0,0
229,228,0,0
230,228,0,0
231,232,0,0
231,233,0,0
141,234,0,0
235,236,0,0
237,238,0,0
237,239,0,0
240,241,0,0
242,243,0,0
244,245,0,0
244,246,0,0
247,248,0,0
249,250,0,0
251,252,0,0
251,253,0,0
35,254,0,0
255,256,0,0
257,27,0,0
258,259,0,0
35,260,0,0
35,261,0,0
262,263,0,0
264,265,0,0
266,267,0,0
266,268,0,0
269,270,0,0
271,272,0,0
271,273,0,0
274,275,0,0
276,277,0,0
278,279,0,0
280,281,0,0
282,283,0,0
284,285,0,0
35,286,0,0
27,257,0,0
287,288,0,0
289,290,0,0
291,292,0,0
293,294,0,0
295,296,0,0
297,298,0,0
299,300,0,0
301,302,0,0
301,303,0,0
304,305,0,0
306,307,0,0
306,308,0,0
309,310,0,0
309,311,0,0
312,313,0,0
314,315,0,0
314,316,0,0
317,315,0,0
317,316,0,0
318,319,0,0
318,320,0,0
321,322,0,0
323,324,0,0
323,325,0,0
326,327,0,0
328,329,0,0
328,330,0,0
331,332,0,0
333,334,0,0
335,336,0,0
337,338,0,0
339,340,0,0
341,342,0,0
343,344,0,0
345,346,0,0
347,346,0,0
348,346,0,0
349,346,0,0
350,346,0,0
351,352,0,0
351,353,0,0
354,355,0,0
354,356,0,0
357,358,0,0
357,359,0,0
360,361,0,0
362,363,0,0
157,364,0,0
35,365,0,0
35,366,0,0
367,368,0,0
367,369,0,0
370,371,0,0
370,372,0,0
35,373,0,0
374,375,0,0
374,11,0,0
376,377,0,0
378,379,0,0
380,251,0,0
380,381,0,0
382,383,0,0
384,385,0,0
386,387,0,0
386,388,0,0
389,128,0,0
390,391,0,0
390,392,0,0
393,394,0,0
393,395,0,0
396,397,0,0
396,398,0,0
211,210,0,0
211,399,0,0
400,401,0,0
402,403,0,0
404,21,0,0
405,406,0,0
407,408,0,0
409,61,0,0
409,410,0,0
411,61,0,0
411,410,0,0
412,61,0,0
412,410,0,0
413,414,0,0
415,416,0,0
415,417,0,0
418,419,0,0
418,420,0,0
421,419,0,0
421,420,0,0
422,423,0,0
424,425,0,0
426,427,0,0
428,427,0,0
429,430,0,0
27,431,0,0
432,433,0,0
432,434,0,0
435,436,0,0
437,436,0,0
438,436,0,0
439,440,1,0
441,442,0,0
443,444,0,0
443,445,0,0
446,447,0,0
448,449,0,0
450,451,0,0
452,453,0,0
35,454,0,0
455,456,0,0
457,458,0,0
459,460,0,0
459,461,0,0
462,463,0,0
464,463,0,0
59,465,0,0
59,466,0,0
467,468,0,0
467,469,0,0
470,471,0,0
35,472,0,0
473,474,0,0
473,475,0,0
476,477,0,0
35,478,0,0
294,479,0,0
35,101,0,0
35,480,0,0
481,482,0,0
481,483,0,0
484,485,0,0
486,487,0,0
486,488,0,0
489,490,0,0
489,491,0,0
492,493,0,0
494,495,0,0
84,496,0,0
84,497,0,0
498,496,0,0
498,497,0,0
499,500,0,0
501,9,0,0
35,502,0,0
503,504,0,0
383,505,0,0
506,507,0,0
506,508,0,0
509,510,0,0
509,511,0,0
512,513,0,0
514,313,0,0
514,515,0,0
340,516,0,0
517,518,0,0
517,519,0,0
520,521,0,0
520,522,0,0
523,524,0,0
525,524,0,0
526,524,0,0
527,528,0,0
527,529,0,0
530,528,0,0
530,529,0,0
531,532,0,0
533,477,0,0
533,534,0,0
535,536,0,0
537,538,0,0
35,539,0,0
540,541,0,0
542,543,0,0
544,545,0,0
544,546,0,0
547,545,0,0
547,546,0,0
35,548,0,0
549,550,0,0
551,552,0,0
551,553,0,0
554,555,0,0
556,3,0,0
556,2,0,0
557,558,0,0
559,560,0,0
561,562,0,0
563,564,0,0
563,565,0,0
566,567,0,0
566,568,0,0
569,567,0,0
569,568,0,0
570,571,0,0
570,572,0,0
35,573,0,0
574,575,0,0
574,576,0,0
35,577,0,0
578,579,0,0
578,580,0,0
581,582,0,0
583,584,0,0
35,585,0,0
586,1,0,0
587,588,0,0
589,590,0,0
589,216,0,0
35,591,0,0
592,593,0,0
594,595,0,0
467,596,0,0
597,1,0,0
598,599,0,0
598,600,0,0
601,602,0,0
603,1,0,0
604,605,0,0
604,606,0,0
607,352,0,0
607,608,0,0
609,610,0,0
611,610,0,0
612,613,0,0
614,615,0,0
614,616,0,0
617,618,0,0
619,620,0,0
619,621,0,0
622,623,0,0
622,624,0,0
625,626,0,0
625,627,0,0
199,198,0,0
39,37,0,0
628,629,0,0
628,630,0,0
631,632,0,0
633,11,0,0
633,634,0,0
635,636,0,0
637,638,0,0
637,639,0,0
35,640,0,0
641,40,0,0
641,642,0,0
643,644,0,0
645,646,0,0
647,648,0,0
371,649,0,0
650,651,0,0
652,653,0,0
654,298,0,0
35,655,0,0
656,338,0,0
652,657,0,0
652,658,0,0
659,660,0,0
659,661,0,0
662,663,0,0
308,306,0,0
664,665,0,0
666,665,0,0
667,668,0,0
667,669,0,0
670,671,0,0
672,673,0,0
672,674,0,0
675,676,0,0
675,677,0,0
678,679,0,0
678,680,0,0
681,682,0,0
681,683,0,0
35,684,0,0
685,686,0,0
687,688,0,0
687,689,0,0
690,691,1,0
690,692,0,0
691,692,1,0
693,691,1,0
693,692,0,0
694,695,0,0
696,694,1,0
696,695,0,0
697,698,0,0
697,699,0,0
700,701,0,0
700,702,0,0
703,586,0,0
703,704,0,0
705,706,0,0
707,708,0,0
709,710,0,0
711,87,0,0
712,713,0,0
714,715,0,0
716,717,0,0
716,718,0,0
719,720,0,0
719,721,0,0
722,723,0,0
1,127,0,0
724,517,0,0
724,725,0,0
726,727,0,0
728,317,0,0
728,316,0,0
729,730,0,0
729,731,0,0
732,733,0,0
734,735,0,0
736,737,0,0
461,738,0,0
461,415,0,0
739,740,0,0
739,741,0,0
9,501,0,0
742,743,0,0
744,745,0,0
746,747,0,0
746,53,0,0
748,749,0,0
750,751,0,0
750,752,0,0
753,754,0,0
755,754,0,0
17,257,0,0
756,757,0,0
336,758,0,0
759,760,0,0
761,739,0,0
741,739,0,0
762,1,0,0
35,763,0,0
764,765,0,0
766,767,0,0
766,247,0,0
768,769,0,0
768,770,0,0
771,772,0,0
771,773,0,0
774,775,0,0
776,777,0,0
778,779,0,0
778,780,0,0
46,781,0,0
46,782,0,0
783,781,0,0
783,782,0,0
784,785,0,0
786,785,0,0
787,788,0,0
789,486,0,0
789,790,0,0
791,792,0,0
791,793,0,0
794,503,0,0
35,795,0,0
796,797,0,0
798,799,0,0
798,800,0,0
801,802,0,0
801,803,0,0
658,804,0,0
658,805,0,0
806,807,0,0
808,809,0,0
810,811,0,0
812,813,0,0
814,815,0,0
814,816,0,0
817,818,0,0
819,820,0,0
821,820,0,0
822,823,0,0
822,824,0,0
825,826,0,0
827,828,0,0
829,830,0,0
831,832,0,0
833,834,0,0
835,836,0,0
837,838,0,0
780,779,0,0
780,839,0,0
840,841,0,0
842,843,0,0
844,845,0,0
844,846,0,0
788,845,0,0
788,846,0,0
847,848,0,0
849,848,0,0
850,851,0,0
852,851,0,0
35,853,0,0
854,855,0,0
854,856,0,0
660,857,0,0
660,858,0,0
859,860,0,0
861,862,0,0
35,863,0,0
864,865,0,0
866,865,0,0
867,868,0,0
867,869,0,0
870,871,0,0
870,872,0,0
873,874,0,0
875,876,0,0
877,878,0,0
879,880,0,0
879,881,0,0
882,883,0,0
884,885,0,0
884,886,0,0
358,556,0,0
358,359,0,0
887,888,0,0
157,889,0,0
272,240,0,0
35,890,0,0
891,892,0,0
893,421,0,0
894,895,0,0
896,897,0,0
898,899,0,0
898,900,0,0
901,902,0,0
903,904,0,0
905,906,0,0
197,907,0,0
197,63,0,0
908,907,0,0
908,63,0,0
909,910,0,0
911,912,0,0
911,913,0,0
914,915,0,0
395,393,0,0
466,59,0,0
916,917,0,0
918,837,0,0
49,919,0,0
920,921,0,0
922,923,0,0
924,925,0,0
924,926,0,0
927,928,0,0
929,930,0,0
929,931,0,0
932,933,0,0
932,934,0,0
935,933,0,0
935,934,0,0
936,937,0,0
938,939,0,0
676,940,0,0
676,941,0,0
942,943,0,0
944,945,0,0
387,946,0,0
947,946,0,0
948,946,0,0
949,946,0,0
233,946,0,0
950,946,0,0
919,49,0,0
501,7,0,0
951,952,0,0
951,953,0,0
954,955,0,0
954,956,0,0
957,958,0,0
957,959,0,0
960,961,0,0
960,962,0,0
963,964,0,0
963,965,0,0
966,967,0,0
968,969,0,0
968,970,0,0
423,971,0,0
972,973,0,0
974,975,0,0
974,976,0,0
977,978,0,0
977,979,0,0
980,981,0,0
980,982,0,0
427,732,0,0
427,983,0,0
984,985,0,0
986,987,0,0
986,988,0,0
989,990,0,0
989,991,0,0
992,993,0,0
994,995,0,0
996,997,0,0
996,998,0,0
999,1000,0,0
999,1001,0,0
1002,1003,0,0
1002,1004,0,0
1005,1006,0,0
35,1007,0,0
1008,1009,0,0
1010,1009,0,0
1011,1012,0,0
35,1013,0,0
1014,1015,0,0
1016,1017,0,0
1016,1018,0,0
1019,1020,0,0
1021,1022,0,0
1021,59,0,0
1023,1024,0,0
179,1025,0,0
179,1026,0,0
1027,1028,0,0
871,896,0,0
1029,896,0,0
1030,896,0,0
1031,896,0,0
35,1032,0,0
1033,1034,0,0
1033,349,0,0
1035,1036,0,0
1037,1038,0,0
1037,1039,0,0
1040,1041,0,0
1040,11,0,0
1042,1043,0,0
1042,1044,0,0
1045,789,0,0
1045,1046,0,0
1047,459,0,0
1048,1049,0,0
1048,1050,0,0
1051,1052,0,0
1053,1054,0,0
1055,1056,0,0
1055,1057,0,0
436,1056,0,0
436,1057,0,0
1058,1059,0,0
1058,1060,0,0
1061,1062,0,0
1061,1063,0,0
474,1064,0,0
474,1065,0,0
1066,1064,0,0
1066,1065,0,0
1067,1068,0,0
636,1069,0,0
636,1070,0,0
856,1071,0,0
856,1072,0,0
1073,1074,0,0
1075,1076,0,0
1077,1078,0,0
1077,1079,0,0
1080,1081,0,0
1082,1083,0,0
1082,1084,0,0
1085,1053,0,0
1086,1087,0,0
1086,1088,0,0
35,1089,0,0
1090,1091,0,0
1090,1092,0,0
1093,1094,0,0
1093,1095,0,0
1096,1097,0,0
1098,1099,0,0
1100,1101,0,0
1102,1103,0,0
1102,1104,0,0
1105,1103,0,0
1105,1104,0,0
83,498,0,0
1106,1107,0,0
1108,1109,0,0
1110,1111,0,0
1110,357,0,0
1112,1113,0,0
1112,1114,0,0
1115,1116,0,0
1117,1118,1,0
1119,1120,0,0
1119,1121,0,0
1122,1123,0,0
1122,1124,0,0
1125,1126,0,0
1125,1127,0,0
1128,1129,0,0
1130,1131,0,0
1132,1133,0,0
1132,1134,0,0
35,1135,0,0
1136,1137,0,0
1138,1139,0,0
1138,1140,0,0
1141,1142,0,0
1141,1143,0,0
1144,1145,0,0
1146,1147,0,0
1148,1117,0,0
1149,1117,0,0
1150,1151,0,0
1152,1153,0,0
1154,1155,0,0
1154,1156,0,0
1157,1158,0,0
1159,1160,0,0
1161,1162,0,0
1161,1163,0,0
1164,1165,0,0
1166,584,0,0
1167,1168,0,0
1169,1170,0,0
1171,1172,1,0
917,1173,0,0
1174,1175,0,0
1176,1177,0,0
1178,1179,0,0
1178,85,0,0
1180,1181,0,0
1180,1182,0,0
1183,1184,0,0
1185,690,0,0
35,1186,0,0
35,1187,0,0
1188,1189,0,0
35,1190,0,0
1191,1192,0,0
1191,1193,0,0
1194,594,0,0
1195,1196,0,0
1195,1197,0,0
1198,1199,0,0
1200,1201,0,0
1200,1202,0,0
35,1203,0,0
811,829,0,0
1204,1205,0,0
1204,570,0,0
500,1206,0,0
500,1207,0,0
1208,1209,0,0
35,1210,0,0
1211,1212,0,0
1213,1214,0,0
35,1215,0,0
1216,1217,0,0
1216,1218,0,0
1219,1220,0,0
1221,1222,0,0
35,1223,0,0
1224,1225,0,0
1226,1227,0,0
1228,1229,0,0
1228,1230,0,0
1231,1229,0,0
1231,1230,0,0
1232,447,0,0
1232,446,0,0
1233,447,0,0
1233,446,0,0
1234,1235,0,0
35,1236,0,0
1237,1238,0,0
1239,1240,0,0
1241,1242,0,0
1243,1242,0,0
1244,1245,0,0
403,402,0,0
1246,1247,0,0
691,693,1,0
35,1248,0,0
1249,1250,0,0
1249,1251,0,0
582,1252,0,0
35,1253,0,0
1254,1255,0,0
1256,819,0,0
1256,1257,0,0
1258,884,0,0
1258,1259,0,0
1260,1261,0,0
1262,1263,0,0
1262,1264,0,0
1265,1266,0,0
1267,1268,0,0
1269,1270,0,0
1269,1271,0,0
1272,1270,0,0
1272,1271,0,0
35,1273,0,0
1274,1275,0,0
1274,1276,0,0
410,1275,0,0
410,1276,0,0
1277,1241,0,0
1277,1278,0,0
35,1279,0,0
1280,1281,0,0
1280,1282,0,0
1283,1284,0,0
1283,1285,0,0
1286,1287,0,0
1109,444,0,0
1288,157,0,0
1289,1290,0,0
1291,1,0,0
1292,1293,0,0
1292,1294,0,0
1295,1296,0,0
1297,111,0,0
1297,1298,0,0
215,1299,0,0
35,1300,0,0
35,1301,0,0
1302,1303,0,0
1302,1304,0,0
1305,1303,0,0
1305,1304,0,0
1306,1307,0,0
1306,1308,0,0
1309,1310,0,0
1309,1311,0,0
1312,1310,0,0
1312,1311,0,0
1313,1314,0,0
1315,1314,0,0
1316,1317,1,0
1318,139,0,0
1319,1320,0,0
691,1321,1,0
35,1322,0,0
1323,1324,0,0
1323,1325,0,0
1326,1327,0,0
1326,1328,0,0
1329,1330,0,0
35,1331,0,0
1332,875,0,0
35,1333,0,0
1334,1335,0,0
1336,1337,0,0
305,1338,0,0
305,1339,0,0
1340,1338,0,0
1340,1339,0,0
1341,744,0,0
1342,1343,0,0
1342,1344,0,0
1345,35,0,0
1346,1347,0,0
1348,1349,0,0
1350,1351,0,0
689,37,0,0
1352,37,0,0
1353,37,0,0
1354,1355,0,0
1354,1356,0,0
1357,1358,0,0
1359,1360,0,0
1359,1361,0,0
1362,1363,0,0
35,1364,0,0
1365,1366,0,0
1365,1367,0,0
1368,1369,0,0
1368,1370,0,0
468,1371,0,0
1372,854,0,0
1372,1373,0,0
1374,1375,0,0
1376,1377,0,0
1376,1378,0,0
618,1379,0,0
1380,740,0,0
1380,1381,0,0
1382,1383,0,0
1382,1213,0,0
1384,1385,0,0
1386,736,0,0
1386,1387,0,0
1388,1389,0,0
1390,636,0,0
564,1391,0,0
564,1392,0,0
1393,1394,0,0
1393,1395,0,0
1396,1397,0,0
35,1398,0,0
433,1399,0,0
1400,75,0,0
1400,1401,0,0
35,1402,0,0
1001,1403,0,0
1001,1404,0,0
1405,1406,0,0
1407,1386,0,0
1407,1408,0,0
1409,1386,0,0
1409,1408,0,0
1410,1105,0,0
1410,635,0,0
1411,1412,0,0
1383,295,0,0
35,1413,0,0
1414,1415,0,0
1414,412,0,0
1416,1357,0,0
1270,1417,0,0
1418,1419,0,0
1418,1420,0,0
1421,1422,0,0
17,27,1,0
1423,1424,0,0
736,1424,0,0
35,1425,0,0
1426,1427,0,0
1426,879,0,0
1428,675,0,0
1428,1429,0,0
1430,1431,0,0
1430,1224,0,0
164,808,0,0
1432,1433,0,0
1432,1071,0,0
1434,1435,0,0
1436,1437,0,0
1438,1439,0,0
1438,1440,0,0
1441,1442,0,0
1441,1443,0,0
1444,1334,0,0
1444,1445,0,0
1446,1334,0,0
1446,1445,0,0
1447,1448,0,0
1449,1450,0,0
1449,1451,0,0
1452,1453,0,0
1452,1454,0,0
1455,214,0,0
1456,1457,0,0
1456,1458,0,0
90,1459,0,0
1460,1461,0,0
1460,111,0,0
1462,1461,0,0
1462,111,0,0
1463,1464,0,0
1465,603,1,0
1465,1,0,0
1466,1467,0,0
361,1468,0,0
273,1469,0,0
1470,1471,0,0
1472,1473,0,0
250,1474,0,0
1475,1474,0,0
1476,1477,0,0
1476,1045,0,0
1478,1479,0,0
1478,1480,0,0
1481,1482,0,0
1481,1483,0,0
1484,1485,0,0
1486,1487,0,0
157,1488,0,0
1489,951,0,0
1489,952,0,0
1490,1491,0,0
1492,1493,0,0
1494,1493,0,0
1495,112,0,0
1495,114,0,0
35,1496,0,0
1497,1407,0,0
816,1498,0,0
816,1499,0,0
1500,1501,0,0
575,1502,0,0
1070,1390,0,0
1503,1504,0,0
1505,1506,0,0
1505,1507,0,0
35,1508,0,0
1420,1509,0,0
1510,64,0,0
1510,1511,0,0
35,1512,0,0
35,1513,0,0
1311,1514,0,0
1311,1515,0,0
346,1447,0,0
346,1516,0,0
1517,1,0,1
119,120,0,0
1518,1519,0,0
1520,1521,0,0
1520,1522,0,0
1523,1524,0,0
1523,1525,0,0
1526,870,0,0
1526,1527,0,0
1528,1529,0,0
1530,1531,0,0
1530,1532,0,0
1533,1534,0,0
1533,1535,0,0
35,1536,0,0
228,1537,0,0
228,1538,0,0
1539,1540,0,0
1539,1541,0,0
1542,1543,0,0
1544,1545,0,0
1544,1546,0,0
1547,1548,0,0
1549,1550,0,0
1549,703,0,0
558,557,0,0
558,1551,0,0
1552,1553,0,0
1554,1553,0,0
1555,1556,0,0
1557,1232,0,0
1557,1558,0,0
1559,1560,0,0
1559,1561,0,0
1562,1563,0,0
1564,1565,0,0
1564,1566,0,0
1567,1565,0,0
1567,1566,0,0
1568,1565,0,0
1568,1566,0,0
1214,1569,0,0
1570,664,0,0
1570,1571,0,0
1572,1444,0,0
1573,1574,0,0
1573,1575,0,0
1575,1576,0,0
1577,540,0,0
1189,1578,0,0
1579,1580,0,0
1579,1581,0,0
1582,1583,0,0
1582,1584,0,0
1585,1586,0,0
1587,1588,0,0
1587,1589,0,0
1590,1591,0,0
1590,1592,0,0
1593,1594,0,0
1595,1596,0,0
1595,1597,0,0
1598,1599,0,0
1598,1600,0,0
1601,1602,0,0
1601,1603,0,0
1604,336,0,0
1605,1606,0,0
1605,1607,0,0
1608,1609,0,0
1610,1611,0,0
1610,1612,0,0
35,1613,0,0
1614,1615,0,0
1614,1616,0,0
982,1617,0,0
982,1618,0,0
688,1619,0,0
1620,1621,0,0
1620,1622,0,0
1623,896,0,0
1624,896,0,0
1625,896,0,0
1626,1627,0,0
1626,1628,0,0
1080,558,0,0
1629,558,0,0
1630,1435,0,0
1631,476,0,0
1631,477,0,0
1632,531,0,0
1633,1634,0,0
127,1291,1,0
758,1635,0,0
758,1636,0,0
1637,1638,0,0
1637,1639,0,0
1640,1641,0,0
35,1642,0,0
1643,59,0,0
1060,1059,0,0
1060,181,0,0
930,1644,0,0
930,1645,0,0
1646,1647,0,0
1646,1223,0,0
1648,1647,0,0
1648,1223,0,0
1649,1650,0,0
1649,1651,0,0
1652,1653,0,0
1652,1654,0,0
35,1655,0,0
1656,1657,0,0
1656,1658,0,0
1659,1660,0,0
1661,1662,0,0
391,1663,0,0
1664,1663,0,0
1665,1666,0,0
116,117,0,0
1667,1668,0,0
1669,1670,0,0
1669,1671,0,0
1672,1673,0,0
35,1674,0,0
1675,1676,0,0
1677,1678,0,0
1677,11,0,0
1679,1680,0,0
1679,1681,0,0
1682,1683,0,0
1682,1684,0,0
1685,1570,0,0
1686,1570,0,0
1687,1688,0,0
1524,1689,0,0
1524,1690,0,0
1691,1689,0,0
1691,1690,0,0
1692,1693,0,0
1694,1693,0,0
1695,1693,0,0
1696,1697,0,0
1696,1698,0,0
1699,1700,0,0
1701,1702,0,0
1703,1704,0,0
1703,1705,0,0
1706,1416,0,0
1707,1708,0,0
1709,1605,0,0
1709,1710,0,0
1711,1712,0,0
794,1713,0,0
794,1714,0,0
1715,1713,0,0
1715,1714,0,0
1716,111,0,0
1716,1717,0,0
35,1718,0,0
1719,1720,0,0
1721,1722,0,0
1721,1723,0,0
139,1318,0,0
139,1724,0,0
1725,1318,0,0
1725,1724,0,0
1726,1727,0,0
1728,1200,0,0
1728,1202,0,0
493,492,0,0
1729,1730,0,0
1729,1731,0,0
1732,1733,0,0
35,1734,0,0
1735,1736,0,0
1737,1738,0,0
1739,1740,0,0
1741,1742,0,0
1741,1743,0,0
1744,165,0,0
35,1745,0,0
1223,1646,0,0
1746,1747,0,0
1748,1749,0,0
1748,1750,0,0
1751,1752,0,0
1753,1754,0,0
1753,1755,0,0
1756,1757,0,0
1758,1759,0,0
1758,1760,0,0
1761,1762,0,0
1763,1764,0,0
1765,1766,0,0
35,1767,0,0
35,1768,0,0
1769,1770,0,0
1771,51,0,0
1772,51,0,0
1773,1774,0,0
38,1775,0,0
38,1776,0,0
1777,1775,0,0
1777,1776,0,0
37,1775,0,0
37,1776,0,0
1778,1779,0,0
1778,1780,0,0
1401,1781,0,0
1782,1783,0,0
1782,1784,0,0
1785,1786,0,0
1785,111,0,0
1787,1788,0,0
1787,1789,0,0
35,1790,0,0
1791,1792,0,0
1791,604,0,0
1793,1794,0,0
1793,1795,0,0
1796,1797,0,0
1798,212,0,0
1798,1799,0,0
1487,1800,0,0
1801,1802,0,0
1801,1803,0,0
1804,402,0,0
1804,1805,0,0
1092,1806,0,0
1092,822,0,0
1807,1808,0,0
1809,1810,0,0
1811,1812,0,0
1811,1813,0,0
1814,791,0,0
1814,1815,0,0
1816,514,0,0
1816,1817,0,0
1818,1819,0,0
1818,1820,0,0
1821,1822,0,0
1823,1824,0,0
519,1825,0,0
978,1825,0,0
1826,1825,0,0
1827,1828,0,0
1829,977,0,0
1404,977,0,0
1830,977,0,0
725,977,0,0
1831,1832,0,0
1833,1834,0,0
627,778,0,0
627,1302,0,0
1835,1836,0,0
1835,1837,0,0
1838,1839,0,0
1838,1840,0,0
1841,1842,0,0
1841,1843,0,0
245,1842,0,0
245,1843,0,0
1844,1845,0,0
1846,1847,0,0
1848,1354,0,0
1849,1354,0,0
1850,1354,0,0
1851,1354,0,0
1049,1354,0,0
1140,1354,0,0
1852,1354,0,0
1853,1354,0,0
1854,1354,0,0
1855,1856,0,0
1855,1857,0,0
1858,1856,0,0
1858,1857,0,0
1859,1860,0,0
1861,1862,0,0
546,1863,0,0
1864,1863,0,0
1865,1866,0,0
253,1035,0,0
253,1036,0,0
1867,1868,0,0
1867,1869,0,0
1870,1871,0,0
1872,1871,0,0
1873,1871,0,0
1321,1874,0,0
691,1874,0,0
692,1874,0,0
1875,1728,0,0
141,583,0,0
1876,1877,0,0
1878,1879,0,0
402,1804,0,0
402,1805,0,0
1403,1829,0,0
1403,1880,0,0
1881,1882,0,0
1883,1884,0,0
1883,1885,0,0
35,1886,0,0
1887,672,0,0
1887,1888,0,0
1889,229,0,0
1890,1891,0,0
1892,199,0,0
1369,1893,0,0
1369,1894,0,0
1895,1896,0,0
57,864,0,0
56,864,0,0
1897,864,0,0
1898,1899,0,0
1898,1900,0,0
1901,1902,0,0
1903,1258,0,0
1229,1228,0,0
1904,1905,0,0
35,1906,0,0
1907,1908,0,0
1362,1909,0,0
1362,393,0,0
1910,1911,0,0
1910,1228,0,0
1912,1913,0,0
1914,1915,0,0
1916,1917,0,0
1916,1918,0,0
1919,1920,0,0
1921,1042,0,0
1921,1922,0,0
275,1923,0,0
1924,631,0,0
1925,631,0,0
1926,1903,0,0
958,1927,0,0
958,1928,0,0
1929,1722,0,0
1929,1930,0,0
1931,1500,0,0
1931,1932,0,0
1933,1934,0,0
1935,1936,0,0
1937,1938,0,0
1937,1939,0,0
35,1940,0,0
1941,1942,0,0
1943,1944,0,0
1943,1945,0,0
1946,1944,0,0
1946,1945,0,0
1947,1948,0,0
1949,1051,0,0
1949,1052,0,0
35,1950,0,0
1951,1952,0,0
1951,1953,0,0
1954,1955,0,0
1956,1957,0,0
1956,1958,0,0
1959,1427,0,0
1959,1960,0,0
1961,1554,0,0
1962,1963,0,0
1964,1965,0,0
1966,1967,0,0
1968,1969,0,0
1970,1971,0,0
1970,1972,0,0
1973,1974,0,0
1973,1975,0,0
1976,1977,0,0
1976,1150,0,0
807,1978,0,0
1979,1980,0,0
597,1981,1,0
1981,1,0,1
35,1982,0,0
35,1983,0,0
623,1984,0,0
623,1985,0,0
1986,1987,0,0
1986,1878,0,0
800,799,0,0
1882,1988,0,0
1989,1990,0,0
471,1991,0,0
1654,1992,0,0
1654,1993,0,0
1994,1995,0,0
1994,1573,0,0
1996,1997,0,0
1996,1998,0,0
1999,2000,0,0
1999,2001,0,0
2002,2003,0,0
2004,728,0,0
881,2005,0,0
881,2006,0,0
2007,2008,0,0
2007,2009,0,0
2010,709,0,0
37,1777,1,0
2011,2012,0,0
2011,2013,0,0
2014,2015,0,0
2014,2016,0,0
2017,2018,0,0
2017,28,0,0
2019,2020,0,0
2021,2022,0,0
2023,2022,0,0
2024,2025,0,0
2026,2027,0,0
2028,2029,0,0
2030,2029,0,0
35,2031,0,0
2032,2033,0,0
2032,2034,0,0
2035,2036,0,0
2035,2037,0,0
2038,2039,0,0
2040,1198,0,0
2041,2042,0,0
2041,426,0,0
2043,2044,0,0
1153,2045,0,0
1153,2046,0,0
2047,2045,0,0
2047,2046,0,0
2048,2049,0,0
2048,2050,0,0
35,2051,0,0
2052,2053,0,0
2054,2055,0,0
2056,2055,0,0
765,2057,0,0
2058,2059,0,0
35,2060,0,0
2061,2062,0,0
2063,2064,0,0
2063,2065,0,0
2066,2067,0,0
2066,2068,0,0
35,2069,0,0
2070,2071,0,0
1786,2072,0,0
1786,111,0,0
2073,2074,0,0
2073,2075,0,0
2076,2077,0,0
2078,2079,0,0
2078,2080,0,0
1670,1110,0,0
1670,1111,0,0
35,2081,0,0
2082,2083,0,0
1366,2083,0,0
35,66,0,0
2084,2085,0,0
2084,2086,0,0
2087,2088,0,0
2087,2089,0,0
2090,2091,0,0
2092,2093,0,0
2092,414,0,0
2094,2095,0,0
2096,1686,0,0
1836,2097,0,0
1836,2098,0,0
2099,2100,0,0
2099,2101,0,0
2102,2103,0,0
2102,2104,0,0
2105,2106,0,0
2107,2108,0,0
2109,2110,0,0
2109,2111,0,0
35,2112,0,0
2113,2048,0,0
2113,2114,0,0
2115,2116,0,0
648,2117,0,0
2118,414,0,0
2118,2119,0,0
2120,2121,0,0
2120,2122,0,0
2123,2124,0,0
35,2125,0,0
2126,2127,0,0
2128,2129,0,0
2128,2130,0,0
2131,2132,0,0
2131,1430,0,0
2133,2134,0,0
2133,2135,0,0
2136,2137,0,0
2138,2139,0,0
2140,275,0,0
2141,2142,0,0
142,141,0,0
2143,2144,0,0
2143,2145,0,0
444,2146,0,0
444,2118,0,0
2147,2148,0,0
2147,2149,0,0
2150,2151,0,0
2152,2126,0,0
35,2153,0,0
2154,2155,0,0
2154,262,0,0
2156,2152,0,0
2156,2157,0,0
35,2158,0,0
2159,2160,0,0
2089,2161,0,0
2089,2162,0,0
35,2163,0,0
35,2164,0,0
2165,393,0,0
2165,1362,0,0
2166,1696,0,0
2166,2167,0,0
1775,896,0,0
1774,896,0,0
2168,896,0,0
2169,896,0,0
157,2170,0,0
2171,2172,0,0
2173,2174,0,0
2175,2176,0,0
2175,867,0,0
2177,2102,0,0
2177,2011,0,0
2178,135,0,0
2179,2180,0,0
2179,2181,0,0
543,2182,0,0
35,2183,0,0
2184,2185,0,0
1291,597,1,0
2186,2187,0,0
2188,2189,0,0
35,2190,0,0
2191,1400,0,0
2191,2192,0,0
2110,2193,0,0
1580,2194,0,0
2195,2196,0,0
2195,65,1,0
65,2196,0,0
2197,439,0,0
2198,2199,0,0
1252,582,0,0
2200,2201,0,0
2202,2203,0,0
2202,2204,0,0
157,2205,0,0
483,2206,0,0
2207,2208,0,0
2207,2209,0,0
2210,2211,0,0
826,2212,0,0
2213,2214,0,0
2213,2215,0,0
2216,2217,0,0
1665,2218,0,0
2219,2220,0,0
2219,2221,0,0
2222,2223,0,0
2222,2224,0,0
431,2225,0,0
431,2226,0,0
1803,2227,0,0
2228,2229,0,0
2228,2230,0,0
2231,2232,0,0
2231,2233,0,0
1727,2232,0,0
1727,2233,0,0
2124,2234,0,0
2235,896,0,0
2236,896,0,0
2237,2238,0,0
2239,2240,0,0
2239,2241,0,0
1099,812,0,0
2242,2243,0,0
2244,2243,0,0
2245,2246,0,0
2245,2191,0,0
2247,2248,0,0
762,1465,1,0
2249,2250,0,0
2249,2251,0,0
2252,2250,0,0
2252,2251,0,0
2253,2254,0,0
2253,2255,0,0
2256,1234,0,0
2256,2257,0,0
2258,2259,0,0
2258,2078,0,0
1730,2259,0,0
1730,2078,0,0
35,2260,0,0
2261,2262,0,0
327,2262,0,0
2263,2264,0,0
2265,2266,0,0
2267,2266,0,0
2268,2266,0,0
736,1423,1,0
2269,1396,0,0
35,2270,0,0
2271,1233,0,0
2271,2272,0,0
1958,1233,0,0
1958,2272,0,0
2273,1233,0,0
2273,2272,0,0
2274,1233,0,0
2274,2272,0,0
125,2275,0,0
125,2136,0,0
2276,2275,0,0
2276,2136,0,0
2277,2278,0,0
35,2279,0,0
2280,2281,0,0
2280,2282,0,0
826,825,0,0
2283,2284,0,0
2283,1941,0,0
2285,726,0,0
2285,2286,0,0
2287,2288,0,0
2287,2289,0,0
35,2290,0,0
2291,2292,0,0
35,2293,0,0
2294,2295,0,0
25,1085,0,0
2296,2297,0,0
2298,2299,0,0
2300,2301,0,0
1803,2302,0,0
858,2303,0,0
858,2304,0,0
2305,2306,0,0
176,1959,0,0
176,2307,0,0
2308,2309,0,0
35,2310,0,0
2311,2312,0,0
1053,2313,0,0
2314,2315,0,0
2316,203,0,0
2317,1771,0,0
2317,2318,0,0
1,603,0,0
851,2319,0,0
851,734,0,0
2320,2321,0,0
2320,2322,0,0
1911,1228,0,0
2009,2323,0,0
2324,2325,0,0
2326,2327,0,0
2328,111,0,0
2328,1297,0,0
1,597,0,0
2329,2330,0,0
2331,2332,0,0
2331,2333,0,0
2334,2335,0,0
496,2336,0,0
496,2337,0,0
2338,2336,0,0
2338,2337,0,0
2339,2340,0,0
2341,2342,0,0
2341,849,0,0
1493,2342,0,0
1493,849,0,0
2343,2344,0,0
2343,2345,0,0
2346,2347,0,0
710,942,0,0
2348,2349,0,0
2348,2350,0,0
2351,2352,0,0
2351,1803,0,0
2353,2354,0,0
64,1511,0,0
217,121,0,0
217,2355,0,0
2356,2357,0,0
2356,2358,0,0
2359,2360,0,0
2361,293,0,0
2362,2363,0,0
2362,2364,0,0
1615,2365,0,0
1615,2317,0,0
2366,2367,0,0
2368,2369,0,0
2368,2370,0,0
2371,2372,0,0
2371,2373,0,0
2374,2375,0,0
2374,301,0,0
2376,339,0,0
2065,2377,0,0
1207,2378,0,0
2379,2378,0,0
2380,2381,0,0
2382,1040,0,0
2382,11,0,0
2383,918,0,0
2384,2385,0,0
195,2386,0,0
195,2387,0,0
2388,2389,0,0
2388,2390,0,0
758,336,0,0
2391,2392,0,0
2391,2393,0,0
2394,2395,0,0
2396,2397,0,0
2396,2398,0,0
2399,2400,0,0
2399,2401,0,0
2402,2403,0,0
27,2404,0,0
2405,2406,0,0
2405,2407,0,0
2408,2409,0,0
2408,2410,0,0
2411,2412,0,0
108,2413,0,0
2414,2415,0,0
157,2416,0,0
1634,1852,0,0
2417,2418,0,0
2417,2419,0,0
2420,2296,0,0
2420,2421,0,0
2119,2092,0,0
2119,414,0,0
2422,2423,0,0
1666,2423,0,0
2424,2425,0,0
2426,2425,0,0
2427,2428,0,0
2427,2429,0,0
1173,2430,0,0
2431,2432,0,0
2431,2433,0,0
2434,2435,0,0
2436,2437,0,0
2438,2439,0,0
2438,2440,0,0
2441,2442,0,0
2441,2443,0,0
2444,2445,0,0
2444,2446,0,0
2447,2448,0,0
2449,2450,0,0
2449,2451,0,0
2452,2453,0,0
2454,2453,0,0
2455,2456,0,0
2455,2353,0,0
2457,196,0,0
2457,908,0,0
694,696,1,0
1880,1826,0,0
1880,2458,0,0
2459,2460,0,0
2459,318,0,0
2461,2462,0,0
2463,2464,0,0
2465,896,0,0
2466,896,0,0
2467,896,0,0
2468,896,0,0
2469,896,0,0
194,896,0,0
2470,896,0,0
2471,896,0,0
2472,896,0,0
2473,896,0,0
2474,896,0,0
2475,2476,0,0
2477,2476,0,0
2478,2479,0,0
1930,2480,0,0
189,2481,0,0
189,1608,0,0
2083,2482,0,0
2083,2483,0,0
1367,2482,0,0
1367,2483,0,0
2484,1542,0,0
2157,2485,0,0
2157,2486,0,0
2487,2488,0,0
2487,2489,0,0
2490,2280,0,0
2490,970,0,0
2491,589,0,0
2491,2492,0,0
2493,2186,0,0
2494,2495,0,0
2494,2496,0,0
2497,1955,0,0
2498,2499,0,0
2498,2500,0,0
2501,2502,0,0
2503,2504,0,0
2503,2505,0,0
2506,2507,0,0
2508,2509,0,0
2508,489,0,0
2510,2511,0,0
2512,2513,0,0
2512,2514,0,0
943,2515,0,0
943,2026,0,0
1282,1313,0,0
2516,1313,0,0
44,43,0,0
35,2517,0,0
757,2518,0,0
2519,2520,0,0
2519,2521,0,0
2522,2154,0,0
2522,1171,0,0
1708,2154,0,0
1708,1171,0,0
2523,2524,0,0
2525,1374,0,0
2526,2527,0,0
2365,51,0,0
1133,1876,0,0
2528,2529,0,0
1,1981,0,0
2530,2531,0,0
2532,2533,0,0
2534,700,0,0
35,2535,0,0
2536,2537,0,0
2536,2538,0,0
836,2539,0,0
836,2540,0,0
1596,1595,0,0
2541,2374,0,0
2541,2542,0,0
2543,2544,0,0
2543,2545,0,0
2546,2547,0,0
2546,2548,0,0
157,2549,0,0
35,2550,0,0
2551,362,0,0
2552,2553,0,0
2552,2554,0,0
2555,2556,0,0
2557,681,0,0
2557,2558,0,0
2559,2016,0,0
2559,2560,0,0
2561,2562,0,0
2561,2563,0,0
2564,2565,0,0
2566,2567,0,0
458,920,0,0
2568,920,0,0
449,920,0,0
2569,2570,0,0
2569,2571,0,0
2572,2573,0,0
2572,2574,0,0
880,2575,0,0
2576,2575,0,0
2577,1148,0,0
1754,2242,0,0
1754,1755,0,0
2578,2579,0,0
2578,2580,0,0
2581,2582,0,0
2581,2583,0,0
2584,2585,0,0
2584,2586,0,0
1227,2587,0,0
2588,2589,0,0
2590,2591,0,0
2590,2592,0,0
2593,2594,0,0
2593,2595,0,0
2596,2594,0,0
2596,2595,0,0
2386,952,0,0
2386,2597,0,0
2598,1598,0,0
2598,1599,0,0
2599,1598,0,0
2599,1599,0,0
2600,850,0,0
2601,2602,0,0
35,2603,0,0
2604,2605,0,0
2604,2606,0,0
2607,2608,0,0
2607,2609,0,0
2610,2611,0,0
971,2612,0,0
2613,2339,0,0
2302,2614,0,0
174,2615,0,0
2514,2616,0,0
2617,2618,0,0
2619,2620,0,0
2621,2294,0,0
2621,2622,0,0
2623,2624,0,0
2623,1122,0,0
35,2625,0,0
1802,2351,0,0
1802,1803,0,0
2626,2627,0,0
2626,2628,0,0
2629,2627,0,0
2629,2628,0,0
2589,2588,0,0
2589,2630,0,0
2631,2632,1,0
2631,2633,0,0
2632,2633,0,0
2634,1911,0,0
2634,1910,0,0
2635,2636,0,0
2637,2636,0,0
2638,2414,0,0
2638,2415,0,0
31,2510,0,0
2639,2640,0,0
1371,905,0,0
2641,2642,0,0
2643,619,0,0
2643,2644,0,0
2645,2646,0,0
2645,2647,0,0
35,2648,0,0
2649,314,0,0
2649,2650,0,0
2651,2652,0,0
1603,1602,0,0
1603,2653,0,0
2654,2655,0,0
2654,437,0,0
2656,2657,0,0
2658,2659,0,0
2658,1198,0,0
186,2660,0,0
186,2661,0,0
2662,549,0,0
2663,2664,0,0
2663,2665,0,0
2666,2667,0,0
2666,2668,0,0
2342,847,0,0
35,2669,0,0
2670,2671,0,0
2670,2672,0,0
2673,2674,0,0
2675,2676,0,0
35,2677,0,0
2678,2679,0,0
2678,2680,0,0
2681,2682,0,0
1349,2683,0,0
2684,2685,0,0
2684,2066,0,0
2162,2477,0,0
2686,413,0,0
2686,2687,0,0
2688,2689,0,0
2688,2690,0,0
522,2691,0,0
522,2692,0,0
2693,2694,0,0
874,1096,0,0
2695,1462,0,0
2695,141,0,0
733,2696,0,0
733,2697,0,0
2698,1112,0,0
2698,2578,0,0
2699,1112,0,0
2699,2578,0,0
2700,1112,0,0
2700,2578,0,0
2701,2702,0,0
431,17,0,0
431,2703,0,0
2404,17,0,0
2404,2703,0,0
2704,17,0,0
2704,2703,0,0
2705,2706,0,0
2705,2707,0,0
2708,2709,0,0
802,2710,0,0
802,2711,0,0
324,2710,0,0
324,2711,0,0
2712,2713,0,0
2712,2714,0,0
2715,2716,0,0
2717,2718,0,0
2717,2719,0,0
2720,2721,0,0
665,2600,0,0
665,360,0,0
2722,2723,0,0
2724,2723,0,0
2725,2726,0,0
2229,2621,0,0
2727,1658,0,0
2728,2729,0,0
2728,2730,0,0
2731,2732,0,0
2731,2733,0,0
2734,2735,0,0
2734,2523,0,0
2736,2737,0,0
2736,1803,0,0
205,204,0,0
205,2738,0,0
2739,1472,0,0
2739,2740,0,0
2741,2742,1,0
2743,2744,0,0
1720,2745,0,0
157,2746,0,0
2747,2748,0,0
2747,2749,0,0
2750,2748,0,0
2750,2749,0,0
2751,2752,0,0
2753,2752,0,0
35,2754,0,0
2755,2756,0,0
2757,2758,0,0
229,2759,0,0
2760,137,0,0
1742,2761,0,0
1742,929,0,0
2762,2763,0,0
2764,2765,0,0
2764,2766,0,0
2767,2768,0,0
2767,2769,0,0
2770,337,0,0
1139,2771,0,0
1139,1849,0,0
2772,2320,0,0
2772,2773,0,0
2774,2775,0,0
35,2776,0,0
2777,2778,0,0
2777,2779,0,0
2780,2781,0,0
2780,2472,0,0
2782,707,0,0
2783,2784,0,0
1558,2272,1,0
1558,2785,0,0
2272,2785,0,0
2786,2787,0,0
2786,2497,0,0
35,2788,0,0
2789,1629,0,0
2789,2790,0,0
2791,1783,0,0
2791,1782,0,0
2347,2792,1,0
2347,2783,0,0
2792,2783,0,0
2793,2794,0,0
2793,2795,0,0
67,66,0,0
110,111,0,0
110,2796,0,0
2797,2798,0,0
64,2196,0,0
1240,2799,0,0
338,1200,0,0
338,1202,0,0
1684,2800,1,0
1684,273,0,0
555,338,0,0
555,656,0,0
2801,1277,0,0
2802,1277,0,0
2796,111,0,0
2796,2803,0,0
2804,2805,0,0
2806,2807,0,0
2808,1633,0,0
2808,1138,0,0
2809,2810,0,0
2811,2812,0,0
2813,2814,0,0
2813,2569,0,0
2815,2617,0,0
1733,2283,0,0
2816,2817,0,0
2816,2818,0,0
2819,2820,0,0
2821,11,0,0
2821,2822,0,0
2823,2824,0,0
2825,2826,0,0
2825,2827,0,0
2828,2829,0,0
2828,2830,0,0
2831,2832,0,0
2831,2391,0,0
2407,2833,0,0
2407,1376,0,0
2834,409,0,0
2834,1414,0,0
2835,2836,0,0
2835,2837,0,0
2838,2839,0,0
2784,2840,0,0
2841,2842,0,0
2352,2736,0,0
2352,1803,0,0
2843,367,0,0
2843,2844,0,0
2845,2846,0,0
2847,2848,0,0
2847,2849,0,0
991,2850,0,0
991,114,0,0
2027,2851,0,0
2852,2853,0,0
2781,2854,0,0
2781,2466,0,0
2855,2856,0,0
2855,2857,0,0
2858,2859,0,0
2860,2861,0,0
2860,2862,0,0
2863,2308,0,0
2863,2864,0,0
2785,1016,0,0
2785,1018,0,0
2773,2865,0,0
2773,2866,0,0
2867,2868,0,0
2869,2870,0,0
1422,2871,0,0
2872,2873,0,0
2874,2875,0,0
2234,2461,0,0
2876,2877,0,0
2878,400,0,0
355,1911,0,0
355,2634,0,0
35,2879,0,0
2880,2881,0,0
1363,2882,0,0
1363,1362,0,0
1201,1202,0,0
2883,2884,0,0
2883,2885,0,0
981,2886,0,0
981,2887,0,0
2888,2889,0,0
2890,927,0,0
2891,2892,0,0
1714,1713,0,0
2893,2894,0,0
2895,2896,0,0
2897,2206,0,0
2897,2898,0,0
1063,2899,0,0
1063,643,0,0
2900,2901,0,0
2900,2902,0,0
2903,2858,0,0
300,2858,0,0
2904,1066,0,0
2905,2906,0,0
2905,2014,0,0
2907,2908,0,0
2907,2909,0,0
2910,1442,0,0
2910,1441,0,0
74,2911,0,0
1228,1911,0,0
1228,1231,1,0
2912,1262,0,0
2912,2913,0,0
2319,1881,0,0
2914,2915,0,0
2914,2916,0,0
204,2917,0,0
204,2918,0,0
2919,2920,0,0
2921,2922,0,0
2921,2923,0,0
2924,2925,0,0
2924,2926,0,0
2927,2925,0,0
2927,2926,0,0
2928,1185,0,0
2928,691,1,0
691,1185,0,0
2929,50,0,0
2930,190,0,0
2930,2931,0,0
2932,2933,0,0
64,592,0,0
2934,2935,0,0
2934,1381,0,0
1390,1102,0,0
2936,1844,0,0
2937,457,0,0
2937,2568,0,0
2938,2939,0,0
2940,1363,0,0
2940,2941,0,0
717,718,0,0
50,49,0,0
1688,2942,0,0
1688,2943,0,0
2944,2945,0,0
2944,2946,0,0
2947,1568,0,0
2948,2949,0,0
2594,2950,0,0
2951,2952,0,0
2951,963,0,0
1202,2298,0,0
1202,2299,0,0
2204,2953,0,0
2204,1656,0,0
1702,2954,0,0
1702,2955,0,0
2956,220,0,0
2956,219,0,0
35,2957,0,0
2958,2959,0,0
2958,2830,0,0
2960,172,0,0
144,2961,0,0
2962,2963,0,0
2962,2907,0,0
2964,2965,0,0
2964,2966,0,0
2967,2968,0,0
2967,2969,0,0
2970,2971,0,0
2972,2973,0,0
2972,2974,0,0
2975,2976,0,0
2975,2977,0,0
2978,2979,0,0
2980,2981,0,0
2982,2983,0,0
1271,2984,0,0
1417,2984,0,0
2985,2986,0,0
2987,2986,0,0
2988,2888,0,0
2989,2990,0,0
2321,2320,0,0
1121,2991,0,0
1121,2992,0,0
157,2993,0,0
2889,1167,0,0
2994,2995,0,0
2996,2997,0,0
2996,2998,0,0
2737,2227,0,0
2999,1430,0,0
2999,3000,0,0
3001,1430,0,0
3001,3000,0,0
3002,3003,0,0
3002,2399,0,0
3004,1626,0,0
3004,3005,0,0
2064,3006,0,0
2064,3007,0,0
3008,94,0,0
3008,901,0,0
3009,94,0,0
3009,901,0,0
1908,94,0,0
1908,901,0,0
3010,2988,0,0
35,3011,0,0
3012,3013,0,0
3014,3015,0,0
3014,3016,0,0
3017,3018,0,0
3017,3019,0,0
3020,3021,0,0
3020,3022,0,0
3023,3024,0,0
3025,3026,0,0
3027,1853,0,0
3027,3028,0,0
2644,2667,0,0
2644,3029,0,0
3030,3031,0,0
3030,1848,0,0
2714,1058,0,0
2714,2713,0,0
3032,3033,0,0
3034,3035,0,0
2284,3036,0,0
1942,3036,0,0
3037,3038,0,0
3039,3040,0,0
3041,3042,0,0
2187,3043,0,0
3044,3045,0,0
3044,3046,0,0
1678,11,0,0
1678,3047,0,0
3048,3049,0,0
3048,1582,0,0
1034,3049,0,0
1034,1582,0,0
3050,3051,0,0
3050,523,0,0
3052,3053,0,0
1856,3054,0,0
23,21,0,0
1003,3055,0,0
1003,2970,0,0
3056,1996,0,0
3056,3057,0,0
3058,3059,0,0
2748,3060,0,0
952,896,0,0
3061,896,0,0
2387,896,0,0
1750,3062,1,0
3063,2819,0,0
3063,3064,0,0
3065,944,0,0
3066,3067,0,0
3066,3068,0,0
993,3069,0,0
779,3070,0,0
779,1304,0,0
626,3070,0,0
626,1304,0,0
3071,3072,0,0
2413,280,0,0
2682,2463,0,0
3073,452,0,0
3074,3075,0,0
3074,3076,0,0
3077,3078,0,0
1126,3079,0,0
1126,3080,0,0
3081,3082,0,0
3083,3084,0,0
35,3085,0,0
1004,3086,0,0
1004,242,0,0
3087,3088,0,0
3087,2197,0,0
3089,3090,0,0
1015,107,0,0
3091,3092,0,0
3093,3094,0,0
669,3095,0,0
669,3096,0,0
3097,3098,0,0
3097,3099,0,0
3100,3098,0,0
3100,3099,0,0
3101,2120,0,0
3101,3102,0,0
143,3103,0,0
2531,2809,0,0
1458,3104,0,0
1458,578,0,0
1081,1080,0,0
582,2003,0,0
568,2090,0,0
568,3105,0,0
3106,3107,0,0
3108,1873,0,0
3108,3109,0,0
2820,3110,0,0
2820,1709,0,0
1985,3110,0,0
1985,1709,0,0
1284,3111,0,0
1284,3112,0,0
248,247,0,0
3113,3114,0,0
3113,3115,0,0
3116,3117,0,0
2733,3118,0,0
3119,3118,0,0
3120,1176,0,0
3120,3121,0,0
3122,2493,0,0
3123,2175,0,0
3123,3124,0,0
3125,3126,0,0
1156,104,0,0
1156,3127,0,0
3128,3129,0,0
1955,601,0,0
1955,1954,0,0
937,2434,0,0
3130,2356,0,0
3131,1801,0,0
3131,1803,0,0
3132,2590,0,0
42,2590,0,0
3133,2590,0,0
3134,3135,0,0
3134,3136,0,0
2592,3137,0,0
3138,3139,0,0
3138,3140,0,0
417,407,0,0
417,3141,0,0
96,3142,0,0
3143,3144,0,0
3143,3145,0,0
1920,3146,0,0
35,3147,0,0
3148,710,0,0
3149,1505,0,0
3149,3150,0,0
3151,2362,0,0
3151,3152,0,0
2446,3153,0,0
2446,3154,0,0
3155,3156,0,0
3155,1384,0,0
3157,3156,0,0
3157,1384,0,0
3158,3159,0,0
3158,3160,0,0
1142,3161,0,0
1142,432,0,0
35,3162,0,0
3163,3164,0,0
3165,3166,0,0
3165,3167,0,0
2373,3166,0,0
2373,3167,0,0
3168,3169,0,0
3170,3171,0,0
2240,3172,0,0
2240,2241,0,0
3173,3174,0,0
3175,3176,0,0
3175,628,0,0
3177,1274,0,0
3177,3178,0,0
1415,1274,0,0
1415,3178,0,0
1891,1274,0,0
1891,3178,0,0
3179,3180,0,0
413,2070,0,0
413,3181,0,0
3182,3183,0,0
3182,3184,0,0
1453,3185,0,0
1905,3186,0,0
3187,3186,0,0
153,3188,0,0
288,3188,0,0
3189,3190,0,0
3189,289,0,0
3191,3192,0,0
3193,3194,0,0
3193,3195,0,0
1974,1236,0,0
1974,1449,0,0
3196,2834,0,0
3196,3197,0,0
1799,3198,0,0
35,3199,0,0
3200,2958,0,0
3200,2830,0,0
3201,3202,0,0
35,3203,0,0
62,27,0,0
62,2704,0,0
3204,3205,0,0
2027,3206,0,0
3207,3138,0,0
3207,3208,0,0
2976,3209,0,0
2976,3210,0,0
3211,2334,0,0
22,21,0,0
3212,3213,0,0
3212,3214,0,0
3215,2021,0,0
3215,1486,0,0
2706,3216,0,0
2706,2320,0,0
740,3216,0,0
740,2320,0,0
3217,3218,0,0
3217,356,0,0
2232,3219,0,0
2232,3220,0,0
3221,3222,0,0
3223,3224,0,0
3223,3225,0,0
41,3226,0,0
41,3132,0,0
3227,3228,0,0
3227,3229,0,0
3230,3231,0,0
3232,3233,0,0
3234,1018,0,0
1017,1018,0,0
3235,3236,0,0
979,3237,0,0
979,2782,0,0
3238,466,0,0
3239,3240,0,0
2672,2671,0,0
183,182,0,0
183,2835,0,0
3241,1640,0,0
839,3087,0,0
3242,3087,0,0
1304,3087,0,0
6,724,0,0
6,1830,0,0
740,3243,0,0
740,3244,0,0
3245,1652,0,0
3245,3246,0,0
2199,1652,0,0
2199,3246,0,0
3247,3248,0,0
2800,273,0,0
584,1166,0,0
1330,1146,0,0
1172,1146,0,0
1171,1146,0,0
3249,1348,0,0
3250,3251,0,0
268,3251,0,0
3252,3251,0,0
3253,3254,0,0
3253,3255,0,0
3256,3257,0,0
3258,3259,0,0
1358,3260,0,0
3261,3262,0,0
3263,3264,0,0
1504,3265,0,0
2859,3266,0,0
2859,3267,0,0
969,3268,0,0
969,970,0,0
572,3269,0,0
572,854,0,0
3216,3269,0,0
3216,854,0,0
864,866,1,0
2062,2366,0,0
3270,3271,0,0
3270,520,0,0
538,3272,0,0
241,2376,0,0
3273,2629,0,0
35,3274,0,0
302,3275,0,0
302,3276,0,0
99,3277,0,0
2045,3278,0,0
2111,3279,0,0
2193,3279,0,0
368,3280,0,0
368,2607,0,0
3281,3282,0,0
536,3232,0,0
2515,2851,0,0
3283,3284,0,0
3285,3286,0,0
2685,882,0,0
3287,3288,0,0
1480,3289,0,0
1480,3290,0,0
3291,3292,0,0
3291,3293,0,0
1314,24,0,0
1862,1481,0,0
3294,1481,0,0
3295,3296,0,0
3295,3297,0,0
1206,3298,0,0
2378,3298,0,0
3299,3300,0,0
2545,422,0,0
2545,3301,0,0
226,3302,0,0
226,3303,0,0
3304,3305,0,0
3304,960,0,0
3306,3307,0,0
3306,3308,0,0
1619,1352,0,0
1619,3309,0,0
3310,3311,0,0
3310,1867,0,0
2215,3312,0,0
2215,3313,0,0
2560,3314,0,0
2560,51,0,0
3315,3314,0,0
3315,51,0,0
3316,2960,0,0
3316,3317,0,0
1482,3318,0,0
35,3319,0,0
3320,2475,0,0
3321,3322,0,0
3321,51,0,0
3323,277,0,0
3324,3325,0,0
2122,3326,0,0
745,3327,0,0
710,943,0,0
3328,3329,0,0
3328,3330,0,0
1437,3177,0,0
1437,1890,0,0
3331,3177,0,0
3331,1890,0,0
3332,2106,0,0
3332,3333,0,0
3109,3334,0,0
1000,3335,0,0
634,11,0,0
634,2382,0,0
35,3336,0,0
3337,1539,0,0
3337,1541,0,0
3338,298,0,0
1474,3339,0,0
3340,3341,0,0
3342,3341,0,0
1461,3343,0,0
1461,584,0,0
3344,922,0,0
3345,3346,0,0
3345,3106,0,0
3347,3348,0,0
1182,3348,0,0
2340,3349,0,0
3350,1353,0,0
3351,3352,0,0
2278,3353,0,0
3354,3355,0,0
3356,3357,0,0
3358,1372,0,0
3358,3359,0,0
2923,1077,0,0
2923,2206,0,0
2180,2181,0,0
3360,3361,0,0
3362,3363,0,0
841,3363,0,0
2954,3364,0,0
2954,2604,0,0
2479,3365,0,0
1515,2772,0,0
1515,3366,0,0
3367,3193,0,0
3368,1783,0,0
3369,3370,0,0
3371,1667,0,0
1538,3372,0,0
3373,3374,0,0
2129,2130,0,0
3375,2130,0,0
2856,3376,0,0
2856,2065,0,0
35,3377,0,0
2192,76,0,0
3378,831,0,0
940,3379,0,0
940,1359,0,0
1843,1154,0,0
1843,855,0,0
3380,1154,0,0
3380,855,0,0
35,3381,0,0
3382,3383,0,0
3384,3385,0,0
3384,3386,0,0
1471,3387,0,0
3388,3389,0,0
3388,3390,0,0
3391,287,0,0
3391,3392,0,0
3393,1463,0,0
3393,3394,0,0
3395,3396,0,0
3397,3398,0,0
3399,3400,0,0
2015,3315,0,0
2015,51,0,0
35,3401,0,0
2908,3402,0,0
2908,3403,0,0
3404,1552,0,0
1278,2140,0,0
1278,274,0,0
1242,2140,0,0
1242,274,0,0
3405,3406,0,0
3405,237,0,0
3407,3406,0,0
3407,237,0,0
2871,3408,0,0
785,2845,0,0
785,3409,0,0
545,3410,0,0
3225,3410,0,0
2059,264,0,0
3411,3412,0,0
2611,3412,0,0
3413,3414,0,0
1822,3415,0,0
3416,3415,0,0
3015,1706,0,0
3417,3418,0,0
3419,3420,0,0
3419,2316,0,0
3421,1889,0,0
1454,3185,0,0
933,3422,0,0
933,3423,0,0
3424,3425,0,0
3424,2236,0,0
3426,3425,0,0
3426,2236,0,0
3427,3428,0,0
3427,3429,0,0
2312,5,0,0
2846,2178,0,0
3430,3431,0,0
3430,3432,0,0
157,3433,0,0
2822,3434,0,0
2822,11,0,0
1658,2727,0,0
1658,3435,0,0
3436,3437,0,0
3436,3438,0,0
3439,3440,0,0
3441,3442,0,0
2567,3443,0,0
2088,1055,0,0
2088,435,0,0
1212,3444,0,0
3445,668,0,0
3445,3446,0,0
895,3447,0,0
1377,729,0,0
1377,3448,0,0
3449,3450,0,0
1805,402,0,0
236,3451,0,0
236,2994,0,0
3452,3453,0,0
3452,3454,0,0
3455,947,0,0
3455,231,0,0
3456,3457,0,0
3456,3061,0,0
3458,2996,0,0
3458,15,0,0
2899,3459,0,0
3460,1136,0,0
3461,3462,0,0
3461,3463,0,0
157,3464,0,0
3465,3466,0,0
2275,2032,0,0
2275,3467,0,0
584,111,0,0
3468,3469,0,0
2127,3470,0,0
3471,2944,0,0
3472,2944,0,0
3473,3375,0,0
35,3474,0,0
3475,3476,0,0
3475,2767,0,0
3403,1986,0,0
3403,3477,0,0
3478,3479,0,0
1874,3480,0,0
3481,1243,0,0
3481,2801,0,0
35,3482,0,0
3483,3484,0,0
2632,3485,0,0
644,3486,0,0
2000,2967,0,0
3487,3488,0,0
1491,3489,0,0
1491,3490,0,0
281,3491,0,0
1923,3492,0,0
1923,411,0,0
1589,3493,0,0
1589,125,0,0
3494,1382,0,0
3494,3495,0,0
737,3496,1,0
737,736,0,0
1764,2750,0,0
3496,736,0,0
1705,3497,0,0
1705,3498,0,0
1770,537,0,0
3499,3500,0,0
3501,3171,0,0
3502,3503,0,0
3504,382,0,0
735,3460,0,0
2548,3505,0,0
2548,3506,0,0
3507,2673,0,0
3507,2674,0,0
3508,291,0,0
2160,291,0,0
3282,2651,0,0
35,3509,0,0
3510,3511,0,0
3512,3183,0,0
3512,3182,0,0
3229,2744,0,0
3229,2743,0,0
1978,1659,0,0
3513,3514,0,0
3513,3063,0,0
3515,2709,0,0
2488,3516,0,0
2488,3517,0,0
2585,2699,0,0
3518,2449,0,0
3518,3519,0,0
3520,2055,0,0
3520,2056,0,0
3521,459,0,0
3522,3523,0,0
2313,1282,0,0
1147,3524,0,0
896,3525,0,0
3300,3526,0,0
3527,3528,0,0
3529,3530,0,0
3529,2094,0,0
3531,2981,0,0
1193,3532,0,0
1193,3533,0,0
3534,3535,0,0
3534,3536,0,0
2795,3537,0,0
995,3538,0,0
3539,3538,0,0
1561,3538,0,0
256,2693,0,0
3540,3541,0,0
3540,3542,0,0
923,2343,0,0
1459,3543,0,0
3544,3545,0,0
3546,3547,0,0
3546,3548,0,0
157,3549,0,0
16,1673,0,0
1606,3550,0,0
1606,3551,0,0
98,3552,0,0
98,99,0,0
3277,3552,0,0
3277,99,0,0
1196,1197,0,0
3553,2105,0,0
35,3554,0,0
3555,3556,0,0
3555,2930,0,0
157,3557,0,0
157,3558,0,0
1469,3324,0,0
1469,1061,0,0
3559,2366,0,0
3559,3560,0,0
3561,3004,0,0
3561,3562,0,0
1117,909,0,0
1118,909,0,0
3051,3563,0,0
3051,526,0,0
3564,3565,0,0
3564,3566,0,0
2097,3565,0,0
2097,3566,0,0
3567,1342,0,0
3567,1344,0,0
3144,3568,0,0
3569,3570,0,0
3569,3571,0,0
3572,3573,0,0
3535,3574,0,0
3535,801,0,0
1467,3575,0,0
2653,1602,0,0
2653,3576,0,0
3577,3578,0,0
3577,3579,0,0
2289,3580,0,0
2289,3581,0,0
3582,3580,0,0
3582,3581,0,0
2499,3583,0,0
558,3584,0,0
3585,994,0,0
1257,3586,0,0
1257,3587,0,0
3588,1191,0,0
3186,3589,0,0
2106,3590,0,0
2106,697,0,0
3591,2216,0,0
1531,1393,0,0
1531,3592,0,0
3593,3594,0,0
3595,3596,0,0
3597,2786,0,0
3598,348,0,0
3598,3599,0,0
1006,3600,0,0
2945,3601,0,0
2553,3602,0,0
2553,3603,0,0
1548,3604,0,0
3605,2847,0,0
3605,3606,0,0
3607,2847,0,0
3607,3606,0,0
2401,3608,0,0
2401,2400,0,0
3313,3609,0,0
3313,3610,0,0
157,3611,0,0
3612,3613,0,0
1660,3614,0,0
3615,3616,0,0
3470,3617,0,0
3618,1108,0,0
3618,2878,0,0
3619,554,0,0
3619,1875,0,0
3620,3009,0,0
3620,1907,0,0
1468,3621,0,0
3237,3622,0,0
3623,3624,0,0
3334,3625,0,0
2969,3211,0,0
3626,157,0,0
3627,1923,0,0
2020,1923,0,0
3628,3629,0,0
3628,3630,0,0
3631,3632,0,0
157,3633,0,0
3634,3635,0,0
3636,3637,0,0
3638,3639,0,0
3394,3640,0,0
497,2338,0,0
375,11,0,0
375,10,0,0
3641,3163,0,0
3641,3642,0,0
1578,903,0,0
3240,1865,0,0
804,3643,0,0
804,3644,0,0
813,3263,0,0
3645,3646,0,0
3645,3647,0,0
2093,2099,0,0
2093,414,0,0
3648,3649,0,0
3650,3651,0,0
3650,2394,0,0
3652,3651,0,0
3652,2394,0,0
3653,3654,0,0
3655,3656,0,0
3657,2168,0,0
3657,3658,0,0
3659,2438,0,0
3659,3660,0,0
3661,3468,0,0
3662,3663,0,0
3662,3664,0,0
256,3665,0,0
3666,3667,0,0
3668,3667,0,0
3669,3667,0,0
1088,3670,0,0
1088,2258,0,0
161,3671,0,0
3248,2929,0,0
1595,3672,0,0
998,1818,0,0
998,3673,0,0
3674,3675,0,0
1344,3321,0,0
1344,3676,0,0
3677,157,0,0
3678,1632,0,0
953,952,0,0
953,3679,0,0
3680,244,0,0
35,3681,0,0
3682,3683,0,0
2303,652,0,0
2303,3684,0,0
1343,3685,0,0
1343,3686,0,0
3687,3688,0,0
3687,3689,0,0
35,3690,0,0
3691,3692,0,0
3693,3694,0,0
3695,950,0,0
3695,3455,0,0
3696,3697,0,0
1837,3100,0,0
1837,3698,0,0
3566,3100,0,0
3566,3698,0,0
3699,3100,0,0
3699,3698,0,0
3700,2640,0,0
3700,3701,0,0
35,3702,0,0
1316,2938,0,0
1317,2938,0,0
3703,3123,0,0
3703,3704,0,0
3705,3291,0,0
3705,662,0,0
1223,3381,0,0
567,3131,0,0
567,1803,0,0
3706,3707,0,0
1953,3707,0,0
3708,3707,0,0
730,3709,0,0
730,3710,0,0
3517,3711,0,0
3517,3712,0,0
3369,3713,0,0
3714,3715,0,0
3716,3717,0,0
453,3718,0,0
3719,3720,0,0
3721,2821,0,0
3721,3722,0,0
3226,3723,0,0
3724,1008,0,0
3725,3562,0,0
3725,3561,0,0
3726,3727,0,0
3726,3728,0,0
1184,3729,0,0
3730,1547,0,0
3523,3731,0,0
3732,3733,0,0
3732,3734,0,0
3735,3736,0,0
157,3737,0,0
2068,3738,0,0
3739,3740,0,0
3739,3741,0,0
3742,1023,0,0
3742,1024,0,0
3528,3743,0,0
3644,3744,0,0
3644,1332,0,0
1556,3745,0,0
1556,3746,0,0
3745,3747,0,0
3748,3749,0,0
3748,3706,0,0
35,3750,0,0
3751,3393,0,0
3181,2576,0,0
2071,2576,0,0
3752,2825,0,0
3752,3753,0,0
3754,3755,0,0
3756,3757,0,0
3756,3758,0,0
3551,3759,0,0
3551,911,0,0
273,3760,0,0
3761,3762,0,0
2072,3763,0,0
2072,111,0,0
3764,3765,0,0
3766,2726,0,0
3767,3258,0,0
3767,3259,0,0
3768,897,0,0
3768,23,0,0
3769,178,0,0
3769,3770,0,0
440,3421,0,0
439,3421,0,0
3771,3421,0,0
246,3772,0,0
246,3587,0,0
1261,3773,0,0
3774,1951,0,0
3749,1951,0,0
1917,1918,0,0
1917,3775,0,0
3776,3777,0,0
3778,3779,0,0
3778,3780,0,0
1516,1831,0,0
1387,1424,0,0
1408,1424,0,0
2182,3781,0,0
3782,2291,0,0
3782,1305,0,0
2866,1514,0,0
2866,1432,0,0
3783,3784,0,0
3785,750,0,0
3272,73,0,0
1546,3786,0,0
1546,719,0,0
1981,0,1,0
3787,3788,0,0
3789,3790,0,0
3791,3792,0,0
3791,3793,0,0
3773,3071,0,0
1103,1711,0,0
3794,3795,0,0
3794,3796,0,0
3797,3795,0,0
3797,3796,0,0
3798,3752,0,0
3798,3799,0,0
3800,3801,0,0
3802,3803,0,0
3804,3378,0,0
3805,2207,0,0
3805,3806,0,0
3807,3808,0,0
157,3626,0,0
3809,3810,0,0
3809,3811,0,0
3812,3813,0,0
3814,3475,0,0
3814,3815,0,0
2145,1943,0,0
2145,3816,0,0
3348,3817,0,0
3348,3818,0,0
2628,3819,0,0
1627,3820,0,0
1627,1125,0,0
3821,3822,0,0
3821,625,0,0
872,3823,0,0
872,1030,0,0
3824,3825,0,0
2292,3242,0,0
2968,2334,0,0
3826,3827,0,0
3828,3829,0,0
3828,3830,0,0
2098,3564,0,0
3831,3832,0,0
3542,3832,0,0
3833,3832,0,0
3834,3832,0,0
3835,3832,0,0
3836,3837,0,0
3838,184,0,0
3838,3839,0,0
35,3840,0,0
3841,3842,0,0
2012,3843,0,0
2012,3844,0,0
325,3843,0,0
325,3844,0,0
900,2231,0,0
900,3845,0,0
3846,3847,0,0
3846,3848,0,0
3849,984,0,0
3849,3850,0,0
3851,3265,0,0
3851,188,0,0
3852,3853,0,0
3852,1198,0,0
3854,3855,0,0
3856,1260,0,0
3059,1260,0,0
35,3857,0,0
3579,3858,0,0
3579,3859,0,0
3589,2341,0,0
3589,1494,0,0
3860,3101,0,0
3860,3861,0,0
3862,3863,0,0
3862,3864,0,0
3865,1438,0,0
3865,3866,0,0
3867,3868,0,0
2418,3869,0,0
2418,3870,0,0
3871,3696,0,0
3871,3697,0,0
466,1643,0,0
868,3872,0,0
868,3873,0,0
3874,3875,0,0
3874,2396,0,0
3876,3877,0,0
3878,3879,0,0
257,431,0,0
904,3880,0,0
1736,3880,0,0
3881,3880,0,0
580,2143,0,0
580,1946,0,0
2367,2171,0,0
3882,1669,0,0
3882,1671,0,0
3541,3883,0,0
3541,3835,0,0
3385,3386,0,0
157,1100,0,0
3884,1769,0,0
3885,3886,0,0
3885,3887,0,0
3888,3889,0,0
3888,3890,0,0
1957,1958,0,0
1957,1557,0,0
3891,3892,0,0
3891,3893,0,0
3894,3895,0,0
3894,3896,0,0
2575,3895,0,0
2575,3896,0,0
3897,3332,0,0
3897,3553,0,0
3898,111,0,0
2719,3899,0,0
2719,3900,0,0
3901,3902,0,0
3901,2675,0,0
3903,896,0,0
3904,3905,0,0
1,1291,0,0
3906,3907,0,0
3906,3077,0,0
3908,3909,0,0
679,2256,0,0
679,1926,0,0
3910,2584,0,0
3910,2698,0,0
3911,3912,0,0
3911,3913,0,0
2868,3465,0,0
3914,1216,0,0
3142,3915,0,0
3142,3916,0,0
72,3917,0,0
72,3207,0,0
3341,3918,0,0
3376,2065,0,0
3376,2063,0,0
3919,266,0,0
3919,3250,0,0
3920,3921,0,0
3920,794,0,0
3922,3923,0,0
3922,506,0,0
225,282,0,0
3924,3925,0,0
3926,1239,0,0
2759,227,0,0
3188,3048,0,0
3927,3928,0,0
3024,3008,0,0
3024,3620,0,0
3929,3008,0,0
3929,3620,0,0
3930,3008,0,0
3930,3620,0,0
2636,3812,0,0
2636,2247,0,0
3931,609,0,0
3931,3932,0,0
3933,3714,0,0
1717,111,0,0
1389,3934,0,0
2887,2213,0,0
2887,3935,0,0
1597,2213,0,0
1597,3935,0,0
3936,3937,0,0
1566,868,0,0
1566,3938,0,0
1433,868,0,0
1433,3938,0,0
3511,3939,0,0
3781,3940,0,0
3823,1029,0,0
3823,3657,0,0
3941,3942,0,0
3941,3452,0,0
3614,3943,0,0
3477,3944,0,0
3945,3944,0,0
3402,3944,0,0
2909,3944,0,0
2963,3944,0,0
3946,3947,0,0
35,3948,0,0
3949,3950,0,0
3949,3951,0,0
3952,3953,0,0
3954,3955,0,0
3954,3956,0,0
3302,3957,0,0
283,3957,0,0
3444,3958,0,0
3868,3959,0,0
862,3960,0,0
955,3828,0,0
955,3961,0,0
3962,3963,0,0
3964,1002,0,0
3492,1436,0,0
3492,3331,0,0
3965,3966,0,0
88,488,0,0
3469,488,0,0
1788,1789,0,0
1788,2678,0,0
3859,3967,0,0
3859,2717,0,0
3968,1495,0,0
3968,3969,0,0
3970,1701,0,0
3971,3972,0,0
3973,3974,0,0
3975,47,0,0
1347,2914,0,0
1347,3976,0,0
3977,30,0,0
3978,3946,0,0
3978,3979,0,0
273,1684,0,0
2741,3980,0,0
2742,3980,0,0
723,722,0,0
723,3981,0,0
1010,3724,0,0
1081,1629,0,0
3982,3983,0,0
3984,3985,0,0
2938,143,0,0
2938,3986,0,0
445,3987,0,0
445,3074,0,0
1553,1685,0,0
1553,2096,0,0
3988,3989,0,0
3990,298,0,0
3991,3652,0,0
3992,3993,0,0
3992,3994,0,0
2429,3993,0,0
2429,3994,0,0
3995,3993,0,0
3995,3994,0,0
1517,762,1,0
3268,3996,0,0
3268,2490,0,0
3997,3508,0,0
2337,3778,0,0
2337,3998,0,0
3029,2666,0,0
3029,2667,0,0
1784,1783,0,0
1784,3368,0,0
1026,1025,0,0
3770,1025,0,0
3537,3999,0,0
2155,1329,0,0
1324,1838,0,0
1324,1840,0,0
3070,3087,0,0
1303,3087,0,0
2454,2452,1,0
4000,4001,0,0
4002,4003,0,0
4002,3669,0,0
35,67,0,0
4004,4005,0,0
4004,91,0,0
4006,4007,0,0
4008,4009,0,0
4010,4011,0,0
4012,4013,0,0
4012,2751,0,0
865,4014,0,0
35,4015,0,0
3166,2228,0,0
3166,3529,0,0
4016,2228,0,0
4016,3529,0,0
3617,4017,0,0
603,127,1,0
1137,1744,0,0
2117,3904,0,0
4018,2403,0,0
4018,2402,0,0
638,639,0,0
4019,4020,0,0
3621,852,0,0
913,4021,0,0
913,1973,0,0
4022,2893,0,0
4022,4023,0,0
2272,3234,0,0
2272,1018,0,0
1868,2478,0,0
2335,2811,0,0
2335,3490,0,0
4024,4025,0,0
4026,4027,0,0
4026,4028,0,0
4029,4030,0,0
1451,4031,0,0
1451,2701,0,0
4032,3637,0,0
897,4033,0,0
897,3903,0,0
4034,896,0,0
267,3695,0,0
267,4035,0,0
3251,3695,0,0
3251,4035,0,0
3853,2076,0,0
3853,4036,0,0
2282,4037,0,0
2282,4038,0,0
4039,4040,0,0
4039,4041,0,0
4042,4043,0,0
4044,4043,0,0
4045,4046,0,0
505,2637,0,0
4047,4048,0,0
4049,4050,0,0
4051,4052,0,0
4053,3344,0,0
4054,4055,0,0
4054,1937,0,0
4056,4057,0,0
4058,4057,0,0
133,636,0,0
4059,4058,0,0
1543,4060,0,0
4061,4062,0,0
2771,1851,0,0
2771,3030,0,0
4063,2454,0,0
4063,3978,0,0
4064,4065,0,0
4064,4066,0,0
4067,4065,0,0
4067,4066,0,0
593,2195,0,0
1511,2195,0,0
1,1465,0,0
3757,152,0,0
3757,3391,0,0
4068,2635,0,0
4068,4069,0,0
3257,4070,0,0
4071,1119,0,0
4071,4072,0,0
4073,4074,0,0
4075,2577,0,0
4076,4077,0,0
4076,4078,0,0
4079,4080,0,0
4079,3929,0,0
4081,4082,0,0
552,4083,0,0
552,4084,0,0
3392,3362,0,0
3392,1033,0,0
4085,806,0,0
208,3997,0,0
2998,1672,0,0
2042,428,0,0
388,428,0,0
946,428,0,0
76,176,0,0
177,176,0,0
4086,4087,0,0
4086,3328,0,0
157,4088,0,0
4089,3612,0,0
3741,3740,0,0
3741,4090,0,0
2365,1772,0,0
1972,4091,0,0
2233,4092,0,0
2233,4093,0,0
4094,4095,0,0
4094,2828,0,0
2749,4096,0,0
2749,4097,0,0
3060,4096,0,0
3060,4097,0,0
2108,4098,0,0
3031,1854,0,0
3031,3027,0,0
4099,896,0,0
4100,896,0,0
4101,4102,0,0
3146,1188,0,0
4103,4104,0,0
4103,4105,0,0
4106,4107,0,0
4108,3484,0,0
4108,3483,0,0
1041,1526,0,0
1041,1527,0,0
3241,1737,0,0
285,3894,0,0
285,3593,0,0
2005,3894,0,0
2005,3593,0,0
3762,4101,0,0
3409,2760,0,0
3880,2371,0,0
740,4109,0,0
740,4110,0,0
4111,4112,0,0
1381,2934,0,0
3603,4113,0,0
2586,3988,0,0
4114,4115,0,0
2181,1587,0,0
2181,4116,0,0
994,3585,0,0
1134,861,0,0
1134,2999,0,0
4117,4118,0,0
4117,4119,0,0
232,2041,0,0
232,948,0,0
4120,4121,0,0
4122,2271,0,0
4122,4123,0,0
4124,1316,0,0
4125,1316,0,0
4126,4127,0,0
4128,647,0,0
4129,4130,0,0
4131,2855,0,0
4131,2856,0,0
4132,4133,0,0
4132,4134,0,0
4135,4136,0,0
2085,4137,0,0
4138,4137,0,0
4139,4140,0,0
2201,4140,0,0
4141,3241,0,0
4141,4142,0,0
3167,4016,0,0
3055,4143,0,0
2971,4143,0,0
23,223,0,0
4035,386,0,0
4035,949,0,0
3779,443,0,0
3779,3618,0,0
4144,4145,0,0
4146,3488,0,0
4146,3487,0,0
3892,4147,0,0
3892,3159,0,0
157,3677,0,0
4148,4149,0,0
4150,1763,0,0
3683,2667,0,0
3683,2643,0,0
4151,1466,0,0
4152,1466,0,0
4153,4154,0,0
4155,4154,0,0
4156,4157,0,0
3758,840,0,0
2926,3355,0,0
4158,370,0,0
4158,3472,0,0
356,821,0,0
356,114,0,0
329,821,0,0
329,114,0,0
234,1785,0,0
234,111,0,0
3343,1785,0,0
3343,111,0,0
4159,4160,0,0
1355,4161,0,0
3981,4162,0,0
3981,722,0,0
4163,4164,0,0
4165,4166,0,0
4167,4168,0,0
4169,4170,0,0
4169,4171,0,0
4172,4173,0,0
244,1841,0,0
244,4174,0,0
3938,1841,0,0
3938,4174,0,0
2288,3582,0,0
4175,4176,0,0
3584,4177,0,0
3584,4178,0,0
3062,4179,0,0
3062,1750,1,0
1750,4179,0,0
1683,3933,0,0
1683,4180,0,0
3353,4181,0,0
59,3238,0,0
2817,4182,0,0
2817,3725,0,0
2981,4183,0,0
2981,755,0,0
2299,4155,0,0
4184,4185,0,0
4186,2816,0,0
4186,4187,0,0
4188,3065,0,0
35,4189,0,0
4190,3510,0,0
4190,2383,0,0
4191,1144,0,0
892,1144,0,0
3372,2141,0,0
3372,2142,0,0
4192,4193,0,0
4192,4194,0,0
1287,2613,0,0
3723,499,0,0
3723,2379,0,0
4195,499,0,0
4195,2379,0,0
4196,3774,0,0
2986,4073,0,0
2483,2249,0,0
2483,2251,0,0
2428,4197,0,0
2428,3995,0,0
3883,3831,0,0
3883,4198,0,0
229,230,1,0
4199,4200,0,0
4199,4201,0,0
4083,4202,0,0
4083,4203,0,0
4204,3736,0,0
4204,3735,0,0
4205,4206,0,0
4205,4207,0,0
4208,4209,0,0
456,641,0,0
456,4210,0,0
3438,1741,0,0
3438,4211,0,0
406,887,0,0
4212,563,0,0
4212,4213,0,0
4214,4215,0,0
2836,2837,0,0
2836,3726,0,0
2847,4216,0,0
2847,3605,0,0
2647,4217,0,0
2647,4218,0,0
809,3761,0,0
4154,1549,0,0
2829,3200,0,0
2829,4219,0,0
113,679,0,0
4220,1256,0,0
4220,4221,0,0
4222,4223,0,0
4224,740,0,0
4224,1567,0,0
4225,4226,0,0
4225,4227,0,0
4228,3522,0,0
201,3807,0,0
201,3808,0,0
4229,4230,0,0
4229,4231,0,0
4232,4233,0,0
3536,4234,0,0
4235,4234,0,0
4236,4237,0,0
4236,4111,0,0
4238,4239,0,0
4238,4240,0,0
2250,4241,0,0
2250,4242,0,0
4243,4244,0,0
1,1517,0,0
704,1517,0,0
4245,3228,0,0
4245,3227,0,0
3848,4246,0,0
3848,1883,0,0
4247,4248,0,0
3845,4249,0,0
3845,4250,0,0
4251,3399,0,0
4252,3399,0,0
4215,1692,0,0
4253,4254,0,0
4253,4255,0,0
4256,1132,0,0
4256,2131,0,0
4257,4258,0,0
4259,1088,0,0
3940,3173,0,0
1574,3906,0,0
1576,3906,0,0
4260,3881,0,0
4260,1735,0,0
3565,3097,0,0
3565,3699,0,0
4116,124,0,0
4116,2034,0,0
2046,4261,0,0
2046,3116,0,0
3278,4261,0,0
3278,3116,0,0
4262,4263,0,0
1550,703,0,0
1550,1336,0,0
1298,111,0,0
3599,345,0,0
3599,3756,0,0
3581,4264,0,0
3581,3802,0,0
1,762,0,0
4265,712,0,0
4265,4266,0,0
4267,4042,0,0
2393,3245,0,0
2393,4268,0,0
4013,2808,0,0
4013,2751,0,0
1571,666,0,0
4269,4270,0,0
4269,4271,0,0
2057,4272,0,0
642,3133,0,0
4210,3133,0,0
4198,3834,0,0
4198,4273,0,0
3543,4274,0,0
4275,1010,0,0
4276,4277,0,0
1586,1014,0,0
4080,3930,0,0
3440,2757,0,0
739,2705,0,0
739,3243,0,0
12,633,0,0
12,11,0,0
845,4278,0,0
4279,3595,0,0
4279,3596,0,0
4280,4281,0,0
4280,617,0,0
4282,4283,0,0
4282,32,0,0
4284,4285,0,0
3387,4286,0,0
1062,4287,0,0
2973,3659,0,0
2973,3660,0,0
2067,2739,0,0
2067,2804,0,0
4288,2206,0,0
4288,4289,0,0
4290,2206,0,0
4290,4289,0,0
3658,1623,0,0
3658,3456,0,0
4291,462,0,0
4291,2734,0,0
770,4292,0,0
770,3380,0,0
4293,4294,0,0
4295,4294,0,0
3069,4296,0,0
2732,1446,0,0
2732,1572,0,0
3118,1446,0,0
3118,1572,0,0
769,2235,0,0
769,3424,0,0
3921,794,0,0
3921,4298,0,0
1713,794,0,0
1713,4298,0,0
1551,557,0,0
1551,4299,0,0
4300,3577,0,0
4300,2718,0,0
4301,4302,0,0
4303,4304,0,0
4305,4306,0,0
4305,4307,0,0
4308,4309,0,0
4308,4310,0,0
4311,100,0,0
4123,4312,0,0
4123,2271,0,0
4313,4314,0,0
4313,3665,0,0
848,4315,0,0
353,352,0,0
353,607,0,0
4316,3824,0,0
1375,759,0,0
1375,2566,0,0
4261,45,0,0
4261,783,0,0
3117,45,0,0
3117,783,0,0
4317,1695,0,0
3047,374,0,0
3047,11,0,0
4121,4051,0,0
4098,4318,0,0
3243,4094,0,0
3243,4224,0,0
4319,4320,0,0
4319,2265,0,0
3548,4321,0,0
1722,4322,0,0
1722,4323,0,0
2851,2027,0,0
3206,2027,0,0
3760,4324,0,0
3760,4325,0,0
1592,4326,0,0
1592,3212,0,0
4327,4293,0,0
4328,4329,0,0
4328,4330,0,0
2991,2557,0,0
2991,4331,0,0
1537,3372,0,0
3744,2541,0,0
3744,4332,0,0
3160,3891,0,0
3160,4333,0,0
4334,1732,0,0
504,1732,0,0
4335,4336,0,0
4337,4338,0,0
4337,4339,0,0
1335,3674,0,0
1335,4340,0,0
2925,3354,0,0
157,4341,0,0
4342,4343,0,0
2803,2328,0,0
2803,111,0,0
134,1410,0,0
134,1390,0,0
4344,3404,0,0
4345,3052,0,0
4346,2474,0,0
4346,4347,0,0
4348,2147,0,0
4348,740,0,0
3358,2147,0,0
3358,740,0,0
1800,2023,0,0
2299,4153,0,0
2049,2658,0,0
2049,4349,0,0
4350,2002,0,0
4350,4351,0,0
4352,1544,0,0
4352,4353,0,0
592,1510,0,0
592,64,0,0
4145,4354,0,0
3105,2273,0,0
3105,4122,0,0
4355,4356,0,0
4355,4357,0,0
2582,2583,0,0
3934,4358,0,0
4359,2813,0,0
4359,4360,0,0
4361,4362,0,0
2251,2447,0,0
2251,4363,0,0
550,760,0,0
4364,1283,0,0
4364,4129,0,0
469,467,0,0
469,4365,0,0
1050,1140,0,0
4366,207,0,0
2440,4367,0,0
2440,4368,0,0
2597,952,0,0
2597,1489,0,0
1168,1183,0,0
4369,4370,0,0
4371,4372,0,0
2504,2505,0,0
2504,4373,0,0
2462,4374,0,0
4375,4376,0,0
2372,3165,0,0
4377,4378,0,0
3335,2311,0,0
4052,2311,0,0
3729,3439,0,0
4379,1855,0,0
4325,645,0,0
2458,4342,0,0
2458,4380,0,0
4381,4221,0,0
4381,4382,0,0
4383,2924,0,0
4383,2238,0,0
4162,3175,0,0
4384,3175,0,0
723,3175,0,0
4385,4386,0,0
3463,4387,0,0
4388,4389,0,0
111,584,0,0
322,764,0,0
4390,4391,0,0
3213,4186,0,0
3213,3214,0,0
4392,2589,0,0
4392,3441,0,0
4318,4316,0,0
4393,4394,0,0
4393,2468,0,0
4395,4396,0,0
4395,1753,0,0
1894,4397,0,0
1894,4398,0,0
3084,4399,0,0
3084,4400,0,0
4271,4401,0,0
35,4402,0,0
4403,2976,0,0
4338,4404,0,0
4338,4405,0,0
3244,4406,0,0
3244,4407,0,0
1650,1520,0,0
1650,1521,0,0
1443,4408,0,0
1443,1442,0,0
157,4409,0,0
48,4190,0,0
2003,4410,0,0
2003,4411,0,0
4351,4410,0,0
4351,4411,0,0
3018,4412,0,0
3018,4413,0,0
2740,4414,0,0
2740,4415,0,0
4416,4417,0,0
4418,4419,0,0
4420,4421,0,0
4420,4422,0,0
3877,4423,0,0
3877,4301,0,0
1281,2516,0,0
1281,1315,0,0
4096,4424,0,0
803,2177,0,0
803,4425,0,0
1266,2177,0,0
1266,4425,0,0
136,1961,0,0
136,4344,0,0
2790,4426,0,0
2790,4427,0,0
3276,4428,0,0
3276,2405,0,0
3679,952,0,0
3679,4429,0,0
4430,4431,0,0
3604,3010,0,0
2100,284,0,0
2100,1426,0,0
2587,1269,0,0
2752,1850,0,0
2752,1048,0,0
3088,3771,0,0
4432,4433,0,0
4432,2525,0,0
3190,4434,0,0
3190,2497,0,0
2029,1237,0,0
2485,4004,0,0
2485,4435,0,0
4436,4437,0,0
4438,2366,0,0
4438,4439,0,0
4440,2593,0,0
4441,4442,0,0
4441,1292,0,0
4443,581,0,0
4382,989,0,0
4382,4221,0,0
2758,3884,0,0
2381,4444,0,0
3763,111,0,0
3763,3898,0,0
4445,1406,0,0
4445,1405,0,0
4446,4447,0,0
2022,4447,0,0
1629,1081,0,0
1629,1080,1,0
595,1577,0,0
1392,1581,0,0
1392,1579,0,0
3740,4448,0,0
4449,4448,0,0
4450,4451,0,0
4452,4453,0,0
4452,4454,0,0
2377,4455,0,0
2377,4456,0,0
3007,4455,0,0
3007,4456,0,0
3434,11,0,0
3434,1677,0,0
1220,650,0,0
1810,1098,0,0
2142,3821,0,0
2142,4457,0,0
2430,1380,0,0
2430,4458,0,0
4459,1380,0,0
4459,4458,0,0
3796,4460,0,0
1114,4461,0,0
1114,4462,0,0
1499,1141,0,0
1499,4463,0,0
3590,4464,0,0
699,4464,0,0
1993,4465,0,0
1993,3860,0,0
3709,3687,0,0
3709,4466,0,0
698,4464,0,0
4467,1340,0,0
4467,4468,0,0
4102,4089,0,0
3000,4469,0,0
3000,4470,0,0
4471,4472,0,0
4140,4473,0,0
3685,103,0,0
3685,4474,0,0
3322,103,0,0
3322,4474,0,0
4475,4476,0,0
4477,4478,0,0
2482,2252,0,0
4320,2267,0,0
4320,4479,0,0
4480,4481,0,0
4480,4482,0,0
4483,4484,0,0
3178,17,0,0
3178,4485,0,0
2238,2927,0,0
4330,4329,0,0
4486,3340,0,0
4487,441,0,0
4487,4192,0,0
1069,4488,0,0
1069,2551,0,0
3183,611,0,0
3183,3182,0,0
4489,455,0,0
4490,3494,0,0
4490,3495,0,0
4491,4492,0,0
4491,4493,0,0
4494,4495,0,0
3950,1610,0,0
3950,4496,0,0
4497,4498,0,0
35,4499,0,0
1874,4500,0,0
4501,4502,0,0
4503,3653,0,0
1022,58,0,0
1022,59,0,0
4504,4505,0,0
4504,1428,0,0
3298,2728,0,0
4506,4507,0,0
649,2945,0,0
4508,3598,0,0
4508,350,0,0
4509,527,0,0
4510,4511,0,0
4510,4512,0,0
1928,1927,0,0
1928,4245,0,0
4444,3794,0,0
4513,4514,0,0
3701,622,0,0
21,404,0,0
1991,3782,0,0
4515,4516,0,0
330,4517,0,0
4518,4519,0,0
4518,4520,0,0
64,2356,0,0
64,3130,0,0
3094,4521,0,0
4522,4521,0,0
4523,3666,0,0
4523,4002,0,0
2850,3968,0,0
2850,3969,0,0
4524,4525,0,0
4524,4526,0,0
723,4384,1,0
4527,4075,0,0
4528,4529,0,0
4530,932,0,0
4531,4532,0,0
4531,4533,0,0
4534,786,0,0
4535,4536,0,0
2161,3320,0,0
4312,1956,0,0
4312,2274,0,0
4537,4383,0,0
4537,4538,0,0
4539,4540,0,0
2959,4541,0,0
2959,1309,0,0
4542,3790,0,0
4543,4544,0,0
2711,4544,0,0
3446,3095,0,0
3446,667,0,0
3879,3299,0,0
4529,2536,0,0
3339,4545,0,0
3339,1661,0,0
4546,4547,0,0
4546,4548,0,0
1560,3539,0,0
4549,1872,0,0
4549,3108,0,0
2591,4195,0,0
3137,4195,0,0
419,4420,0,0
419,3662,0,0
260,35,0,0
1217,2722,0,0
1217,1047,0,0
4550,4551,0,0
4550,4552,0,0
4553,4554,0,0
4553,1590,0,0
3309,3350,0,0
4555,4556,0,0
4294,4295,0,0
4557,1761,0,0
4557,1762,0,0
2659,3852,0,0
2659,1198,0,0
51,1614,0,0
51,3686,0,0
994,1559,0,0
319,820,0,0
106,3703,0,0
106,4558,0,0
4234,323,0,0
4234,1265,0,0
1263,4559,0,0
1263,4560,0,0
4561,4562,0,0
2618,4563,0,0
751,3977,0,0
4564,3513,0,0
4564,3634,0,0
4565,4566,0,0
4567,4565,1,0
4567,4566,0,0
2537,4528,0,0
4568,4569,0,0
4568,4570,0,0
4193,4571,0,0
4193,4572,0,0
2476,2867,0,0
4573,4574,0,0
4575,4576,0,0
4575,2424,0,0
4577,3155,0,0
4578,3093,0,0
4372,3597,0,0
4372,3189,0,0
4579,3597,0,0
4579,3189,0,0
3574,4543,0,0
2710,4543,0,0
4536,389,0,0
