node1,node2,h0,h1,count_of_same_edge_h0,count_of_same_edge_h0_h1
0,1,1,1,1,1
2,3,1,1,1,1
4,5,1,1,1,1
4,133,1,1,1,1
4,223,1,1,1,1
4,381,1,1,1,1
4,654,1,1,1,1
4,979,1,1,1,1
4,1211,1,1,1,1
4,1328,1,1,1,1
4,1501,1,1,1,1
4,1557,1,1,1,1
4,1668,1,1,1,1
4,2099,1,1,1,1
4,2135,1,1,1,1
4,2245,1,1,1,1
6,7,1,1,1,1
8,9,1,1,1,1
10,11,1,1,2,1
10,691,1,0,1,0
12,13,1,1,1,1
12,1377,1,0,1,0
12,1378,1,0,1,0
14,15,1,1,1,1
16,17,1,1,1,1
16,372,1,1,1,1
16,2275,1,1,1,1
18,19,1,1,1,1
20,21,1,1,1,1
21,2169,1,1,1,1
22,23,1,1,1,1
24,25,1,0,1,0
26,27,1,1,1,1
28,29,1,1,1,1
30,31,1,1,1,1
32,33,1,0,1,0
34,35,1,1,1,1
36,37,1,1,1,1
37,696,1,1,1,1
38,39,1,1,1,1
38,561,1,1,1,1
38,1228,1,1,1,1
40,41,1,1,1,1
42,43,1,1,1,1
44,45,1,1,1,1
45,964,1,1,1,1
46,47,1,1,1,1
46,937,1,1,1,1
46,938,1,1,1,1
46,606,1,1,1,1
48,49,1,1,1,1
50,51,1,0,1,0
52,53,1,1,1,1
54,55,1,1,1,1
56,57,1,1,1,1
58,59,1,1,1,1
60,61,1,1,1,1
62,63,1,1,1,1
64,65,1,1,1,1
66,67,1,1,1,1
68,69,1,0,1,0
70,71,1,1,1,1
72,73,1,1,1,1
74,75,1,1,1,1
76,77,1,1,1,1
77,1026,1,0,1,0
77,1027,1,0,1,0
77,1028,1,0,1,0
78,79,1,1,1,1
80,81,1,0,1,0
82,83,1,1,1,1
82,142,1,1,1,1
84,85,1,1,1,1
86,87,1,1,1,1
88,89,1,1,1,1
90,91,1,0,1,0
90,92,1,0,1,0
91,92,1,0,1,0
93,94,1,1,1,1
93,333,1,0,1,0
93,334,1,0,1,0
93,335,1,0,1,0
93,136,1,0,1,0
95,96,1,1,1,1
97,98,1,1,1,1
99,100,1,1,1,1
99,1453,1,0,1,0
99,1454,1,0,1,0
101,102,1,1,1,1
103,104,1,1,1,1
105,106,1,1,1,1
107,108,1,1,1,1
109,110,1,1,1,1
109,111,1,1,1,1
110,111,1,1,1,1
112,113,1,1,1,1
114,115,1,1,1,1
115,289,1,0,1,0
116,117,1,1,1,1
118,119,1,0,1,0
118,120,1,0,1,0
118,121,1,0,1,0
118,122,1,0,1,0
119,120,1,0,1,0
119,121,1,0,1,0
119,122,1,0,1,0
120,121,1,0,1,0
120,122,1,0,1,0
121,122,1,0,1,0
123,124,1,1,1,1
123,210,1,1,1,1
125,126,1,1,1,1
126,2007,1,0,1,0
127,128,1,1,1,1
127,317,1,1,1,1
129,130,1,1,1,1
131,132,1,1,1,1
134,135,1,1,1,1
136,137,1,1,1,1
138,139,1,1,1,1
140,141,1,1,1,1
143,144,1,0,1,0
143,145,1,0,1,0
144,145,1,0,1,0
144,1220,1,1,1,1
146,147,1,1,1,1
148,149,1,0,1,0
150,151,1,0,1,0
150,827,1,1,1,1
152,153,1,1,1,1
154,155,1,0,1,0
154,156,1,0,1,0
155,156,1,0,1,0
157,158,1,1,1,1
159,160,1,0,1,0
159,2113,1,1,1,1
161,162,1,1,2,2
163,164,1,1,1,1
165,166,1,1,1,1
167,168,1,1,1,1
169,170,1,1,1,1
171,172,1,0,1,0
173,174,1,1,1,1
175,176,1,1,1,1
177,178,1,1,1,1
177,714,1,1,1,1
179,180,1,1,1,1
179,352,1,0,1,0
181,182,1,1,1,1
183,184,1,0,1,0
183,185,1,0,1,0
184,185,1,0,1,0
186,187,1,0,1,0
188,189,1,0,1,0
190,191,1,1,1,1
192,193,1,1,1,1
194,195,1,1,1,1
196,197,1,0,1,0
198,199,1,1,1,1
200,201,1,1,1,1
202,203,1,1,1,1
204,205,1,1,1,1
206,207,1,1,1,1
208,209,1,1,1,1
211,212,1,0,1,0
213,214,1,1,1,1
215,216,1,1,1,1
215,1114,1,1,1,1
217,218,1,1,1,1
219,220,1,1,1,1
219,277,1,0,1,0
221,222,1,1,1,1
224,225,1,1,1,1
226,227,1,1,1,1
228,229,1,1,1,1
230,231,1,1,1,1
232,233,1,0,1,0
234,235,1,1,1,1
236,237,1,1,1,1
238,239,1,1,1,1
240,241,1,1,1,1
242,243,1,1,1,1
244,245,1,1,1,1
246,247,1,0,1,0
246,248,1,0,1,0
246,746,1,0,1,0
246,1266,1,0,1,0
247,248,1,0,1,0
249,250,1,0,1,0
251,252,1,1,1,1
253,254,1,1,1,1
255,256,1,1,1,1
257,258,1,1,1,1
257,719,1,0,1,0
259,260,1,1,1,1
261,262,1,1,1,1
263,264,1,1,1,1
263,1446,1,1,1,1
264,269,1,0,1,0
265,266,1,1,1,1
267,268,1,0,1,0
270,271,1,1,1,1
272,273,1,1,1,1
274,275,1,1,1,1
276,277,1,1,1,1
278,279,1,0,1,0
278,2133,1,1,1,1
278,2134,1,1,1,1
280,281,1,0,1,0
282,283,1,1,1,1
284,285,1,1,1,1
286,287,1,1,1,1
288,289,1,1,1,1
290,291,1,1,1,1
292,293,1,1,1,1
294,295,1,0,1,0
296,297,1,1,1,1
298,277,1,1,1,1
299,300,1,0,1,0
301,302,1,0,1,0
303,304,1,0,1,0
305,306,1,1,1,1
307,308,1,0,1,0
309,310,1,1,1,1
311,312,1,1,1,1
312,375,1,0,1,0
312,376,1,0,1,0
312,377,1,0,1,0
313,314,1,1,1,1
315,316,1,1,1,1
315,456,1,1,1,1
318,319,1,1,1,1
320,321,1,0,1,0
322,323,1,1,1,1
324,325,1,1,1,1
326,327,1,1,1,1
328,329,1,0,1,0
330,331,1,1,1,1
332,93,1,0,1,0
332,333,1,0,1,0
332,334,1,0,1,0
332,335,1,0,1,0
332,136,1,0,1,0
332,1567,1,1,1,1
333,334,1,0,1,0
333,335,1,0,1,0
333,136,1,0,1,0
334,335,1,0,1,0
334,136,1,0,1,0
335,136,1,0,1,0
336,337,1,1,1,1
338,339,1,1,1,1
339,1091,1,1,1,1
339,1686,1,1,1,1
340,341,1,1,1,1
342,343,1,1,1,1
344,345,1,1,1,1
346,347,1,1,1,1
348,349,1,1,1,1
348,1041,1,1,1,1
350,351,1,1,1,1
352,353,1,1,1,1
354,355,1,1,1,1
356,357,1,1,1,1
358,359,1,1,1,1
360,361,1,1,1,1
362,363,1,1,1,1
364,365,1,1,1,1
366,367,1,1,1,1
368,369,1,0,1,0
370,371,1,1,1,1
370,1438,1,0,1,0
373,374,1,1,1,1
375,376,1,0,1,0
375,377,1,0,1,0
376,377,1,0,1,0
378,120,1,1,1,1
379,380,1,1,1,1
382,383,1,1,1,1
384,385,1,1,1,1
386,387,1,1,1,1
386,728,1,0,1,0
386,729,1,0,1,0
386,730,1,0,1,0
386,423,1,0,1,0
386,731,1,0,1,0
386,732,1,0,1,0
386,733,1,0,1,0
388,389,1,1,1,1
388,390,1,1,1,1
389,390,1,1,1,1
391,392,1,1,1,1
392,640,1,1,1,1
393,394,1,1,1,1
395,396,1,0,1,0
397,398,1,1,1,1
399,400,1,1,1,1
401,402,1,1,1,1
403,404,1,1,1,1
405,406,1,1,1,1
407,408,1,1,1,1
409,410,1,0,1,0
409,520,1,1,1,1
411,412,1,1,1,1
413,414,1,1,1,1
415,416,1,1,1,1
417,418,1,1,1,1
419,420,1,1,1,1
421,422,1,1,1,1
423,424,1,1,1,1
423,731,1,0,1,0
423,732,1,0,1,0
423,733,1,0,1,0
425,426,1,1,1,1
427,428,1,0,1,0
429,430,1,1,1,1
431,432,1,1,1,1
433,434,1,1,1,1
435,436,1,1,1,1
437,438,1,1,1,1
439,440,1,1,1,1
441,442,1,1,1,1
443,444,1,1,1,1
445,446,1,1,1,1
447,448,1,0,1,0
449,450,1,0,1,0
451,452,1,0,1,0
451,1582,1,1,1,1
452,464,1,1,1,1
453,454,1,1,1,1
455,295,1,1,1,1
457,458,1,1,1,1
459,460,1,0,1,0
461,462,1,1,1,1
461,463,1,1,1,1
462,463,1,1,1,1
465,466,1,1,1,1
467,468,1,1,1,1
469,470,1,1,1,1
471,472,1,1,1,1
473,474,1,0,1,0
475,476,1,1,1,1
477,478,1,0,1,0
477,2295,1,1,1,1
479,480,1,0,1,0
481,482,1,1,1,1
483,484,1,1,1,1
485,486,1,0,1,0
487,488,1,1,1,1
489,490,1,0,1,0
489,491,1,0,1,0
490,491,1,0,1,0
492,493,1,1,1,1
494,495,1,1,1,1
496,497,1,1,1,1
496,844,1,0,1,0
498,499,1,1,1,1
500,501,1,1,1,1
502,503,1,1,1,1
504,505,1,1,1,1
505,1269,1,1,1,1
506,507,1,1,1,1
508,509,1,1,1,1
510,511,1,1,1,1
512,513,1,1,1,1
514,515,1,1,1,1
516,517,1,1,1,1
516,257,1,0,1,0
516,719,1,0,1,0
518,519,1,0,1,0
521,145,1,1,1,1
522,523,1,1,1,1
524,18,1,0,1,0
525,526,1,0,1,0
526,933,1,1,1,1
527,528,1,1,1,1
529,530,1,1,1,1
531,532,1,1,1,1
533,397,1,1,1,1
534,535,1,1,1,1
536,537,1,1,1,1
537,1257,1,1,1,1
537,2201,1,1,1,1
538,539,1,0,1,0
540,541,1,1,1,1
542,543,1,1,1,1
544,545,1,1,1,1
546,547,1,0,1,0
548,549,1,0,1,0
548,919,1,0,1,0
550,551,1,0,1,0
552,553,1,1,1,1
554,555,1,1,1,1
556,557,1,1,1,1
558,339,1,1,1,1
559,560,1,0,1,0
562,563,1,1,1,1
564,565,1,1,1,1
566,21,1,1,1,1
567,568,1,1,1,1
569,570,1,1,1,1
571,572,1,1,1,1
572,2200,1,1,1,1
573,574,1,1,1,1
573,661,1,0,1,0
575,576,1,1,1,1
577,578,1,1,1,1
579,580,1,1,1,1
581,582,1,1,1,1
583,584,1,1,1,1
583,1502,1,1,1,1
585,586,1,1,1,1
587,588,1,1,1,1
587,2087,1,1,1,1
589,590,1,0,1,0
591,450,1,1,1,1
592,593,1,1,1,1
593,1614,1,0,1,0
594,595,1,0,1,0
594,596,1,0,1,0
595,596,1,0,1,0
597,598,1,1,1,1
599,600,1,1,1,1
601,602,1,1,1,1
601,2239,1,1,1,1
603,604,1,1,1,1
605,606,1,1,1,1
607,608,1,1,1,1
609,610,1,1,1,1
611,612,1,1,1,1
613,614,1,1,1,1
613,1118,1,1,1,1
613,1642,1,1,1,1
615,616,1,1,1,1
617,618,1,1,1,1
618,2274,1,1,1,1
619,620,1,1,1,1
621,622,1,1,1,1
623,624,1,1,1,1
625,626,1,0,1,0
625,627,1,0,1,0
625,2112,1,1,1,1
626,627,1,0,1,0
628,629,1,1,1,1
630,631,1,0,1,0
631,1191,1,1,1,1
631,2238,1,1,1,1
632,633,1,1,1,1
634,635,1,0,1,0
634,549,1,0,1,0
636,637,1,1,1,1
638,639,1,1,1,1
641,642,1,1,1,1
643,644,1,0,1,0
645,646,1,1,1,1
647,648,1,1,1,1
649,650,1,1,1,1
651,139,1,0,1,0
652,653,1,1,1,1
652,412,1,1,1,1
655,656,1,1,1,1
657,658,1,1,1,1
659,660,1,0,1,0
660,1887,1,1,1,1
662,663,1,0,1,0
662,664,1,0,1,0
663,664,1,0,1,0
665,666,1,1,1,1
667,668,1,1,1,1
669,670,1,1,1,1
671,672,1,0,1,0
672,2119,1,1,1,1
673,37,1,1,1,1
674,675,1,1,1,1
676,677,1,0,1,0
678,440,1,1,1,1
679,680,1,1,1,1
681,682,1,1,1,1
683,684,1,1,1,1
685,686,1,1,1,1
687,688,1,1,1,1
689,690,1,0,1,0
691,11,1,0,1,0
692,693,1,1,1,1
694,695,1,1,1,1
694,1192,1,1,1,1
694,1896,1,1,1,1
697,698,1,1,1,1
698,1875,1,1,1,1
699,700,1,1,1,1
701,702,1,1,1,1
703,704,1,1,1,1
705,706,1,1,1,1
706,1223,1,1,1,1
707,708,1,1,1,1
707,747,1,1,1,1
709,297,1,1,1,1
710,711,1,1,1,1
712,713,1,1,1,1
715,716,1,1,1,1
717,179,1,0,1,0
717,352,1,0,1,0
717,1019,1,1,1,1
718,516,1,0,1,0
718,257,1,0,1,0
718,719,1,0,1,0
718,748,1,1,1,1
719,1445,1,1,1,1
720,474,1,1,1,1
721,722,1,1,1,1
723,724,1,1,1,1
723,1899,1,1,1,1
725,726,1,0,1,0
727,386,1,0,1,0
727,728,1,0,1,0
727,729,1,0,1,0
727,730,1,0,1,0
727,423,1,0,1,0
727,731,1,0,1,0
727,732,1,0,1,0
727,733,1,0,1,0
727,1321,1,1,1,1
728,729,1,0,1,0
728,730,1,0,1,0
728,423,1,0,1,0
728,731,1,0,1,0
728,732,1,0,1,0
728,733,1,0,1,0
729,730,1,0,1,0
729,423,1,0,1,0
729,731,1,0,1,0
729,732,1,0,1,0
729,733,1,0,1,0
730,423,1,0,1,0
730,731,1,0,1,0
730,732,1,0,1,0
730,733,1,0,1,0
731,732,1,0,1,0
731,733,1,0,1,0
731,1967,1,1,1,1
732,733,1,0,1,0
732,2222,1,1,1,1
734,735,1,0,1,0
736,737,1,0,1,0
738,739,1,1,1,1
740,741,1,1,1,1
742,743,1,0,1,0
742,744,1,0,1,0
742,1359,1,1,1,1
743,744,1,0,1,0
744,2303,1,1,1,1
745,246,1,0,1,0
745,746,1,0,1,0
749,750,1,1,1,1
751,752,1,1,1,1
753,754,1,1,1,1
755,756,1,0,1,0
755,757,1,0,1,0
756,757,1,0,1,0
758,759,1,1,1,1
760,761,1,1,1,1
760,880,1,1,1,1
762,763,1,1,1,1
762,1241,1,1,1,1
762,447,1,1,1,1
764,765,1,1,1,1
765,1747,1,1,1,1
766,767,1,1,1,1
768,769,1,0,1,0
770,771,1,1,1,1
772,773,1,1,1,1
774,775,1,1,1,1
776,777,1,1,1,1
778,779,1,1,1,1
778,780,1,1,1,1
778,1817,1,1,1,1
779,780,1,1,1,1
781,782,1,1,1,1
783,784,1,1,1,1
785,786,1,1,1,1
785,934,1,0,1,0
785,935,1,0,1,0
785,936,1,0,1,0
785,1825,1,1,1,1
787,527,1,1,1,1
788,789,1,1,1,1
790,791,1,1,1,1
792,793,1,1,1,1
794,795,1,0,1,0
794,1756,1,0,1,0
795,635,1,0,1,0
796,797,1,1,1,1
798,799,1,1,1,1
800,801,1,1,1,1
802,803,1,1,1,1
804,805,1,1,1,1
806,807,1,1,1,1
808,809,1,1,1,1
808,1975,1,1,1,1
808,1976,1,1,1,1
810,811,1,1,1,1
812,11,1,1,1,1
813,814,1,1,1,1
813,889,1,1,1,1
815,816,1,1,1,1
817,818,1,1,1,1
819,820,1,0,1,0
821,822,1,0,1,0
823,824,1,1,1,1
825,826,1,1,1,1
828,829,1,1,1,1
828,830,1,1,1,1
829,830,1,1,1,1
831,832,1,1,1,1
833,834,1,0,1,0
835,836,1,1,1,1
835,1845,1,1,1,1
837,838,1,1,1,1
839,37,1,1,1,1
840,841,1,1,1,1
842,843,1,1,1,1
845,846,1,1,1,1
846,1989,1,0,1,0
847,848,1,1,1,1
847,156,1,1,1,1
849,850,1,1,1,1
850,996,1,1,1,1
851,852,1,1,1,1
853,854,1,1,1,1
855,856,1,1,1,1
857,858,1,1,1,1
857,1465,1,0,1,0
859,860,1,1,1,1
861,850,1,1,1,1
861,158,1,1,1,1
862,863,1,1,1,1
864,865,1,1,1,1
866,867,1,1,1,1
868,869,1,1,1,1
870,871,1,1,1,1
872,873,1,1,1,1
874,875,1,1,1,1
876,877,1,1,1,1
878,879,1,1,1,1
881,882,1,1,1,1
883,884,1,0,1,0
883,885,1,0,1,0
883,886,1,0,1,0
884,885,1,0,1,0
884,886,1,0,1,0
884,1678,1,1,1,1
885,886,1,0,1,0
887,888,1,1,1,1
890,891,1,1,1,1
892,893,1,1,1,1
892,918,1,1,1,1
894,895,1,0,1,0
896,897,1,1,1,1
898,899,1,1,1,1
900,901,1,1,1,1
902,903,1,1,1,1
904,905,1,1,1,1
906,907,1,1,1,1
906,1148,1,0,1,0
906,1149,1,0,1,0
908,909,1,1,1,1
910,911,1,0,1,0
910,1786,1,1,1,1
912,913,1,0,1,0
912,2118,1,1,1,1
914,915,1,1,1,1
914,1400,1,1,1,1
916,917,1,0,1,0
920,921,1,0,1,0
922,923,1,1,1,1
924,925,1,1,1,1
926,927,1,0,1,0
928,929,1,0,1,0
930,931,1,0,1,0
930,932,1,0,1,0
930,2263,1,1,1,1
931,932,1,0,1,0
931,2136,1,1,1,1
933,1587,1,1,2,1
934,935,1,0,1,0
934,936,1,0,1,0
935,936,1,0,1,0
935,1983,1,1,1,1
937,938,1,1,1,1
939,940,1,1,1,1
941,942,1,1,1,1
941,1325,1,0,1,0
943,944,1,1,1,1
945,946,1,1,1,1
947,948,1,1,1,1
949,689,1,1,1,1
950,951,1,1,1,1
952,953,1,1,1,1
953,1183,1,1,1,1
954,37,1,1,1,1
955,956,1,1,1,1
957,958,1,0,1,0
959,960,1,0,1,0
959,1799,1,1,1,1
961,962,1,1,1,1
963,706,1,1,1,1
965,966,1,1,1,1
965,1389,1,1,1,1
967,968,1,1,1,1
969,970,1,1,1,1
971,972,1,1,1,1
973,974,1,1,1,1
975,976,1,0,1,0
977,978,1,0,1,0
980,981,1,1,1,1
980,1335,1,0,1,0
980,339,1,0,1,0
982,983,1,1,1,1
984,985,1,1,1,1
986,987,1,1,1,1
988,989,1,1,1,1
988,1307,1,1,1,1
989,1656,1,1,1,1
990,991,1,1,1,1
992,993,1,1,1,1
994,995,1,1,1,1
997,998,1,0,1,0
999,1000,1,0,1,0
1001,1002,1,1,1,1
1003,1004,1,1,1,1
1005,1006,1,1,1,1
1005,2174,1,1,1,1
1006,1679,1,1,1,1
1007,1008,1,1,1,1
1009,1010,1,1,1,1
1011,1012,1,1,1,1
1013,1014,1,0,1,0
1015,1016,1,1,1,1
1017,1018,1,1,1,1
1020,112,1,1,1,1
1021,1022,1,0,1,0
1021,1023,1,0,1,0
1021,1024,1,0,1,0
1021,1025,1,0,1,0
1021,77,1,0,1,0
1021,1026,1,0,1,0
1021,1027,1,0,1,0
1021,1028,1,0,1,0
1022,1023,1,0,1,0
1022,1024,1,0,1,0
1022,1025,1,0,1,0
1022,77,1,0,1,0
1022,1026,1,0,1,0
1022,1027,1,0,1,0
1022,1028,1,0,1,0
1023,1024,1,0,1,0
1023,1025,1,0,1,0
1023,77,1,0,1,0
1023,1026,1,0,1,0
1023,1027,1,0,1,0
1023,1028,1,0,1,0
1024,1025,1,0,1,0
1024,77,1,0,1,0
1024,1026,1,0,1,0
1024,1027,1,0,1,0
1024,1028,1,0,1,0
1024,1186,1,1,1,1
1025,77,1,0,1,0
1025,1026,1,0,1,0
1025,1027,1,0,1,0
1025,1028,1,0,1,0
1026,1027,1,0,1,0
1026,1028,1,0,1,0
1027,1028,1,0,1,0
1029,1030,1,0,1,0
1031,1032,1,0,1,0
1033,1034,1,1,1,1
1035,1036,1,0,1,0
1037,1038,1,1,1,1
1039,1040,1,1,1,1
1042,205,1,1,1,1
1043,1044,1,1,1,1
1045,1046,1,1,1,1
1047,1048,1,1,1,1
1049,1050,1,1,1,1
1051,1052,1,1,1,1
1053,465,1,0,1,0
1054,1055,1,1,1,1
1056,1057,1,0,1,0
1058,1059,1,1,1,1
1060,1061,1,1,1,1
1062,1063,1,1,1,1
1064,1065,1,1,1,1
1066,1067,1,1,1,1
1068,1069,1,1,1,1
1070,1071,1,1,1,1
1070,1490,1,0,1,0
1072,1073,1,1,1,1
1074,1075,1,0,1,0
1074,1076,1,0,1,0
1075,1076,1,0,1,0
1077,1078,1,1,1,1
1079,314,1,0,1,0
1080,686,1,1,1,1
1081,1082,1,1,1,1
1083,1084,1,1,1,1
1085,1086,1,1,1,1
1087,1088,1,1,1,1
1089,1090,1,0,1,0
1092,1093,1,0,1,0
1094,1095,1,1,1,1
1096,1097,1,1,1,1
1096,1466,1,1,1,1
1098,1099,1,1,1,1
1100,1101,1,1,1,1
1102,706,1,1,1,1
1103,1104,1,0,1,0
1105,1106,1,1,1,1
1107,1108,1,0,1,0
1109,762,1,1,1,1
1110,1111,1,0,1,0
1112,1113,1,1,1,1
1115,1116,1,1,1,1
1117,110,1,1,1,1
1119,1120,1,1,1,1
1121,1122,1,1,1,1
1123,1124,1,1,1,1
1125,1126,1,1,1,1
1127,1128,1,1,1,1
1127,2001,1,1,1,1
1129,1130,1,1,1,1
1131,1132,1,1,1,1
1133,1134,1,1,1,1
1135,1136,1,1,1,1
1137,1138,1,1,1,1
1139,1140,1,1,1,1
1141,1142,1,1,1,1
1143,1144,1,1,1,1
1145,1146,1,0,1,0
1145,1147,1,0,1,0
1146,1147,1,0,1,0
1148,1149,1,0,1,0
1150,1151,1,1,1,1
1152,1153,1,1,1,1
1152,1324,1,1,1,1
1154,1155,1,1,1,1
1156,1157,1,1,1,1
1158,1159,1,0,1,0
1160,1161,1,1,1,1
1162,1163,1,1,1,1
1163,1367,1,0,1,0
1164,1165,1,1,1,1
1166,1167,1,1,1,1
1168,1169,1,1,1,1
1170,1171,1,1,1,1
1172,1173,1,0,1,0
1174,1175,1,0,1,0
1174,1905,1,1,1,1
1174,2095,1,1,1,1
1176,1177,1,1,1,1
1178,1179,1,1,1,1
1180,1181,1,1,1,1
1182,730,1,1,1,1
1184,1185,1,1,1,1
1187,1188,1,0,1,0
1189,1190,1,1,1,1
1189,2225,1,1,1,1
1193,1194,1,0,1,0
1195,1196,1,1,1,1
1197,37,1,1,1,1
1198,1199,1,1,1,1
1200,1201,1,1,1,1
1202,1203,1,0,1,0
1204,37,1,1,1,1
1205,1206,1,1,1,1
1207,1208,1,1,1,1
1208,2171,1,1,1,1
1209,1210,1,1,1,1
1212,1213,1,1,1,1
1214,1215,1,1,1,1
1214,1418,1,1,1,1
1216,1217,1,1,1,1
1218,1219,1,1,1,1
1220,1417,1,1,1,1
1221,1222,1,1,1,1
1224,1225,1,1,1,1
1226,1227,1,1,1,1
1226,1655,1,1,1,1
1229,1230,1,1,1,1
1231,1232,1,1,1,1
1231,1986,1,1,1,1
1233,1234,1,1,1,1
1235,1236,1,1,1,1
1237,1238,1,1,1,1
1239,1240,1,1,1,1
1242,761,1,1,1,1
1243,1244,1,1,1,1
1245,355,1,1,1,1
1246,1247,1,1,1,1
1246,2111,1,1,1,1
1248,1249,1,1,1,1
1250,1251,1,1,1,1
1252,1253,1,0,1,0
1254,815,1,1,1,1
1255,1256,1,1,1,1
1256,1580,1,0,1,0
1256,1864,1,0,1,0
1258,1259,1,1,1,1
1260,1261,1,1,1,1
1262,1263,1,1,1,1
1264,1265,1,0,1,0
1265,2182,1,1,1,1
1267,1268,1,1,1,1
1270,1271,1,1,1,1
1272,1273,1,1,1,1
1274,1275,1,1,1,1
1276,1277,1,1,1,1
1278,1279,1,1,1,1
1280,1281,1,1,1,1
1282,1283,1,1,1,1
1284,1285,1,1,1,1
1286,1214,1,1,1,1
1287,1288,1,1,1,1
1287,1535,1,0,1,0
1287,1256,1,0,1,0
1287,1580,1,0,1,0
1287,1864,1,0,1,0
1289,1290,1,1,1,1
1291,1292,1,1,1,1
1293,1294,1,1,1,1
1295,1296,1,1,1,1
1295,1422,1,1,1,1
1297,1298,1,0,1,0
1299,1300,1,0,1,0
1301,1302,1,1,1,1
1303,1304,1,1,1,1
1305,1306,1,1,1,1
1305,532,1,1,1,1
1306,532,1,1,1,1
1308,1309,1,1,1,1
1310,1311,1,1,1,1
1312,1313,1,0,1,0
1312,1314,1,0,1,0
1313,1314,1,0,1,0
1315,1316,1,1,1,1
1317,1318,1,1,1,1
1319,1320,1,1,1,1
1322,1127,1,1,1,1
1323,733,1,1,1,1
1326,1327,1,1,1,1
1329,1330,1,0,1,0
1331,184,1,1,1,1
1332,367,1,1,1,1
1333,1334,1,1,1,1
1335,339,1,0,1,0
1336,1337,1,1,1,1
1338,1339,1,1,1,1
1340,1341,1,1,1,1
1341,1886,1,1,1,1
1342,1343,1,1,1,1
1344,1345,1,1,1,1
1346,1347,1,1,1,1
1348,1349,1,1,1,1
1350,1351,1,1,1,1
1350,1352,1,1,1,1
1351,1352,1,1,1,1
1353,1354,1,1,1,1
1355,1356,1,1,1,1
1357,1358,1,1,1,1
1360,1361,1,1,1,1
1360,1362,1,1,1,1
1361,1362,1,1,1,1
1363,1364,1,1,1,1
1365,1366,1,1,1,1
1368,1369,1,1,1,1
1370,1371,1,1,1,1
1372,1373,1,1,1,1
1374,1375,1,1,1,1
1376,706,1,1,1,1
1377,1378,1,0,1,0
1379,1380,1,1,1,1
1381,1382,1,1,1,1
1383,1384,1,1,1,1
1385,1386,1,1,1,1
1387,1388,1,1,1,1
1390,1391,1,1,1,1
1392,1393,1,0,1,0
1394,1395,1,1,1,1
1396,1397,1,1,1,1
1398,1399,1,0,1,0
1401,1402,1,1,1,1
1403,1404,1,0,1,0
1403,1405,1,0,1,0
1404,1405,1,0,1,0
1406,1136,1,1,1,1
1407,1408,1,1,1,1
1407,1596,1,1,1,1
1409,1410,1,0,1,0
1411,1412,1,0,1,0
1413,1414,1,1,1,1
1415,1416,1,1,1,1
1419,18,1,1,1,1
1420,1421,1,1,1,1
1423,1424,1,1,1,1
1425,1426,1,1,1,1
1427,1428,1,0,1,0
1429,126,1,1,1,1
1430,1431,1,1,1,1
1432,1433,1,1,1,1
1432,1542,1,0,1,0
1434,1435,1,1,1,1
1436,1437,1,1,1,1
1437,2069,1,1,1,1
1438,1188,1,1,1,1
1439,1440,1,1,1,1
1441,71,1,1,1,1
1442,1443,1,0,1,0
1442,1444,1,0,1,0
1443,1444,1,0,1,0
1446,1427,1,1,1,1
1447,1448,1,0,1,0
1449,1198,1,0,1,0
1450,1451,1,0,1,0
1450,1452,1,0,1,0
1451,1452,1,0,1,0
1453,1454,1,0,1,0
1455,1456,1,1,1,1
1457,1458,1,1,1,1
1459,348,1,1,1,1
1460,199,1,0,1,0
1461,1462,1,1,1,1
1463,1464,1,1,1,1
1467,1468,1,1,1,1
1469,1470,1,1,1,1
1471,1472,1,0,1,0
1473,1474,1,1,1,1
1475,443,1,0,1,0
1476,1477,1,1,1,1
1478,1479,1,1,1,1
1480,1481,1,1,1,1
1482,1483,1,1,1,1
1484,1485,1,1,1,1
1486,1487,1,1,1,1
1488,1489,1,1,1,1
1491,1492,1,1,1,1
1493,1494,1,1,1,1
1493,1533,1,1,1,1
1493,967,1,1,1,1
1495,1496,1,1,1,1
1497,1498,1,0,1,0
1499,1500,1,1,1,1
1503,1504,1,0,1,0
1505,1506,1,1,1,1
1507,1508,1,1,1,1
1509,436,1,0,1,0
1510,1511,1,1,1,1
1512,1246,1,1,1,1
1513,1514,1,0,1,0
1513,1952,1,1,1,1
1515,1516,1,1,1,1
1517,1518,1,1,1,1
1519,1520,1,0,1,0
1521,1522,1,1,1,1
1523,1524,1,0,1,0
1523,273,1,1,1,1
1525,1526,1,1,1,1
1527,1528,1,1,1,1
1529,1530,1,1,1,1
1531,1532,1,1,1,1
1534,1535,1,1,1,1
1535,1256,1,0,1,0
1535,1580,1,0,1,0
1535,1864,1,0,1,0
1536,1537,1,0,1,0
1538,1539,1,0,1,0
1540,1541,1,1,1,1
1543,1544,1,0,1,0
1545,1546,1,0,1,0
1547,1548,1,1,1,1
1549,1550,1,1,1,1
1551,1552,1,0,1,0
1553,1554,1,1,1,1
1555,1556,1,1,1,1
1558,1559,1,1,1,1
1560,1561,1,1,1,1
1562,234,1,1,1,1
1563,1564,1,1,1,1
1565,1566,1,1,1,1
1568,1569,1,1,1,1
1570,1571,1,1,1,1
1572,1573,1,1,1,1
1574,1575,1,1,1,1
1576,1577,1,0,1,0
1578,1579,1,1,1,1
1580,1581,1,1,1,1
1580,1864,1,0,1,0
1583,1584,1,1,1,1
1585,1586,1,1,1,1
1588,1589,1,1,1,1
1590,1591,1,1,1,1
1592,1593,1,1,1,1
1594,1595,1,0,1,0
1597,1598,1,1,1,1
1599,1600,1,1,1,1
1601,1602,1,1,1,1
1603,1604,1,1,1,1
1605,1606,1,1,1,1
1607,1608,1,1,1,1
1609,1610,1,1,1,1
1611,1612,1,1,1,1
1612,2060,1,0,1,0
1613,593,1,0,1,0
1613,1614,1,0,1,0
1615,1616,1,1,1,1
1615,1780,1,0,1,0
1615,1781,1,0,1,0
1615,1782,1,0,1,0
1617,1618,1,1,1,1
1619,1620,1,1,1,1
1621,1622,1,0,1,0
1623,1624,1,1,1,1
1625,1626,1,1,1,1
1627,1628,1,1,1,1
1628,2228,1,1,1,1
1629,1630,1,1,1,1
1630,1713,1,1,1,1
1631,1632,1,0,1,0
1633,183,1,1,1,1
1634,1635,1,1,1,1
1634,1636,1,1,1,1
1634,1694,1,0,1,0
1634,722,1,0,1,0
1635,1636,1,1,1,1
1637,488,1,1,1,1
1638,1639,1,1,1,1
1640,1641,1,1,1,1
1641,2335,1,0,1,0
1643,1644,1,1,1,1
1645,1646,1,0,1,0
1647,1648,1,1,1,1
1648,1744,1,1,1,1
1649,1650,1,1,1,1
1651,118,1,1,1,1
1652,1653,1,1,1,1
1654,1655,1,0,1,0
1657,1658,1,1,1,1
1659,1660,1,1,1,1
1661,1662,1,1,1,1
1663,1314,1,1,1,1
1664,1665,1,0,1,0
1666,1667,1,1,1,1
1669,1670,1,1,1,1
1671,1672,1,1,1,1
1673,1674,1,1,1,1
1675,850,1,1,1,1
1676,1677,1,0,1,0
1680,1681,1,1,1,1
1682,1683,1,0,1,0
1682,1684,1,0,1,0
1682,2287,1,1,1,1
1683,1684,1,0,1,0
1685,362,1,1,1,1
1687,1688,1,1,1,1
1689,1690,1,1,1,1
1691,1692,1,1,1,1
1693,334,1,1,1,1
1694,722,1,0,1,0
1695,1696,1,1,1,1
1697,1698,1,0,1,0
1699,1700,1,1,1,1
1701,1702,1,1,1,1
1703,706,1,1,1,1
1704,1705,1,0,1,0
1704,1706,1,0,1,0
1705,1706,1,0,1,0
1706,1726,1,1,1,1
1707,1708,1,1,1,1
1709,1710,1,1,1,1
1711,1712,1,1,1,1
1713,1209,1,1,1,1
1714,1715,1,1,1,1
1714,2048,1,1,1,1
1716,1717,1,1,1,1
1718,1719,1,1,1,1
1718,2240,1,0,1,0
1720,1721,1,1,1,1
1722,1723,1,1,1,1
1724,1725,1,1,1,1
1727,1728,1,0,1,0
1729,1730,1,1,1,1
1731,1732,1,1,1,1
1733,1734,1,1,1,1
1735,37,1,1,1,1
1736,1737,1,1,1,1
1738,1739,1,1,1,1
1739,86,1,1,1,1
1740,69,1,1,1,1
1741,1742,1,0,1,0
1741,1743,1,0,1,0
1742,1743,1,0,1,0
1745,1746,1,0,1,0
1748,1749,1,1,1,1
1750,509,1,0,1,0
1751,1752,1,1,1,1
1753,568,1,1,1,1
1754,1755,1,1,1,1
1757,1758,1,1,1,1
1759,1760,1,0,1,0
1761,1762,1,1,1,1
1763,1764,1,1,1,1
1765,1766,1,1,1,1
1767,1768,1,1,1,1
1769,780,1,1,1,1
1770,1771,1,1,1,1
1772,1773,1,1,1,1
1774,1775,1,1,1,1
1776,375,1,1,1,1
1777,1778,1,1,1,1
1779,1615,1,0,1,0
1779,1780,1,0,1,0
1779,1781,1,0,1,0
1779,1782,1,0,1,0
1779,2098,1,1,1,1
1780,1781,1,0,1,0
1780,1782,1,0,1,0
1781,1782,1,0,1,0
1783,1784,1,1,1,1
1785,814,1,0,1,0
1787,1788,1,1,1,1
1789,1790,1,1,1,1
1791,1792,1,1,1,1
1793,1794,1,1,1,1
1795,1796,1,0,1,0
1797,1798,1,1,1,1
1800,1801,1,1,1,1
1802,1803,1,1,1,1
1804,1805,1,1,1,1
1806,1807,1,1,1,1
1808,1809,1,1,1,1
1810,1811,1,1,1,1
1812,1813,1,1,1,1
1814,1815,1,0,1,0
1814,1816,1,0,1,0
1815,1816,1,0,1,0
1818,1819,1,1,1,1
1820,1781,1,1,1,1
1821,1822,1,1,1,1
1823,1824,1,1,1,1
1826,1827,1,1,1,1
1828,1829,1,0,1,0
1830,1831,1,1,1,1
1832,1833,1,1,1,1
1834,1835,1,1,1,1
1836,1837,1,1,1,1
1838,1086,1,1,1,1
1839,1840,1,1,1,1
1841,1842,1,1,1,1
1843,1844,1,1,1,1
1846,1454,1,1,1,1
1847,1848,1,1,1,1
1847,672,1,1,1,1
1847,2119,1,1,1,1
1849,174,1,1,1,1
1850,1851,1,0,1,0
1850,1852,1,0,1,0
1851,1852,1,0,1,0
1853,1854,1,1,1,1
1855,1856,1,1,1,1
1857,1858,1,0,1,0
1859,1860,1,1,1,1
1859,1861,1,1,1,1
1859,2014,1,0,1,0
1860,1861,1,1,1,1
1862,376,1,1,1,1
1863,1565,1,1,1,1
1865,1866,1,1,1,1
1867,1868,1,1,1,1
1869,1478,1,0,1,0
1870,1871,1,1,1,1
1872,1498,1,1,1,1
1873,1874,1,0,1,0
1876,1877,1,1,1,1
1878,1879,1,1,1,1
1878,2288,1,1,1,1
1880,1881,1,1,1,1
1882,1883,1,0,1,0
1884,1885,1,1,1,1
1888,1889,1,0,1,0
1888,1001,1,0,1,0
1889,1001,1,0,1,0
1890,919,1,0,1,0
1891,1892,1,1,1,1
1893,1894,1,1,1,1
1895,1127,1,1,1,1
1897,1898,1,0,1,0
1900,1901,1,0,1,0
1902,1683,1,1,1,1
1903,1904,1,1,1,1
1906,1907,1,0,1,0
1908,1909,1,1,1,1
1910,1911,1,1,1,1
1912,1913,1,1,1,1
1914,1915,1,1,1,1
1916,1917,1,1,1,1
1918,1919,1,1,1,1
1920,1921,1,1,1,1
1922,1923,1,0,1,0
1924,1793,1,1,1,1
1925,1926,1,1,1,1
1927,1928,1,1,1,1
1929,1930,1,0,1,0
1931,1932,1,1,1,1
1933,1934,1,0,1,0
1935,729,1,1,1,1
1936,1014,1,1,1,1
1937,1938,1,0,1,0
1939,1940,1,0,1,0
1941,1942,1,1,1,1
1943,1110,1,1,1,1
1944,1945,1,1,1,1
1946,1947,1,1,1,1
1948,1949,1,1,1,1
1950,1951,1,1,1,1
1953,1954,1,0,1,0
1953,1955,1,0,1,0
1954,1955,1,0,1,0
1956,67,1,0,1,0
1957,1958,1,1,1,1
1959,1718,1,1,1,1
1960,1961,1,1,1,1
1962,1963,1,1,1,1
1964,1965,1,1,1,1
1964,1966,1,1,1,1
1965,1966,1,1,1,1
1968,1969,1,0,1,0
1970,1971,1,1,1,1
1972,1973,1,1,1,1
1974,576,1,1,1,1
1975,1976,1,1,1,1
1977,1427,1,1,1,1
1978,1979,1,1,1,1
1980,1981,1,1,1,1
1982,335,1,1,1,1
1984,1985,1,0,1,0
1987,1988,1,1,1,1
1990,1991,1,0,1,0
1992,1993,1,1,1,1
1994,1332,1,0,1,0
1995,333,1,1,1,1
1996,1660,1,1,1,1
1997,1998,1,1,1,1
1999,2000,1,1,1,1
2002,2003,1,0,1,0
2004,2005,1,0,1,0
2006,1576,1,1,1,1
2008,2009,1,0,1,0
2010,2011,1,1,1,1
2012,2013,1,1,1,1
2015,2016,1,1,1,1
2017,684,1,0,1,0
2018,658,1,1,1,1
2019,2020,1,1,1,1
2021,2022,1,0,1,0
2023,2024,1,1,1,1
2025,2026,1,1,1,1
2027,2028,1,0,1,0
2029,2030,1,1,1,1
2031,2032,1,1,1,1
2033,1780,1,1,1,1
2034,2035,1,1,1,1
2036,2037,1,1,1,1
2038,2039,1,1,1,1
2040,2041,1,1,1,1
2042,2043,1,1,1,1
2042,226,1,0,1,0
2044,2045,1,1,1,1
2046,2047,1,1,1,1
2049,2050,1,1,1,1
2051,2052,1,1,1,1
2053,2054,1,1,1,1
2055,1427,1,1,1,1
2056,2057,1,1,1,1
2058,2059,1,1,1,1
2061,2062,1,1,1,1
2063,2064,1,1,1,1
2065,2066,1,1,1,1
2067,2068,1,0,1,0
2070,2071,1,1,1,1
2072,2073,1,1,1,1
2074,2075,1,0,1,0
2076,2077,1,1,1,1
2078,867,1,1,1,1
2079,2080,1,0,1,0
2081,2082,1,1,1,1
2083,1694,1,1,1,1
2084,823,1,1,1,1
2085,2086,1,0,1,0
2088,122,1,1,1,1
2089,2090,1,1,1,1
2091,2092,1,1,1,1
2093,2094,1,1,1,1
2096,2097,1,1,1,1
2100,2101,1,1,1,1
2102,2103,1,1,1,1
2104,2105,1,1,1,1
2106,2107,1,1,1,1
2108,2109,1,1,1,1
2110,1246,1,1,1,1
2110,2111,1,1,1,1
2114,2115,1,0,1,0
2116,2117,1,0,1,0
2120,2121,1,1,1,1
2122,1155,1,1,1,1
2123,2124,1,1,1,1
2125,2126,1,1,1,1
2127,935,1,1,1,1
2128,2129,1,1,1,1
2130,123,1,1,1,1
2131,2132,1,1,1,1
2133,2134,1,1,1,1
2137,2138,1,0,1,0
2139,2140,1,1,1,1
2141,2142,1,1,1,1
2143,2144,1,1,1,1
2145,2146,1,1,1,1
2147,2148,1,1,1,1
2149,2150,1,1,1,1
2151,2152,1,0,1,0
2153,2154,1,1,1,1
2155,2156,1,1,1,1
2157,37,1,1,1,1
2158,2159,1,1,1,1
2160,2161,1,1,1,1
2162,1511,1,0,1,0
2163,2164,1,1,1,1
2165,2166,1,1,1,1
2167,2168,1,1,1,1
2170,1983,1,1,1,1
2172,2173,1,1,1,1
2175,339,1,1,1,1
2176,1047,1,1,1,1
2177,2178,1,0,1,0
2179,2180,1,1,1,1
2181,2054,1,1,1,1
2182,2294,1,1,1,1
2183,2184,1,0,1,0
2183,2185,1,0,1,0
2184,2185,1,0,1,0
2186,2019,1,1,1,1
2187,2188,1,1,1,1
2189,1022,1,1,1,1
2190,2191,1,1,1,1
2192,2193,1,1,1,1
2194,2195,1,1,1,1
2196,2197,1,1,1,1
2198,2199,1,1,1,1
2202,2203,1,0,1,0
2204,2205,1,1,1,1
2206,2207,1,1,1,1
2208,2209,1,1,1,1
2210,1053,1,1,1,1
2211,2212,1,0,1,0
2213,2214,1,1,1,1
2215,2216,1,1,1,1
2217,2218,1,1,1,1
2219,339,1,1,1,1
2220,2221,1,1,1,1
2223,2224,1,1,1,1
2226,2227,1,1,1,1
2229,2230,1,1,1,1
2231,2054,1,1,1,1
2232,2233,1,1,1,1
2234,2235,1,1,1,1
2236,2237,1,0,1,0
2241,2242,1,1,1,1
2243,2244,1,0,1,0
2246,2247,1,0,1,0
2248,2249,1,1,1,1
2250,2251,1,1,1,1
2252,252,1,0,1,0
2253,2254,1,1,1,1
2255,2256,1,1,1,1
2257,2258,1,1,1,1
2259,2260,1,1,1,1
2261,2262,1,0,1,0
2264,2265,1,1,1,1
2266,524,1,1,1,1
2267,2268,1,1,1,1
2269,2270,1,1,1,1
2271,1586,1,1,1,1
2272,2273,1,1,1,1
2276,2277,1,1,1,1
2278,119,1,1,1,1
2279,2280,1,1,1,1
2281,771,1,1,1,1
2282,2283,1,1,1,1
2284,21,1,1,1,1
2285,2286,1,0,1,0
2289,2290,1,1,1,1
2291,2292,1,1,1,1
2293,936,1,1,1,1
2296,2297,1,0,1,0
2298,1348,1,1,1,1
2299,2300,1,1,1,1
2301,2302,1,1,1,1
2304,2305,1,0,1,0
2306,1681,1,1,1,1
2307,2308,1,1,1,1
2309,2310,1,1,1,1
2311,2312,1,1,1,1
2313,2314,1,1,1,1
2315,1121,1,1,1,1
2316,2317,1,1,1,1
2318,2319,1,1,1,1
2320,2321,1,1,1,1
2322,2323,1,1,1,1
2324,2325,1,1,1,1
2326,2327,1,0,1,0
2328,2329,1,1,1,1
2330,2331,1,1,1,1
2332,1000,1,1,1,1
2333,2334,1,0,1,0
