transaction_id,tx_unique_id
4cf0f8752b53296897ed36850b41ee607a5ad1d79284eac8ec381c349dd3d814,0
d309cb43b674433573623fb9573b33e92a78cc85c72255d728b5f91ccaf85c19,1
5b1812f7a21fb58f85747c4efc73bb8571e97f1a6a66fbd352687b2602efc8e7,2
d39d3fdc483d3aee2ba4b1d78db992b65e4528b9913223da253e9e478dd697e8,3
ba3b3e1f940be2361c8543af89f064e6c75d9262a60d9719b9f4d5c042d73dc1,4
2f32bb5528391d327b7f811d93811f681c67ab4f0370e88d972fee3da05ae006,5
6c56bfab6ced2f0d217dc5d81d4e9f13a745af266f42472500b9f59c9398c20a,6
fa5a7f5f24091c3b31cdcd23bf2492c1e45c61d77040912c7281f1d356a45d56,7
a2c54159124a008dc60a1e305a70822acd9f445bb5dab08299595b757029592e,8
722f4c13381b4bd9b12570278a71cad4c438da10b20837d17f8bc776d87f1519,9
9c9e62cd2a0f0152754c758ff37ec45609f59d4c7a60896afb6076a42dbb58fd,10
8306cde6942a1c7ad196f29b44fc1310b1b7c1abc202530597086b60d2d87949,11
1875096bb19dae32bfe5ed4910c56b396e24e52102688e8c375acd42c7b4e09e,12
38b3d640775f065035280e27de90c9e7e344936966432c465155079109690e6b,13
845e814e11af71d9c870af4b7eb97626521212807ede7d3f6340832b0c772595,14
d14d1daed9034eb2a2ae1e453a827a85db532621da426be688f2cbdc58dc33ff,15
ae0d60c8f653285ffdc25d56c1b7413e5cc756c169a819902dbd3bc10e581747,16
8e366b556a5ca15eebcbd0147c049bcab5d3aa457aa1a5dacbfa670e4c5f5662,17
28f0cd43eb5143a5f6b8d45b2f98147c320d1ab1aebc0b9592d7a1f924c4f410,18
3d75d16ceed4dd693a4fdb2f4a6d633ebb17b9f39ec6962627ae1f77fab23613,19
e184478a33c5a933135e803009a72f7e7b77b41dbf6c5ec76fb61041438948dd,20
9b29954da478fbdddb3cbd4f98449b631347ed1d18c29e7f5ab62a26c92607b5,21
b0d21a187b5530bc16f8118c0672bf5df6d251891a17efb7804c52f271765461,22
f4c10bdd0d7e594ba35aee7ba97e745ddd9aa4a5d9bbcf15b2c86dffcbde5efc,23
1062bda48f81b4690dd1c687cbc1ff4be843e488a04e71efa0525e24b789ee64,24
1cb6a9b0a9271d7091b16a9d25ef04b1e8c6f9c3af14e366a7f75bb440bc24d8,25
dd53eefb5492e07c3cc856be7c011d329ed408299eb266697c301c1d200bec14,26
7df3aad3258a47fbcaf2ca0ecb39b8705f578131c3f520a9c0d2486908ed555f,27
5516843fdc0e7b6a36ffad32400806702605d059f9b84b7688504658c8371d0b,28
6c1db9dbb4261404466f5d6e89d4f4eb9d741c41b99c5d0c58868764d98a4ae7,29
1c24754b365c5ee419ce2b3eb869ac179b5d9c839ddd41e06f973779cbdbe310,30
c4288a2923505e94ff94212b28893b0af44622d3d749547b48a5021c7c23e186,31
fb7842912803c26b66753f3ccdd39e9e1ca9d1a92dfdee0b7edbca3af110ae30,32
664802a9f0d2b999bdc748a96169a07798407b5af814e248ddfba3e3c2e54545,33
92c8bb9499613161a2bcf00199e5220cf74e1850e055659417a755818faf5823,34
b4a93973719565e1553d33f51fc083b18ae6428d87179f81ffa3b78562d504eb,35
43226165f58542d5d7bf42f728633f0b4e6a329635b823fd34135c34d546370d,36
3b611c064cd9a3d7975f6f75da57f91b4c29c0ef8c6b486ec5cb70cddc108058,37
91de104dfeb3dc4fef95d14c47bb2f5dd1a2265b24e807d221c0d3cad924ad8f,38
d0bddaddbea4b1785bc51d5fd8bc36d7330f4e0deef9d4c943516863b64ab23a,39
522c84c3f9c0a861bac5494cabbaeec4dce77c54ebb81d043a4e5c76278a5421,40
16ee85137fec8d983ffc743596983aaf65d026c204bab9cbb24f2351b219bf9c,41
e8491d28a6483df2c31e87c8da98f5283804dafb97ce99a101f7fdb53110c1c7,42
52990c3bf84a00fa24a17a9b077e42a9215b61a396671037f7d672e99c2e03f1,43
59a87e4c9366bcca0520d75797dbf6fab35421c63c9baa7dcf3721644591736a,44
d3684c5c2870406e3d5ac721273a400655e9340aa6959f3512c6afbc072d6dc5,45
b00fe543a2296b22061ba2795a27478c3643fa793d0f0508f9d6665fb138cea9,46
53ebeafafbc42cf24aa6526da9283523244bc9748989fcd7aeef668cc89e17d5,47
b35ab7b42babdb22e7b9760f7d2779939386ab87269cf6529fc4a5033306d167,48
3291ec59ec2d8666f81a61bd6a51219b3e3d26fef2337ccae0d39dab2e5e5218,49
5744671736db6794d0635077b484be638496f77b5dbff1990f0b0980d0b31e61,50
dd69f5a65b76b5602b8fdc0d70cbb726654bc012b9a85a86a68acaedab736d7c,51
e4dd86171d082e68e72da585eefec781e49081b96ea4f00a99702593fc54f905,52
24d9d3fe721e78489bdac49c9430153b9e3548ec0f83dc3656970a4b5ac44ccc,53
518438c1f64d3f82e1f4027ed0f9f4876cc36d4498c9c0cb7c7d0ebe1e958932,54
7fa69735278c2aa5f9b4e8e4bceeee55b3197098889293ec46137ffcaa108eab,55
6693e408f2aa36599ce51d3d780ea99fd169ebf53fb1fb4af712918dae32a1fb,56
c2f95bfa0d2e533088e31cda74ba0571a6e8a2d4724d593b1dea215698f9a652,57
c02271bc2cf1319f5d1635e638660cacb5cc0c57055e829faf313e0dfd351d26,58
3058adc0a5c1bcd431bfabaf7be5ab843fc36523a36ade7c9a52449fe3aa5b04,59
c4c5dae5ce9d987eb5d4ee8c63ef608129802bd53611d9ffa6f3a72986120ea3,60
d474376fe72e975dd58290363b86787700de34ceb33d219a659f70a1ef83f3c6,61
1dd7ed450910a591155afeafc8c098da71284804e628dc11d6552635ff7ff8d2,62
1b25bf390ce46bd91c7cacec130ab92bf2cd59a0ffcab7f10fe00890979eab06,63
4c4d96d577620386deaf8ef714f1518d7885b1e1d2761989b2fd0c9b91ee9fbd,64
8bb774b9446fadf7c4a2977b112dda751c395b125c042cd2eeedde352a2a6964,65
cda36ee461879dfd86d3e303b3c0093d4a9296fd1c55fc913e5f380c3612e98a,66
20633d1f5da7382953b17877f7365a14f7b0c2898e90f459f658a30b61aeebcc,67
4ca93659e759a8232af2ebb361ae86de14554a5b75c9ff43347b49b3a6d77750,68
f0b6c4a850ba02338789d081823fcdf686a345186469f1e344183ac8f1962e22,69
e863e0b5984fc274476ae2a914abd2986134867305f4b15e37c69ca528a21901,70
85b30a7189c771b6a472053a284e2aec20f8ca58c3e3de7d18f2cac59bf959b4,71
650127a430d4a6976a5c19d16569380b98a49e05fdc83979eee341fed126735d,72
94fdcca2f66b9cb1d94d5f51c8de56d4bd57e1f89319b4e2938b58dc5a855b07,73
6fb580734a53ff7ff747201c7a167e40e6cd1fdaab3e36af37f750cec27c3715,74
ca0f92eaf92cc321c463318a8d7c08dbdb2953b2c971eab91cf28d335ae47e2f,75
48178f6ebf398ebff993a2db860f29828ba43a1d6595a08c40412506169cb551,76
00c0608e72614c96a8a68f04f5122138201810f7981dba9e2758f3bdfbf92656,77
3154d5cb50b2f9a3822ffb9306fb685625a8a442f748fbc39a6296f628208d74,78
bfb2edebcc7c41d8c50716861ad4e05372f37c1167f52d8619f6e7be895b8254,79
d679f7e326206d10d3ac7abe01139b0c5ad90b019d382af557c0cf731c6dffc6,80
b7e11e809a04da0caa336a1cf993b6974ded32310696e5e85582ae148671287d,81
f1d8d0fbe9b6cc311050f023e3bef1a21b46302186c1eaa82d8b816a8a8759f4,82
0d4493e28d643a4a06078576f275125c85e9948e2fb072c3236556609d721fcc,83
fdb4085d68565976a38ff6227c02823efe2d63315500d3c6a330c41d60bac23c,84
16cc5421ea8e4d2f7c99b4a3da5df4800d962e0c0c5cf5ea999a311a8a0f9199,85
2fb12912e7c6693f3bf255cfd3859cb41bf3400ee3899e8d1d66eb85977cff9c,86
e16fdf0f00ee6a1b84e16fd913852a6391b2903962eaa99ede35e2d7ca7a814f,87
9f4a8d31ef1da37cac29fb8301b2c67af75666d9da21272e35fd5acedad319b7,88
568b45a7875c7f73583605ace7c34b3ca87de06e203861d5c16e7503d94b8c7c,89
b23bc367d57adf637e6ff09f4bba609f5be85c91273fcf0e160156c03d4a8967,90
cafe266b982379ac78eb9de60c06fd5befd860e45da0a4e33e1e2e6e262dfbd4,91
2e468c1882bbd8fe0cb861691a79ba1bd9f0d41977d45a607d359e1de0d75439,92
287edec53fb5368d258b9e45eae4de8ee98508d13862d9d5fb130b6ed3d11c0f,93
24c776b830aa8360bddc2988816575a44e8167ce77a89541b93ded2c8dd6ca79,94
b6d8b97601994a5b94a4d0a13526b205594a7fdbe09edc059c825842097b8b33,95
0986216e852b346ba36f3d69e0aa0ff50b0f0f010bf8d579e58cac21b056b84f,96
198a8890f9a96002236cd291d812e8628a9bbc6ed25f8b52670f4ae8fcae6922,97
d7adc794ff9e34bd2b08bb2ecd1d99c4f4cdff0627634540599959dc07136f54,98
b13197dd2a311da906ec48387046b27d90363ee8b253cb4154184631077bc4ba,99
1f1a129c01bbd828543ed7b8dfe3f0eae2994b8063e4764aa6ec6c81b1c7c34b,100
925b1ab2e9d2df865e4d2d1f6cc5babe208f59593aa6b49edf401d289ee9a89a,101
36912d13a44009ddc853e6799c330d4cfec7ff8e03b078c82b17be7c33d09b3a,102
8e1110dd4cc6c1e4d3b20febae339862b665298c7a203a5a9838b687eb3c7a10,103
b35915976b8b0830ed911d192d389b4706dea8dcd658617cd120c029724ee917,104
a312788ea6ab3f9d419d5b07cd14a17d2ae6212fcba27b9e70be3eb59c9f5be8,105
81842e8fe409340e3e173f41f0f984766544942686271f7b28f37d795ad4d013,106
77e7ac6b999773f5f9a916146b5e8c05fb4500a0f136fa314a1665fc2364399a,107
44388c69e1afd245db3f969799b2fddbf7bb3bd7215a18bed27d203388bc9516,108
8658934776464a450f23801b17ec72bdd859fff6963c8e2f2f5dd13bc16b0709,109
5e9b39663403682d5dca9436a3e5b80ad85f22f6e8db415ef20f42d57dd339c3,110
2171cb0501623c8fe41e447126579c2b24d68ed2c9175399bb497af5a35ccd46,111
e77e5b0bab6947131e1b05be40679e8489d06c25b5b7834e0ed87262d00d40d1,112
6e7000311e32f1e4f5c7a31c26b0f6ecaaa97268feda447d23daa47d6437f781,113
14f41efd15b4e09cbb857b7f3b68a802882c3f7316b54a1120529e54ffc02546,114
4344136c2ace4e77161a8d3050f70ec4c291c194fa6cc876444ba9f790023834,115
8b86575031a9805f6c71a1cfa6141dc999a9f647f8ba22879e4afbbca21a9126,116
9893eb1b96c6126d3d8bedc57b823d1748587c1d7acbba9e9795faefd8cba604,117
63555b6743bc02e1d4b69b04d207f1268e00496c9c61655dc3d365aaa7a9084a,118
e9f28e11bc032fc404cd85642065a81f1cc8d57c2016ba0e872964e1e975f923,119
9e88725f476f212b66c8ee4290f42b9f747e0a401c24983e2453f6cb7d4a23b3,120
7a3a244889328b2e3b90e9b98328a7c36eefbaf563175bb5840ec6af14985765,121
12ca1ea2d647fa6494e1ad72a0ead681c720cbd814ef5dac2239591f439d36bb,122
ffca17e90d1ca2518bdc4e47305b23bab7b339eb9072affd88c72b0db7baf734,123
4413dc648a66ae4d18735b31e3ce05bcf87359582ca3b6b5d41e966026985e53,124
218c97a1f8941f341d5db126a87c3b18ef0b586ecd8fa3c9a4c56b31885b51ae,125
02c16fa8d6e3a02d35f20daf1682f981c1a2b2c71fc505db2cd96f043582394b,126
527a0913308acb015b6bd6898000af13b2159ae2fbf410a0a1ebf65653901fa4,127
47f4b48c6b96c10139d81d8a635458abb56dc5a61404cfc6832746430c542553,128
21a71669b387d78254fc839924e7ec6046d42c094cc04651c45e51dfbc0800db,129
045e7319bd141dfae3d62a6bf2b66d428adfdade8b0bac118670456dc3dd7a60,130
81551161467391d56ee43006c8621708fbc38849aaca3f0085947d7009946b20,131
c250a6fecc4169269eeb2b056ff0233369cbfa0feb7ac9fce98e4675d90d64bd,132
b859b826663ddad7836cb7d01e86f84175755eb7cd50dceaee2b0eb4f2d06112,133
f60c7d7b8a227d4e1cd3076128431c26fb04c097e02ecbc2ec5d61aaeac7195b,134
eb02537e573ce1dd51839d043cedcae4e399c5ac24db6135b077cfe5ea77362e,135
6b73a1d0347fdbb201fb4ff01c14e4392ff53ca3b4baa5e1cd9628e72e1efd66,136
3a19419e739079c680e33a6d3e41597936aa08fd97b6c3355da73290199120aa,137
1b9df2abbb7918309c20274a8749b77f39b13ceb12f4c2538fc942a3657f1f2c,138
4c4a742a7ed989b5669fbb87c4a3ccd0b51877e768e9dda03008651df11c0780,139
66b0c76ad583cc7b75a1fde0fa85278ec8c09c1b25a91f5c9fe66e0290a61f8f,140
9d1b7ccbdae13225b31eb8439f563c19fd392fdd53929f0bd8c9dfc174554122,141
42a517d0ed3d974560759094f49032026583a96799fe959c28ac129b9d0ff5ab,142
e204891735bd89367ad21d2e77bc485f8089d399e77810311f0718ec10c4188a,143
2d2a4ed20525076dd7d7c9cf804128bac890f621873f3bbe4fc9690cd59a12be,144
0839f357641e0f880b1dc77bd604ab9f4f794d8160e1f9ddb5d7ca066c405ef7,145
5affe8efb869b2d9e970a97c2b4e3f9fb5cb8c5380cc7774ded9a8613166b652,146
d67d7b05489b167cb108a6f06c5e9e10d502cb2451e674f86d939b4cd9d8ca68,147
38a6e06cea754ea38418db11cdb0ea18037a84b1e8b81e5105d29790655704da,148
a4fcbca85c1be7e635118e6363ae685785eee904653e9ee6e3c6da893d4cc653,149
40399f47f65cffb41b5ceb1447b6ec57aa62f9e28dbce02b4ac67915cf5027a0,150
0fbce68da6525a493c2b9a04695bdb357be4980a0608219ab7dfc220bf1d62fb,151
d05e9e2f5e1af3f7971ef84639e8c6a3ea571d133b835552fa0a6070343758dc,152
c551ca2f7b6e9e71e70d4d165180dc46acafd7d2cfd86abf802c508269ea890a,153
28d481acd8221242dba6b085597efc9aca6132b559d178fda7d1de7ee2e6bac9,154
d0eb0b67e6273130e800afb8081f3ca86fdf7b78d9802f4bc6fc97cf4d7781d5,155
43d215fc84031740d023d07c390af8d6a9c0528b3b81db335f1526c828b21594,156
e46042f702091d368b2733b5e2952845d17e562b859f6e8e816579f3be804be1,157
c5ebb2312a853d05a28cf599d943f1fb5b71497b1da6642f3748a67c0eda5e01,158
c5d7bf787b26c9113b429f70c4d3325d83af96b84fc51fd7a60e84a876c5711e,159
aa3a4987e1bc88dbb7340dafeb38885fda3be3734056613b1adf2760ec429d8c,160
30fcb3c818d35b4880b90e065165cd809ede93ffb9711405518795a17e28a0a7,161
b4a890cdc681a99c70245ea2eb9ba5c7783f9db12a7ea7dbd89801c9f10e31c5,162
e02f7246443b238fb97aa38c108da77a9bde0507cd9e354d24d39719ae1dfdaf,163
594eed20db91dba30fb37fde09c635ae14688fbe78210b5173868d49cdfb915a,164
d5fc621d8b1063ddfd087637d3baba22a1c8ae611a2db57cdcdeab182df43241,165
583705c2ea34e876f4a2db5e9210d6dabaf3d100c93481ad5ab0908f2416e24f,166
da9ab28853b2db6a576e99fb5bbc594d7db3bfc87710a1a4a95b41eb0719d94c,167
418e0b1c4395b3b92b50dea13a90f95b108808bc20566536b55b33e530af2875,168
70160471a37321a3c5529600490055fc007f6301a9d858bae60f44fa073950e8,169
811a5d418f3144783bd7e44bb60ec103ae8a027df27bef9e76b5f4333bfb7e8e,170
c4e2b32c6e4aca49a4d87456606c96262328a769f603e60fbe56d523c49950ca,171
7897a13c7157b2fb200259bbbe38101f3512617eaa3830a5b67e19b9b83c6a16,172
8c683a8051295dfac62ecdd1ad4b9843be3675e984c67b5830ba9b57f7f08e60,173
bc735362f636b03bfa8c6f6dcedb3a847ebeeb22a80bfd37af25ffcda77d36b1,174
371148e298ee6cf89361ebf3d2d85bc8fcec5f4c398147daa59584a6699ecfa8,175
dbd4b783fdda4355d2706712ff12017d552ab4ab7b4b9d82233bf69620239e7f,176
fa75550b9dd42d91b3a59f78e68e5e0d783661e9aeb547840f65ee7a88a1507e,177
9ae70ee91fc825ceef0805b69ec1599352f6ad71cd53801771a804e3aa516a78,178
827ef262f9ca654c86ea03d126ca6e5f0bdddda16c05427ef7628566c5d03e1d,179
a1ddb0da7978dac1232b0ea68fa176d1a8bf80d20afa20f8ca7b3e620384fe80,180
b6663ce70a4ec87213613bd985e9a0e1d600ba5ca85de0361f11eb7626e48440,181
4f37f2fe389c128ee84915f1d623ee0cc7f52390f1b1760651040d1278d0e6db,182
aafdd0c5ea4d301968ca96456ee0bdc2ab34c869a2ccb0cab9fe17fd49ccdb18,183
ed41deb5e9b46e69e27111fb76f4699ed228475d4a5956523d54a184284a2033,184
089aec6ad29e7c8dbee4a28a76bbea4921d5eb22754bafd15c3253f374d1f5c8,185
46587e45bed799f8203eddf33aa589aee8e3026960a1167f33d524952381b805,186
5429a2626145f342d14859fe974a3492b95ebfcf40ae24b501896803291ddf0b,187
97fcf22abdedb18fa87511acdbb9d71222a11d1f0324240d89aab880a850ee3f,188
9d6e9a428ac01334b00ea2cb30f951cef15f1cb9a193a13cf10c15ab21a1f0ac,189
adf3f8c9161e116b4a42f38d84ad9f7623ceae0392f05f2f4ebcca8b6d3f3e56,190
1b45f6ed961e9b07bf914170a233e20fd4cf3a58ffa7601787edf0753b283ae4,191
79f6cea3161f616ff326f2e2f9a08f2e3194111a9c82a5b8b088ec0d8f09cbc6,192
cfd47f61210de1d6cd3ed4c3ca4759837e10e0311ae53bad7510d31155e916cd,193
479e324db380598690e3093cda54207e39a6096767cb69cae54d6df9e8c6229b,194
9f6e6fb2eb1ac4cbaa2baa3ed03eb1b4278b51535d3da0c24d7e8ecda3803e06,195
060cd3a087a0e8a72dc5162161b9fe89c1402940bfc20e42a2ca3b1475ef91f9,196
fa8b002d59ffaeb51726bb00bd49a065f4be4ab1de10f423db45cd6d5b008aa8,197
0ca6c4601c7877471b06a8cff893fb2ac2802be92dc74de40075457899afb204,198
7cadebd99d5c2e1799d6992cd688a3794d6c8d050a86476a0c90bf7fefef802e,199
c07010b0beab75c444ac55d12ad46e69b10ae3bbaa368cc823796fea7f7cf860,200
3342668e8fac23baff1706e02576b4f4fe9d2c68161d4fa56b754811138f04d0,201
f751b4572f90db4e8e78a5c51b932fc9fc5e3acd991d7b9c40a9b15e8781b742,202
a22384e34d66c783802e0bfca41cce7dee3f24944496c19f42738ccdaccfe1cc,203
48c772f78497b104dd74108bbd8147f8f429f97502307640eff1c206072a77c2,204
c1e961d652916ca06fc68cf73b97c9dcce891517c5b575c44cf8c2633bec4372,205
cda3c8730583b48512c5b001c50bbdd237b3bc9a96747dce0599be27acbcc029,206
446581ed172751a2a5fc2fdbaaf8d510626d7b9b6b07d1e0f842905eb972256b,207
09ca42e9d3860eb84e76af4be88e2d7acc0f8c360a6c8d91ab08620514d6f244,208
41439cfff060de88fc68cb086f7edac863d615f90bceea1fc2fa7abf37756613,209
1650ac2ca10c1c16bf2660d0e78fe9352352a2e12e9f43a7ad17afebdaad6c34,210
08970726d0555f0ca09046bf3aa3e5cc2cd422a0f23a9702f21aec22114ae1c3,211
3d84fb70bd5f8be21e0e6eaac6ed01e3da7f58bebd9229957bfcde847054fcd2,212
1a33ef0d907fa2f53f561bce9f179e76657c8b2ae7fd64ee822561652ddd5e2c,213
3c418983e8cd62986d171d5b3212011c4e0bc7b9c53899999bfc8f31573ead48,214
16020cec830cb09386a0019b4c593ce26e1a2f265a9605d3fba81764f4fb4065,215
eead2533530727c4d03b298b1f00bf17775cee4f8de91242448ee8dce833cb6e,216
1b9b1ce092559ee60de02f6e1ab0378a30fac647277247e948ddec08f2ca499a,217
28d14a5ffb01306bd4101ad4cc12b474594e60d5a7c54767e1ca8c58427accfb,218
4a7870e40e0ebb5059a184a6d9467a0fbc55c27624aa361a99c97ca081afb4bf,219
5ef6e44a2f7a09688a76c044a0a7300e272f4631d454b9248ee4726f79b2d13a,220
2eb637f6b204e2e992a67f1dd8aab2907177ea9a7eab53ec7d4dfd105777ba20,221
509eda8d6db638e9a411710ff60addafe190ca672473b0f1d2110dc51f3d13bf,222
7abada45d517761e343af956d9601115e98b10c6b6c4a09b35ba8d33b361aa57,223
7b363155219168e5dd5978786eacaaf14303e0c66db1a4b2ca165b42d08648fd,224
d2feda8c9e3a37b3e7f72e1d8c03e42119cfe911be25f7fa1a86357d758d36b3,225
926bb5d339fd400c76c862b7c98542c999d059bd132c9eef2c5d17da8150a25d,226
5d38d26b0b0b9dbad2c82936253a1d73cc73450bbbe633880b7c596fc6ffcd1f,227
7bc490bc1b05e4163b3d01b75168f11b80ff15d5d31130545a026fe1237ae36b,228
90b4155143be68172fa7fd365afd583a7a08b8581cddad0701205ef827d2f765,229
e2113f9f06a4374989eb9198430a61e89b2d4321b82c17df3c3fbb9608bd0fb6,230
f6f40ac4e4e35576ae179efb3997e21ab580ed5a76e6ccadbeb088f32d1b849d,231
3f10c6d1cfbeb4de2c57287654824ac0f03bde30cc53abe144f48a2179b83e1d,232
ff45937448cc4101ceae9594da8f18bc7fc4c9e6c0ce59db1bffcd4fca3dcb72,233
84a4fd9770197a9484fb6d721594d96466ef104e966339de0b6b820edc01761c,234
5556a1427a4f24a469c8236737de439bff139c395de85303f62b6b2ed18317fa,235
617632a745c01e3e0767ea2bd95db01bbe7bbf8760a8bc37a5da1d5b10554173,236
aef9e89e315ddb0c64e6108735e06243fddda912de217d246a4754791c5f82b4,237
6944cc7bf5ed4b0766c2d6d8ef229b087a7af8402b6b8089096d904b5ce520b8,238
d9c97ee1fff37503d9885c9213299f8fe79591d26789b146c63ed03adca644b1,239
d301f6030fe61e12a007f9d068de52c6e4f950cbe14b47ff9189787748b51675,240
2f7c927d5d434ce1d9afb45dafc7fbc125a042d4172b0e20d53eb4f003aa18c1,241
fd1d362461954e87be0e76be8290c7fa9b6b5f3fdc134510ad4fbe6ac8c4bd2b,242
3f11c305701e305e91990d498bb3f195772cfcb9c62c503e033ef8a1e7185d12,243
dc74fc3b54153c8b67efb0142a5e29fbd89b81127cfeddad75836885b3f45884,244
4d38e1c4fdf0456fa5eb1f512a099394d255d6ff2b2807c8e2d8f111c99b6441,245
0b28245b944f0c450d348e19c718699b5a5a64679a2005896cdc0007904d456a,246
6d011055fafbd94034f0b8e00a0a0203cc1e12831d3bab4f162b1ee7309ce07c,247
066d84f93e4a0bddbfa55c64295160c13326cc19588151b723f605e218ace2e2,248
40eea9476d7b44d515ce73a2d362f7464fabe953db7d478a73bac318637c8eca,249
0cea7292cf5c3db49c40ff7a69b2a7596b054f4bedc06cce198803f1175d4031,250
c44f7b245f44aa2e3ebd746013869269fb22e4400f773d31618cee46a8bd5f2a,251
6a06a9a2f19b393ca8357d164e48d3aa4071785d911e1ddb918b096d5ce3bb06,252
42e5e0992c6b20c532b98efde6d6de2924e15754ba1e67a181cdd68d67fd5ea8,253
f889fc9fd84620d82ca5f2ba2771e261dfc78a28a0cb62b9699a753c289aae7b,254
2adbcf1f9f34a18e9d351ddef3f079c672a139d6491f47c2b85c11885c6ea48a,255
dbf7dc2b2db1bdd415d643ba18518eef52d3ef19f6d8e3c8aff9ac57407f7983,256
ba460082cfab7e3c25db95c174e156573ad4cde234b697217748ffb58b1365fc,257
10f2490e4bd748e1e89bb24397689f8458fa57901a9404befa5c8c878d4d6fae,258
0f0ac8732784d782e9f13cc63f930355a24dbbd526c5a83c805edf7d60357375,259
167aaf61585ce5a1bdad8601c226501a4a89c1b9c2b6dda1772b0739d5a03a2d,260
56a57b03b975e3bb01e801d6970653cd1680829b99961e74e8bf58872873cc99,261
9849735c3f8ff8c5569ecb48d18aeb9c1af5c5d35518473962a9dede1f8601e6,262
fd7857cf2432dbd0690f8d76b0f6183bae3c05bfd2945c9c6e58b2ebdbba8294,263
6e8cd68cc12c4a3476c41b96abfedbcfa5fda93ccaf0086d0ddc387409df2194,264
c2cfba98f03a551dc2cb58ead1c740c2ae3324b330321e12bd32d6a5ef095861,265
95fce73bb18d27340605efef2ed7e8cdcd25c8d8bbd5716800036ab324c09d90,266
4156eefd2e8d1ccbe6c3e84dbbd1056ce69048858887be3f02129dda52f5f688,267
d031089dd4e61610dfc5dfd7d8eb8c01ff3ab9bea5fc19bb25f5b777c6548ee3,268
e5f068a98659be6b8f25bb7af94737151d29d26da24b25e2df3e63859cc94f57,269
ad296e825269b36e230f339ae072c25a44f2ae1ab9e07df0aa7c4f5260762e6c,270
068e06f2899574046eaaacf69692a2ec006be55c883851aad2d6da94e3a4a702,271
190748748115c7e8ab24d0def9f4dee8de5006bbf0fdd43706b229478b451457,272
1b48928cec57dbe3a3784ae0e0361f9042ec1a72a4cbdb2b375d770a0542b6ff,273
371e7d23c15fe0cee48c25a3fbe0f1caf54cd42269eae46f6104ff88a28cb4bf,274
4daf18e87662acbaff3e3d5b9c323cdc5793213f91f7166741e0fae63c86752a,275
f5f6ebbfb214a72392c4abb77e10a3951f53fe38c6e041be8eaf18ef43a9c167,276
3ac15dbfc72864dc188fb38be9341c97489275f5d9b5566873cb949948c82aab,277
5017d107d8a692cfd8dd97a695d2e88af6158ce98c5dcc229a89671ccfe54cfa,278
e46666b635cec248539c015944966d39059b50e65b37540c2e15ba2e5611d1cc,279
6c67c89692ee371ef7682f410b406f5fed7a1e5f61f3c45ceef4a96920af6082,280
fb6d0debb5707413fdee528706c46c3b6f3a42a20329ae4f4e0e1f8a4cd88ea9,281
e0e31758e54076e4d9a7a0cd3562662f1f3294f62017c25698ed60887f969070,282
46b997b8ae2d6d72de2b17e46e6eb4dad241a47ed4ec5a0af6a5ce0717ac3497,283
1d02266ca17a16cdcd578acda6356c6ab1de8e4d0b510fd70236ca79e7b6c5af,284
ea1bda07a0dfd848c88ef154652e258109c9d73a82c71aecc61c95c515dd0452,285
146202d827b1e37521f81d8afac3be9dcff7feb31c0cf16a542ffb089d604ef8,286
1316b1c4f16612e920c0cee74480556678e83af2f8461d7b4b287787450d9274,287
f3bb1bd112612d7dd663cefe4fc7850b171bc45e148e6e94d87aaa493a00e098,288
7834627f28f3dcdf66016e4d45532bb493b5dd6ca891bb530bd0f5ef31660d93,289
e9cde638bb80852af5273bd042e9467774b61a31b5e28679ac4213e737860d03,290
2f5aa27f0e5d225d7bdffdcd6fb42e7692bbdfa0daf484e8ac67138076bf4de8,291
dbc426ea7d4e948cfd68030566c8a3963d0154737e4c32e00eefac217f1deb2b,292
e5c6b23e64b1716a9fef07a27ae30e02df7d4d44186a4a516547b0f82ab1029d,293
bc065d14a0c96bcce8ee81145b45c9747368e7f660e6b65f05ad4513009fc808,294
8bb6a63afc0e4180df777ad9f8b5c5cca9f09fb7764f739845063466b9d765da,295
2159f2479782fadf165dbeaba4eafe8f2da116541be10ae32f4b6f2715027e5e,296
50d1a891f250b81995b77b8bb2c8d70bab83d758d52cda0d236f7e370bf99a30,297
ed1d6a93f6b58ecba99e9f8b812cf26f482d39a9741537713f7481101b227cc5,298
6386669fb609d447edd7238751338acfebdbe9cccefee0be71906fd698c39bf1,299
c1e019647f9763ce6c1423f2795ca8b86af626f915326152a1ae62e5e0e56d4c,300
e639484bb1902a68830c53c9e19f476a44016f175bf94603769b5e4e9909be50,301
4a64c8ad9213dcf61aee0fcd27656bcf8477063b8fe52914205c9ee65894ce46,302
9dceb778565c82b856449f7b2e0cfcfb0ecf762d227759122cfdb6a7002bdca2,303
b1fbd152343f1908119d47d8f485adf0d627f40bbd13083d58520cfb24d1a9e3,304
525dfcbaef3030ff62cf9cd4db4b627fd85f28bf4a0c0b66b5ae9d2929140d69,305
27f490ea9684a82b37e2eacd333aea5b6358284b57a8da06cdd03cc1fab4145f,306
35181ace8b0925ea99f88743bd5d11aa20db73dd817b735cf41e8f89b728d7c0,307
23a91c5324bde13264da69138a0c432f1a31a2ccdc5a5d4b3cfc20900a974143,308
5ff8eb85c45822d38bd5cb3759b840ba530ce609350e8c021b4824e5f9cb4434,309
c5f8a0cb49d27743273d517ed1dd181f798bc5f72fc50bd5d61c6c8049bf866a,310
7b3a40d400e42629b2cccc01e4c241562f0a15a6e420377662c781dbb5f0eaae,311
da6f20be899fe40efdbb0ab6a3a21ae7b4d176b91b3f37ba37745c2a239d07ac,312
67ba774a7e9f8e863c8a2f0a46e5dba8658ba0ed691a77de6a1f401c0c86aedd,313
06864a9bd47ab3b429a21fe37d256abc10bcea62a863f37ff73dfa4514421844,314
91643e4afd9adc4a6cde54a5aa790001f00d8b8e7a6cae659fb33936c93082f4,315
ae70f6e6365fcf3693df8de07395d929c5fea0f64cb645161a9872c4f14ea992,316
0992da7766f94b7751aadad8a4cc08ff0cf7cb25d8215a4471b6928fc2c45575,317
fdbfb9fb479572fadd278057fea56e9c1443c20de30134ee3a512801110b248f,318
2e22558fbce010f838b7e0f162b5af4bbce6644eb23aaee15e292f4cb2f5a133,319
8b659c23d260991192218d5bfc0cd33a9b8ce1037cdbc47b9717edb8ca4e6a05,320
fc0dc4d61e369e7221502ac38bcab074afcd2c1f1bcc7185ca48c44b4e25c53e,321
9f98f6bf1c57b25991075c24b7389b5acc1ba9dc4dffb5507c5d8005126db2ec,322
a76f8582617edd73b75b3058771893e263c45436542bed8270b06cb1a82a2998,323
fde4bc99295171eebd583251237c4f0b5bb8d117a44404867c8c854ebe759cca,324
5b8b455cf17d0ac1f886f2252d3895a1c5ebf8a2a81a6fee9ea9796200bfb9a1,325
8a1e902bf7aebffb7fd9cbd7573e8654496e17fb0e1ad2a09acbd0ebb08dcb1c,326
5e5dd2c1fa57798ba7b6e1643c3a2826e252428040baf26eb33d5931bca981e7,327
0d2588e42f71ecb2181919bdd720ca2b4b2511b473bb2f52ad168055d044d781,328
2c345b5b4f4bbd24b6ee1de9690b6c43ccac8ebe143a288af09b127e97974231,329
1d5c2e8b75547e505f65e246c3f48495152922e75c60e10ee8d7791114a6471c,330
a6bbe9dba0d41e3b954d58ee48d5c313a0ea82b4cbcac6a4c658a749908eb8bf,331
c1ba22acaa7452057b397a921922fefe40234380b8aca29813699399ed34afc8,332
51a3b02c20a8cfef99d1b4cb9fb7e15adf9f7dc3e391d676df21a360f6e7d2f7,333
feb489297c9bfb13d12a35f34914339c6225b4a977b506573ae0950212259e15,334
145a304727085a6d1439be7371f96a36a05f57da38e49f720e518c5e77b073f0,335
a054fdd8c30a1cff7e2455ec39d5d527019d948cce1dc62e48025b912e778505,336
f3bb5e518ad5a402717ba0bb5e6e1eead92a5beb65d933425c718fd8eac68e82,337
beaeeea52c0d49845f693a8dd98b9d9722cf6794eb04cb530dd3735455a9561c,338
74ed41f9e962c4d358f0088b66baf1a957a07ac8deb38048819b862c5e9604de,339
44e9d884c49ee1a79cbbe45ada486cea742f6e3370e18e2a6cc5787f41a5bc13,340
76ddc2007662d4c3b2c6d8978562cbbea3c02d87db3ddba41f3a1e413bfeb137,341
5cbe47fc3088e2dfa1cd7f063c8c012017fb478e1fc8381f6a6e269ac0788cc0,342
d1cf8809a909dafb3f00cf176fe06a9d6110b2ce2555339f8ad566329a235ec8,343
a68110e6e4a6fc5b9a2e870a53279821aa474c3d97892cf41601bbcc0bc7e938,344
20e41c25ccdcb405b152e68466dd493d494b80663bd5cbdcbacc252a09a05a4e,345
e6650c9e1c43c04e561c882879c20530c56f982059d1c31dc88ebb765fbd11b9,346
99e88a348972cf28d4dacff2779b068583818f1ac83f13a6fcd93a8c1b9f80e0,347
9f6332e241c6381645d1ebc1e3c8c624a6f91df1eec13a5a62afff1396a505b2,348
198b8165524a9248b0952b2fa552eed4e6f21901eda2e60473ba860bde3e9b03,349
d2a1ed3472f01d065c371703499b844c2e99b0e0b3eeebf2f2ccd41bd3df3c82,350
f53463eb7644caf2e4b1b05c0457f17c03a7c98d3bf4155ee01ac843901a275c,351
c672a207409b807b6a832711b7556c5cabe699538f9b6bb376ed7c489a149785,352
cddd63d855686e4a479d27281e45292dfa654cd3cab34c442bff1e035b338275,353
1cd87265a22e4f4695208276101e847d906fa6a9810319defebddb1d37115126,354
1f961bb57a7cd7499d01c04f9cd303e6c6813b27f7788ac9c8fb2f6effeb6641,355
1245eecc3150247a585057ca278894f7cd2034a08a6ec5540b00f1d48ce350c1,356
af8cfd4c5d3bed0b7c0269210e6d3e0f17b95c29b19e440c9f298e211543ea61,357
e0911dfabfb49db2ff7ba66e4c6d769dd711fa51a7c69b5ceb06df762b50dcce,358
6a016d213fb49aed9d42889a518d8b2baa8afca10733edb4363cc58601ec42c3,359
3575861b41b68b49816a017c49443327aaa31f0cf4c28fd89e8733390883bfd3,360
1376ad87e785e343cb1d085c15ee08c38b5ed8e5047839b9bb0c58b6c13ef726,361
ef6d083ff0afd5c884def83bacd591963eae492de2d7dcc3493c655916c8cc5b,362
21f90dd23112a3667cb5232f87847b524870d90c0248b0058d33b24f26e547a2,363
b17ff2c18de113feeb0efc2b09dc35803ee54f48f90f2e6f730ac7eee8edd25a,364
d078bb42e7ed85a315b2c8b6dfa17a56fa993faf621d9456ceef02b88bcf576e,365
a7dcec7ab7b982af8f7203e11085119f58ef07faaf778146118db8b5c1559c70,366
1347cf9790e51af873e242ee8914930058e7dba780ec42b2f4848cdb57b2ef4c,367
d26492b17b8ce513e88fee2fa1a21b95258184027220ee6f3a48576e9c2113ff,368
e283640691af11c5bb18b2c0a9e1dc74b666cf26b8675e662256918b545c6584,369
fb07e6779cddf9bb5f845c41b4e2c7b335e9bdd40e9a2c213d9e5918ce798646,370
bd7b1c2b245ec5d890d095710c98311b82c0500cf99d465953ab3a53c9349ba1,371
1f047191f88bbf9045f21483a4ebaf3afae4540bbbf6afeff8cec4412e47f38d,372
edd07ffac238d345ae9b6ed792260124cad48d8f30f14221e45a3947aa26d3b3,373
d1b09af773a82c40e3a7db82616c22902ff2ea76cc63e1353a704a7f0f4aca8e,374
cd1667a10c8313701208197b746792cad2c3124ce2346427c39994812421138f,375
c47b26d40bd38ba464cc3c5ad44f0421ee93478cbb9d14137c6e9ae30d9c5952,376
a97eab548e22c1116effd3ac4bae569344d0c9bdb43574f3408369311bccbbdb,377
dfe94f9564139d4c74fe6a08993d906636dcd03c28931da6cfd93bfeb14fd3d1,378
44d9e24d0fd2b53267f93501a10bde42f9753986a9acbbfb10c3286be42a820e,379
c06c5f2dedbb0beffb7e2617d92fd0ba97ebfeabef14623c408c6d8676ea5951,380
6d423f66355dd871021e0ef2dcf272722f893c6ed31d26de91b9e4fc9aa107a2,381
bee48231e7926d7057e48131bc401742a3f8aa83ff4d60f96865ffc5f4b58ff7,382
13e960a891c1492076f52fa3028c14d5aad0a000efa84a60a7a1a5a117e06470,383
17e5d032425c26de343032991566ec3fa3464c8568c08b3b06082361c1e4ca50,384
df9540f07b23709289fd67fd261e3873018b1bca9eb541100cf6fb2b5bd0232d,385
557d4bd68f4ce18a36f332f68f83f3270037079b1e8f4d78c1a7c62c13c9e382,386
85eed9a1108cb4633be123110fd8d57bf308a83f615e52ad719e009c396fca98,387
c69ebbe3051e7fa59143b3597c2330328789e8f8b65b63bd607a9b1507a2e136,388
20e2fbfa532ec9e1c9eec74d7b2399af252ae487e3fae434449d8cd69b84538d,389
b3f445642458a9e89e0f11cad4e052aca8a8b885dfebeee1194e7a4c03200efc,390
86e04aff3fac06a56079634e64f5a8d7597c98e1e8e3c39d94ebed2a3ee04c1e,391
75bded20b9cb181e0f09d8b757b9fedc4bd3a8973d1cbd4ca88c609cafee6b46,392
8a9ceccb14765dccf1c2d6dcbb66560534f8e7604faf4cbac2ba7255a2a48a76,393
9e322c87d300d79fb72af5305164ba7165860be1d52af1dfe72c02d68a5ce31d,394
b1078b1d30a483abc001f9107982dbc3aed2f20dd47a315752aefec02d85fee4,395
3118ef67f906e4092f04d66c3687e0ea4239a008786d5d8b1cf21f0383d3b4e1,396
9f5b54417ec105c0b96994d4b6f56f660fca837496ac78e432fe72d801771693,397
c962011f599055fb3e6dc3d87ab76b97666f01249a60a0e88b0d97774300dcd7,398
656488b3e8dedc6894d9a264f813e38aa3413e9f1179e84070866d949f2f61e4,399
ea968c96787dda1c8541de4e090e5d19ca1979bb2984b08695de42aab1cf868c,400
ceb4f666043c4b794361e968aae426a55a0f81fb80eaab8ec08efc14cc11b23e,401
56a2df2ab9d4c07c5305ad26dc09515c1ef39aa2edefbd964a8a5a2dd8855db9,402
8564a8d157f858f9dd36ecc42682974e4d342b77aa8abff9bc74fc221160f3c4,403
6c8993eba4f316a3408882d3b2ffd2b526da82c5ddd863d2d3b1b127510e698b,404
cebe38005418cb4ccaad6b8ee571f085a9b374b4552f331217fef809c5f7e68d,405
ec355f867e06a54c4ff1149164809e0a8d283b47b2d693e954f02c985f921b46,406
762c8c5cf7a34dcbacc75833549d1ad78c34ae127f161eafcaa92f72faec1733,407
5ef49a6776817f6e01b0708c0e38884f028fead4853a662265192668b43c379d,408
70131e743b8d4132667ed9af8b5ec67c892997151bfea060847e6f59092bb2d5,409
a48de2dcbffcb9f6b34213eb0aed647de5754e12455070a749cf6d87985df779,410
9d73a73221cbb95625229bf11c3aaf3afc0fe1885a579dd0ce08670e713a4984,411
7d2de48e9f2b29a7178f4f6d74c2314e85deac748667945a5bef2f71292943d9,412
d55a2f2d1408b7bbeb2831bd8e8d5a1725901544c7069d2587102e67d46e6870,413
2f369782b345d6379b2ee06c41dc53b59386c20b422ba440cf5ecfccfd8fe3e7,414
fdf2f5a8739ec2eefe5bcfd527cffb7991f533908c570592a3b04f8e3ef1b49c,415
dd982eb0e8cf9b121cec69a7959e283508d6d79e02c1892fc6de6888c15df29f,416
ea1845df2aff2576397f22a898ef04c16fb014d94f25c2c4b1f480d2c46a8468,417
e2292e5dc49c1bacf210c0f578e5aa0459251685a26c28bd4ecda4f19e765526,418
7d0174dd25984b822c15e65d7d5df4a3acc3374988eeca8b228f155850434b18,419
d947df114f07fa19bf60953fd72a6d960f22b37e76c4b4744c3bad70827864fe,420
029550761673e65db4bf276b9698f22156575a105ffa729e13a94cb8653683c3,421
e8481203ba8559b712a53fdfa16fafe5c1a28d631a13435b4fa7c14a97c55833,422
1a0ec53df92dffdd206884607e5f84919bcf2409a603ef89a470e6ffdb0b86ab,423
ad08b8c138e79e078feae0039bad0640359e25a30616aded395a569da611fce3,424
bae146c0f0c1bdca999a0ed96b7f23fa54c97e147d4ab5c50cfc78e0c3694457,425
21d8e408462f202d0e10782cd506d2f50674f6f71adc897ad1a115de2d44a999,426
307908694a1214b9506431c7463e7e78771fc695c7cc05393958904cdefd140e,427
330bc334af805958c31fef03ef073e39d020e3e37aca04d6d80ca0be3bea8281,428
b092b8be74b86f737f547af09acdf682537ae9943edd7ca0bc3dbec621a62497,429
335b4d0923fa14daa1034647a3f2ac18aaea850c730bb07e65f4b89daa7116b5,430
162cbb74e4ca1a103235db01e491accbee3be04beb4e593e4ce49a7120c51bbf,431
50a39532392d487d7edc1a630e7f91742e3efa77376e09eef8338957b4aa0535,432
e79cb684aea8dc91e06c340f02275f35aa39541005573365ef16c1e5c97f2fa4,433
65b8863f48a9f3a0eaf59e2e49097e47593d6757693cd9d81e3dc93cb3f51cec,434
13e57d6bb2d8f04bc3d333e228fd851eef83f03d3d6f834574be4872e7c94cd6,435
e0844f7f9f896ac882e82264052ab88c7eedb9d5589efce78e436cd50a019106,436
2e2eee03c4fbb72ede5d8b9663bb9066500e83c3e72ef26092a123a693c77d5c,437
e232c68dbf97f537a45186ec9c59de9816ff376192b12b0a8b67947f6f4f3acd,438
7ff0ec3a78f0456c64b4aaafbb8a279dc9d845e543cd94b7e32140e8b6bcc21f,439
fd313894b7ade6cf83f2050fb32892396f0b9cb9d2b6b9ddd99df43565e1d4c4,440
a61d752833c0f69be1d17cc9ca913f1056411b3d3b41dc52d12eab4bbd63707d,441
5bf2248dfce9e69120f686b1ed5cfca052ce7ae7629581ed49e95860d9c75a64,442
f1d3a34ec913ceb1205da865f40bac04fbb3a74fd04f00124037bddeb99db009,443
200cba343e547e0a9cd3d204ffeddd38f5b830ce9ed55d18873716278a18ad0a,444
f22922ec0c4deacaf267ed6289891f0cf60374b5945058e13e9d710682a7d25a,445
35f83d2d1ed234398c0cdbe9b7011cee358868ea2ebf3b3f536fc91b4315d5db,446
bd5fd35a5bcb257e4d7dfeaf7b7036052416c46c0a52319037313cd51348aeec,447
f085d8f8fb9c544fd69de764724d7b3c524294f1d3e63a1ab568ce641eac9914,448
3c6999d7f8eb030e2f637417f5660866658799450b7fca35b83eead188049af6,449
f6bfbe4b779d2e204073419b32d0a397ca1c33aa82caae12ff0a92bfb48b950d,450
403ab1eb4c9a37916df5c7fd3e8a027df4fa28b67bb06b9b81200e30883d916f,451
947966f27b1fe32bcb42153d9050c0ce72b0c4265acbfc39df749c349b4c60b1,452
6d43410503d52199179797c782db93d6b4b4ba52be79d46e5c26865f77dc9b53,453
8dc2146bb6e31283d0a7aba5ae8af1e4c4a808bb7098089f5345213424fea5cc,454
1bfe0a7249de4b6488ed1b3709925bd5d573c9fe9d888d767584b55e0ac5b56e,455
be50437aaeb1d4afd6b0bbd4190e223af61731abfcfcbde5f44c162f4b5053bd,456
78ffbd64a23f1f8b0e06e3a54826c33e7a47313fae595e8a972f6f0f2e6d9e98,457
a28a1a28fba1954ad9fee0ca80ec07492a9096c072e90b77e3e52cbeb0f8e56e,458
7e3ee51d8c753515b6851a9b526f0afc8911f01d7d8b53c35310f21c33e86780,459
33443524caffb717f4703c94622da763dfa9ad4a48caeef739ed229ff0a5ec1a,460
4ea43aef044e1a10ae6ab6a70c823ebe36aa84f30f167f7bea94ed04c5f51906,461
1eaf30af17b6c18aa63286d4d94cd667293b8a8e60fc9f9270b3d98c2b984c90,462
7c90a754c93223e0b4798df4650d26771e7abfae8f3c4cd45af8515f87becc25,463
389848793b7b8eb25c30b136ba9195a3d3955bc3458a50e5b6b75c79f9235558,464
1b88978e7704f1f01cdbe3cd31e44ebaf3c4c54f7bab687dcd5ec0c4304848c3,465
7280c00edcf72a2db81b00e40836d5967ee7d21f51c13b0ef647c5cfac1a724e,466
a3810f3d807bb809bc5f720478fa89b9d226441ae2141b855e6a3068cad47af8,467
09917b6202ddc998d2531087d982d54ebaf2ae2d9bccc402c1fec99cad5d1eec,468
888f53a096af7d1608d4b5b0dc653cd4167437533de286c16c6912a2242a34f1,469
606bbeadbf6c0c6ff945ab182ec7fd36c5ff1389596f84a2a85d2c7442306db6,470
1b10d4e2d571e771abb9726cfe20c1cc2957c16b9f5d8eb3a9a1b17bc7d6f207,471
8f2162b9f33a5c53e85f2386a943d63d838f792c86a5567cb6d8a690d3614ecb,472
5cf2f540ee6fa77808ba0f487952b5e6c20f13c40504dd5e0e56417621a1435d,473
a71dabbfe571bae2b71b130ba653ea74d0e2133122680b107082bcf48a0faa07,474
25415317f91f21e6b1e038809d7e1554f813fcfecbd1c0cdda2fab53c2d9a4ba,475
cdc8db66a97f99c58484b649adf2c36047155ff72a548844868bf3b78ec83d6a,476
71317fc246a25f321af0daffe9e1bba8d3e240537f24d9f8671abfe84a8af24f,477
3965c696e977d7969b9ff6cefdfa7d116439b7de30e76bd2ec5ac8118a4a10da,478
56f00e0d61bde0ff95c9d4c0bf0ce3c1ab5b9c192413c67afa1e6b4fc77f7a2b,479
4ae0197d7edcbae0df974df8deae2731083114aa9fd987afe0b7d159df89725e,480
9d9f77f711fcb72eeca8c472dcd9c70c41656ed76b2b6218be1a81174b26ab10,481
f3fc7aaa01193039d6d9f30f018dd9b7e5e3567bf727322421e15ab7d3bdb235,482
7af6e8116a7149b3f55757e42d42c81f6942f723a204e3a5f1beb6feacf318ca,483
c60e59137eeebfd61e5fe2c7102879452664b8b4560a49ed6dcb036d90ba124f,484
eb381aa5b5cb3100c325a29b1961eb0e9abd1d667f341e78a17db5687dc6de97,485
3111d8262c1cbf231595ea59f46310e1ea209aafb2f694148b37bd5a93263498,486
21289ddf336654a3d9d96d5a46b5b4da936f085df334eebcc3321127e8b56bc2,487
2bcfe826b42598b743a05bc6cec59b7dcdb837e29447c2cfbb1b162fd24fe1c5,488
cd481612b9a52799038df84fc13f657065321461a2efd173e836f0e5e2adb803,489
30263b3826497877f981956fd4dd6db3af5b7a151720aca8b5882783d772ff83,490
22e4f1717a85962299a2116e7a51f6cdbd9ff6fac44b8891ee4581013547a01f,491
fd0cb4e1390dd3ddd95bb48187b5c02fd1feeb905b8bab7e12d9a6e8689c12ee,492
a76c10af1a4ab469cda0f19e118eaf8a36179bedca8060fa569b0a4559bd5189,493
01712fd4ebc5bbfa80b347a52065ce8c87b50387cc30b0e1a1089d4debd9f017,494
aa415ac55024b16d2d81d39083ecb744e8f70c2d7d38f4ea508b91b8294f3cdd,495
f006fb429da50ad652df9c432570fc3e14f27a516d634018d5068c30a0a86cb5,496
ac3ec599e45e920fb13fb3f44b43a516b4c98455ca9c99db988af2cba2ffa2a7,497
aaf638c7f95481e58c2ddc8cdad27631e4f9f09d1b0698b129ce08cb51325803,498
2a0292a2f348723dd3b7533e7b5d6cd9753067e8bf0fad8ff717af126f00aeeb,499
541b891907f2f44ca380efa0e415b694a2d1cdd014e03a4d0bae3ac9320d2742,500
d0852d186aead474c743671d63bfadbc676e43839f3c2257a7db15da2bc792ad,501
55a91c7f911f9971a7aa889047fe4dfe4df1a380a07548120d2a8dab2e23b920,502
e83d47c2522ab8a49601651680f54726782f8a02e9d626317cbdc679dc80265f,503
3c69d30fb20eea74d85b7f128987dc4045d14a73b3a820f46c2db4f3454ea591,504
afcd4366ea0efbff5ea2860409e19511de549d7b230b651153b334be39976abb,505
7a0425b6942277c98027a4e3745bb7bd70c74b88a45c4e96b79578ce6c4fcd0c,506
745dacf309cecc8a7d3a074c9e4148f94ee9d5d7fa4792006705ac882b85b1a2,507
efd87de084d510245230e004f7da9b039dc6ea856ce09886dff21ce75fe0c698,508
feab1b7d799e8b9142f82e7f5f1315da0337034e59153d26c5d6e122ae18658a,509
2a749fbb5768c23535cb85c03c474f95ab63f4d6856201376249008a2b7ab44d,510
991aaa92d40972673ac029436564483e00064818c4942c770abbd66b9f47aca1,511
edc4a550e8c50272962db7da2d2acb3fbaa64bb79ff72d2fc5ec5bc9c9850b63,512
8fd49f45a4d904eb0921ce724287d82ab6109f152545ec40405c2476acc23e18,513
655459e6b825c045bd05eff72839789df91ae2701a986eacbacaed94f6fc811c,514
3d5bf088679ce5ae3c5fc3d6c4dd31a1ce541733bfb14a9cec6b033a6ad8b6ff,515
497f6317a598c24f876118036260d31337992d78cb4bfb0536240e3918de58ed,516
b30f95b654cd9aef4a9ea06c38074008aca6276d2e54fb5b0e910b28eeaf1b32,517
a8338f688ed5f2c97bbed96f32968505d5e91f678d6838f889e26a5cc3f1d4e2,518
1f3416cd512c68a65bec0d87dc3881811170772a356a6f2b706761030cbf96bf,519
da823050cfe7b3f18d41b042d2bdc48b21be93769ac906bc4488ee2832a8177e,520
d3f6056d2930210d85a67df5e075b88041341ed0397084acf9b590a7e65a3b2c,521
d3d3b519f4ea77278674ae70b41a15937bc46003744b2978a0d4e54272e6ab0c,522
3e3bfbb65fb96c05707bea84299b331844da7deef1b8f07094fe2f716c035f8b,523
2ba9618777e411a09032b3e18980ce77abf45b9f22702bb336be41eb90b6ec7c,524
1ef331818c6c1c7d392540eb06d9d3b90538ef8feb7cfd850d2e45f671dec2fc,525
0d642652dd62333d0272770091eb1da3458bc1a45b37b45134eadb38d50e4fc1,526
4a0cdef228caf85d2376fd8ca727b914e1667cb8d693814070990af5c364efa9,527
e7a1062cc6b0e040d32d7e3c32c7076fe29d84e0c081f2afd2a9fb713765ded7,528
4e55fd21d4fcea5120915e83623063ea17e0c4b65acf6ac444e1f667b2526d90,529
6d16b555d9512b3c003534d2c3990c286e7e94f0501ac720bd25d569c745e2d9,530
05a412b5e022586f93fe266060af258b41b2ae8587271290bdae9b30b31bc0b0,531
a214577cd6f9a3d20273241d6218062043a35c38893c0460c85616409af538c9,532
e15db313c0df9a393df48d7521f6ffff3aefa70700f637fbaced3696188c4005,533
89fc96f46f339a8c2c89fb2de7ac1594585156b3a6775bc903a6f7aea7f6c8de,534
5df2756d8be712a658733331df9017a757cbb30810a8ce9a7f6ba8ff8604a74f,535
cfd75061d9f4a5f4c8865644216498b912a713960fc6bb3b27b8e032af88ee24,536
0b3fe491dd4fbee7143db6d895826adfcb78ada5bedd40c7ffeeba38678fd326,537
3e222f7bee9ea2b06b308d934d150d7d0b84ef359b3bf5ed2781aa37585b4c8f,538
f58cb31a1860c1acf86294ceda0fd4d08392037f93c57524aff9ff521b2fc3f8,539
df1d4a067a00bad5c5d293e9c0346c5a20667857e7faad16c44b2ddd845531ec,540
3238946486d4475ec8dc2b563db194fc8904a4eff9024a793012d9df49e0512c,541
33fce234e970daeb81ac3fb28e8ef8630d2ac2b34bed2db1a41465c4280e9078,542
aa470149b1e850ed9c0e384313a8c9ef864dfcf2f11fb485f0d0c732ba00d3e1,543
3da9092c2c7edc5b96085700d0a41a27d687e5ff1cfcb6b707f32143455d2a53,544
2e7a3c6de269e0ea3af1e7db6d489d8a1beaf8bae65e138ca893129e8ce8300f,545
ba3101f84a39bc7e62593f3bb1ba081b11ace4d96dfac4b9bf9d7233e7387e89,546
3d7b0894eadcedfaaedbdc691c74d49e2054cf70a962b813358768ed70f33029,547
7d9359cdbc6db5fc3f493a5c0d83bcdd0862c9dbebe22438b94eee192240fe47,548
7446fe51428b482560818e3c61fe9e39d4a040080a17f74e30aafd557908b058,549
1accc7c278d2f3e987a9a6ee752bcca4e27e2ec7cc3e14f5699668993a4b9317,550
3c14a23eb77e7c7c9c0056b88a80410db7c3ea3514de2c66b4ed6af33508e018,551
2ba5423992872284d493f2f35121568888d7c04655b5e104740f7e112aeff028,552
d777d1442a382026af33e6ad85983c1a887a97150483ab5ff2e176d18b6a19d5,553
f091bb72c885d25c89a2e18dbb1f219d7fd5be3607a22ee2e6bc74848d01029c,554
4682c54545e12930a3bcd6a9bc888f8bdc666b48f23fe2ab511dff13ccfb97ab,555
37ab57270d68080576164801b97c2d70cc735c72c32e735d619c274ede25a68b,556
110f62c0b0ca8536263aacae1543a30b308be2f92ffaa5c0e4a76ff90f1b57a5,557
7b83a222ebfc335addc08af2f966fc9c317462acc9f7706dbc88b898a953f9f1,558
ca1ccd94215748669599e1e2eccf9b242227406eb8050bb645722a17acbc1114,559
276facb0ae65ee1691fa48fc50c732bf74f0f06bd89ad19115b8859aa25f4ba1,560
2dceb297526741f9c66e93b3b042fd90b41fac5fb7ef6dfe3995bc3014f85c24,561
64f9602371420f66aed403b0c320041ac294acab0c9ba8f65b1a06cc53936373,562
01ed1b34cf8ab6fb1da30d8fc6140535290ef31b395ff39e7e8e50b1f1ce087a,563
87b4151f9baf56634469c8a167a408937a4c3810c9fee85c5983f1977254074c,564
49b7e22cb8aff636340153a79e4122cfcf7afcd47c4883fffce00e9da6b631d3,565
2d7b447d0c58c9372e50fcd3b9e0f22ed9e2c90faebc72ba8d291affe9aa89c3,566
eac2b4c69ced87cc219fccb38b33d86cdd0cb03adc26bdf85d8ff8c90600fa3e,567
ce38541aefb1033438fdce1de663eaf427d00cb6e612cfcfd3be6bf23a4eb35f,568
01546b959ea1c23c5de38c5a56b7e1c3353ce0a21f1ec0d1b30c8874aa0a72ec,569
7052d556b2e70697cef7e3fdd06afdb0e863ed5ac87f4f125e493598fb9e3978,570
24e47a54d9442769952528699d762cf7b732aee1007fa6fff438c8b2ed2c9a35,571
a3a7f7e6a8654865a29e1ad5e1a74c6d97462e30d72ebb0bd753c7aba78449a3,572
22a7f1faf94c31d36294cf59f054b2f5cc5904b77a3abd9a73095efad9ba0bed,573
21fd0983b4b099046cff8f45da07d4dd59a71899768aa16f61f94ce73b9c261f,574
16947d8de80b9f5add40558e31d98b5c1eed85a2eca1026274913fecaf6911b1,575
6993dbc7f0700c0bb40efb859fb067b697b3355d919db2fdf382322f24684efb,576
ece00620353350c143326965b040ca0d600c00cb7e0540e150c0d4c5dd24515e,577
9414850e0ca7f4beba054bbd7a336b577ef9e0225f9ff80e89e676bb000d8300,578
b679f80e379d603b31f899eae33ecb9ff7717363ba807760a5fdc6fae475cc72,579
e1c3cd2b35fa7f9a6d03614da47a3301fb95341b23e801b85ea8649a351d79c2,580
8487c49ed1185d6d517953bffc2a36f3d632723159f72e5212889474a30e5a95,581
149bbf07718b16f3a72094c72a286bc22b9c906cfc008eefbd634b4ce7080163,582
3a066bb00cdfdcd37f511539bdddaa4f962b6dfbe42aa76aa0d9bc98b2b1f837,583
5e9b79030818473ec4c5a2c48c6c910f7da9a2b71e68cbe8e1d2bc56561b530b,584
1673eff748b92469f642c541dce53f231b59627471b51b102f407b35ca87b502,585
39c782828f01dbe4a1dc2702071f0edafe7642ae76c4d6e69d9b829fa00d03eb,586
4ecb398889038156051a2047001623f652175b234a69c586aa33c817f12a8355,587
9f18e6cfd7020c7b481670c82c5bd79dd31fed8233406ac8dfa0f282262c7059,588
1d042d2def154805ee2c1db54a3e148e47e972a2a9cf844e9bacc9051fe9b4ee,589
fc29e99f7d6c3cb2892a35ba5756914e6a1d8821385ef0aa4689df5c39200ce0,590
010525001169b2dc142b29f75741bd3f1c7dd1d6ab9585acea93621b652f1a3b,591
18b400eb5dfce14c3374537b6a599b757af2263712c96e77cde2a0d6e1461cc5,592
fd76286dc16ef3074a9dfb77c6236db4c81df0ff2c64ac511ce65984c1f6bd5f,593
d3d53f17ccce6671efe0abbaf12761480556c9a7317323808b5a2e6bc0b1ef6c,594
03173be543e877aa96f5211afe52c7b4264f891c6164794f4bd59cdc94a74efc,595
bcd8eeb7f68f5decfb32c998263abf81e33230bb3518db0b3502a0fd98444aae,596
b0aede1afd1e492457d431f2bb82d007c28c82b1e45adfe14a3b0722babbe8d2,597
205d51324de17a80be5ae43b3b2a5ba030529422f0a5c37cfb03e2f1b3b1ab5a,598
d153092f968c10adca2905f2b074d9bc114b660a385eddbc0f10728339113dc5,599
74eea9f047085cb9c71f8e5c225c06032cafab8f4231d29e62ca4feb0c3c5d87,600
6386c1d9e97d08a319b14b26422c77b7f54394972c950d7ccbdcf3c182783e32,601
65b6d1a0cb7ae9405c56abad8e9862cb382b438d94f30d6c3cba9941b4f4dd19,602
e46a21ec1ba26cc1fd6b5c5c1e7285ab9bfcf573e9aa1c0d31bc11114f55fc26,603
7eed1811e9f6466c7b3d3fb4e7678e41dbb6fe783d9683694d4eddbaf696a76a,604
33b90ab5ab1405be8ab5fd50978ffea54eb8d161659e281a22fce62d9fd44b0a,605
3852cd260a438ed8d34b68f25fedeb84684d7c6606cd27262b67f7447dcfb2cd,606
41a35e06cf7407ac62852a46da3e0185fe6cf80e2c0644867abe308c4c3a371b,607
bd94919ddf3df5bdae22358b0e657f09614ae96e39024312b49880266034c919,608
58576002309bc78322005c268d717925e4711ef5af4c863a3f0487955c1b71b3,609
5668fec147b59e0086fc2e8bf87ecfe1a71b6f8343602fbbb13467b02a360c2b,610
1ebe9693be2f020dc3ef00c335fa8379b4e55f93b5c38863ead3e33c4644ca85,611
255b93eb4ba40b90ff1f5e1de4bd11cec1a622312c590c23ad2ea378835df868,612
25a6d2dfb58af1045df88b6c8aad0dfd6dab75ac6006f9319187c7fbd6a306d2,613
0236c34a9e52ad89108a0b6c2040e609e641d6179db72f7ca321c2d749298bf8,614
b835603b42459369799be6f8f0ae15c86444eccef09c9268b6b586305cb3cfcf,615
c1df702002656d848d0fe7fc66d1f0c10ab7a0d1d698d7712ea7b8f9658b65a7,616
a31a886e62384624d409dfe79f9eb251f99d9e721b25f37f6950952c622859a7,617
de5d8ed7b7b8368c77763bc0483a6d2cda3b511ff5bf981283ae8cf0627d2dde,618
0a4a45200a95161f45155d83070b626e74d9d75058b54d3a41e821dd9e486e88,619
26d5860c46b2e1fe3480cf3677bbb3b3dadcc9c1dca3c8745080b95f39748e7e,620
af2e3c8122db5f2d3cf9c85e11f84a0df0230210810e61f865a499c685134e36,621
2daa40f6a4c0ae251309e48dc70b9a07b2cee280239b6b5afbc5b6600196ed47,622
bc1ab8ea104c31756b484269d566d7f72ac87a2217daf2da7662f108731ec802,623
af9035b6995e1d31e80a72345458d4fd1dd1d8561eecad1589c6af97639f0dbd,624
48f084f701cbf183497438d4cd1dbb4eaf7678e00ac1027213e2bf764e83d738,625
b9c43c60ac9c6a3d1a3a52b8a152aabcd82ccaab1fcefecf5e088f5a0b5e8d8d,626
49e9c83769548b0d650d08b81565fed589ca4a2006f7b4a7a151a5fe98b236ba,627
9d85e434333359a28a2e6a3730e1058a87fbf7df80a3303f3074260c5ba5a33f,628
2446f43867e6b6e09d1b9f8d3763cf9e091fdc059ffb5dcf5a94ff2623373add,629
26d8f6cfb6238c060f67e8b0e83dc969e39926e1237a0e080c8002a1c9e5ca7d,630
a2f386894e55b954b9c23a2848d4094e54da45eb3b18020c0f83a04bb9a41977,631
1ec57b8d5f36e8b5008790cf6a9c010690b460625c880b96e0c79ffc734cd789,632
7a24cf8e4fc0eeff6e4e3ebae830c3a191e0d2429562554f897c8710a2e5b0f3,633
b78b225433c2c3c2ab40e81d495966804ec72e4a70385fbef4f7e80b5854c43b,634
d89c313fab4e1577243ce7ea39f44ad60192c8c1124dfc40d0a985cc8c83e97e,635
e07da632cbf33e3fdcc304830a1e3b4bbb25e899de7861f8b3e094ebe78b3f70,636
26b16cd1a20f3bf357500da61361343700a7b775b113deca318e2261bcad67f2,637
9d86bb1fbdae2fa79c4e81370f99ceb580cf25a36093c7c98e1f92c7f67e09d5,638
00e74fa28979fb5bdb0e3d18d282cc1281e723508817351bdf3840d99028f8be,639
3d7e73ee9a15c3a059d53317bf2d68ac4984dd0191b9f358c8212d028d58a166,640
7d4fc12ae4f0e07b7a230c6f86f31fb5538572f4887192c7e662162581ca46c7,641
869720f1a1e7f05e0bf81e4b44333cba41bf0fc0e9e621943529e025698ab873,642
7a8ce018a0dcfe94edfc62eb6b1b1767b7bd53f05fab7d634a7ff710e9f093e0,643
de85fe0574ca8cd7ba0a54a776decb713eb39c7f8f6657dcd808f868eb7306bc,644
cc09c1063da8e55a928cd2b07ea2fe2ce0d60a76d939bb8d5ee81ee93531646e,645
136cee459bcd8e69392a330732c6a7f303e10e15785462712ec03a776ecb55ce,646
b6726a67a287e3716ab4fc4a29519d8141ba350458112f4c63530353d96d48a4,647
4975d8513b86f0437a1f5bdbd2c3c8a14f13091ffcde51dd023438ccd792e749,648
e88f2fbb86c5a16efcd2718f708a7880e8b4b7d9e3c89772560f696956402402,649
213b8224aab3e7ac85e935bc8db81d59e80a932432bf927182718c3cd1a21bb1,650
89a23c6f9cc0ee733eda8645f159a6655cec2a4bf7a7d2377e19212762449800,651
10b28f5090d4943d14ce2c07b4800f6e858ef291917f146e9fe2d9900968ad20,652
e7c632a20d96da3e0e65826cbc712218d88abb229d3bd601233e5d5c0822d674,653
24c0f608cb209550d9034d03d3b3a722aec52f731b5b9947eb54eae02b9439fc,654
8a2fde716193400e2dc3f24b2097c87538a1ebbe217b5de6d7522aca22d8291b,655
8a9ec58f6d19ecc3a450af00c2ef39dafce03aaf900bfb9101a84c338e92bfbc,656
099ffb48b417636bcd0244cfccf961d0fdb6e120b86256420385912ef350df7b,657
2f2f8af19a446b6045b3e0948b5e7a4deab0d9008133576ac59b2ff8da24665d,658
6a2898361938252ebac17899ca346ec012c9f50dbf2e85162477e062c31ba7d0,659
dad43833fd932b5e416ff01b3f067571b2bd061a73cea3394e33269e98720fae,660
f56bf186065793291ddc2550de71a6ac9d20ef4e8096ba2357c87a25fe5969b6,661
687cb8cd2ae9a1e2a33f7e8d2d49162381e69396c89f164b5111d7b9c8123c18,662
4f81e50d392a7d623117fe97c34b78af81fbb5fd8368a67405c044cc3eaf84e9,663
780805545a2c8e976ba9b05c364f5df8218c6edf6329a6ca41b3648bce3ea104,664
ca0c4f69a27fe4c2c7e03ef3bb45181e11f0c29092f1ad0a3f3198806c97599c,665
5468dbcf3b661daaedff834bc5589c2aab9cb425975586de038aad2d16f5b76b,666
44652ced7abcae8a5feb93cac5f6957537839a35af2f6abc3ac05321e17ab4de,667
9bb7d6d105bb1b16e0d90bc93f1d05a3169f3615f89f1070804bbedcbdba28fa,668
b7586474e0435935f7773d5672c89b729b66f4b0057b859d936fb4c186b19a79,669
a6e1e19d143ea64409bd5b7f4fc3bdc057558453c4e580619466a1db8f33f16a,670
795b4d45e7d26ba825c324b1a4a495b134e8b000c8a1178689b7c0123e4f3fed,671
35a34b135a1c75ecbad01c3e433befeea46d1f08fff1eb98d59d1183d467fae2,672
9c1b1b93464d40d86594b8335fc36122a039ca2214f4665da88fe73fbbe3282f,673
0f5a56ea93d44bc70a813ff1a976c09ae8147342d544eca167e2cead9d891185,674
e8882161ab1eb259b6418d1dc259a5f7844a13ad56618f961cff759d4eb4eea5,675
d22a28533fc7c53b4695e849b020e29b1b2953e0501f0bb2f63db4da1ced23b0,676
b4466d82223b58a4925923d08daa17310484f45a5942e3a645870ba1e696b8fa,677
b80ec278bea73a248742d182ce507f160562f2b6c19f7eef07a3640db65725b5,678
1262447f55aec48b633f77fcb62d3bf8b812938dea5ae82b4b4c3eb551f46898,679
9d32706cec4c2749ac353df6ee7848ae837dec10af3ecfbc269dbe933612ebf9,680
b1626689108c31e42189aeb2ab09e58cabbca193814733cd5cef0209b06a1600,681
6a1e6f25ec7302f589a1d6c5e8272dcb944081dc8c18b8c9d68ef0b835a17e4f,682
0153ef218aedbdd4872f32d0df650c4253aae4728045e712a239bcb5f08cb485,683
a7c80c5761e426949e64f6b7cf23a243115c87578bd05f0585117f1f880c80a2,684
2c60536f78dfe22241f51e75dd185fb6608d4af621a511ac13702a2c651871c6,685
8fd7a6ce705ac07365d164624781f8961dd77b6e0fcd9b3ffe05acd07b6bd5e7,686
df2553e3e80436d9dfa42cf1e9a90229b72e44c2dfe5a22cd96c17a98b494e3b,687
76dcfd9832e382c367dc88ba64ae10d6db7da958f111ece128a7a98e864c7e37,688
3804501f2ed3044d8f3d4baf00ecf75df88116a09eff48b19d26a437f1d1881c,689
45c981e54870d1968d00b77207c73ce7a6367ccb976ca346dfe962e0f15c5951,690
66f6c25392e6560d8cab934478dd2878e27d5dee2304191cf2ad9f724cb803dd,691
db3b18652f43b6cb4b3586212e9a568d6ec37fb34c6b9299ac7c5d26c21ea9db,692
249b69e2e3ffe44d2f2dbb29597bbec73a2bd4e611625ca3eaf3d3b1dcd858a1,693
459f65cb748584bb77393cc97bf6434d0f67a0811ccde5e87d9abcf5b8a4691e,694
307222ae82b63948c430d22bd002695b62fec57eac87c4e41c72591a776cf442,695
dfc00d6fa9ca54f5cbf7cb58bde9b09a1da3470a63ef9ce5acd8d71d666eaeae,696
9ff392a752da01ffd38397ebc121b702d07dd50bddd8fae08ab2f21626a8ac98,697
3eea798202221c8ffe261cc8ff32d49d7c359dd00d464838f8fc13875c5f284c,698
37e951e8929c19ab7b42682ba70a7befe66a274c13bbb3643c83eee5a8a55cd8,699
94f8e842deb9eec1579eb4903a32ae9060e47ee1b459ce1a3c964f93839a5ef7,700
cb06c7047898a6a445b66c6acdb8942f7e44cbc6c5f59cc9fc343525e9cb376b,701
00e50308bc9bde1d2db7162f0e6dfa4e09da8fdb517407055b934376e0b2b459,702
9f33609a47212278ba6e5ef67f50b3d5eb24fad0abfca7efc71c8f66036cf864,703
bea0a7483fd2780bbc08abffc5ed2c1f69970c484ac8acead2ca1e1c3ba9f9f7,704
23e9f951c2346046a011d302313fb1f9bf69e89255fa3d61a16cd3bc76b516d2,705
a98ebea348874def08cbefc37bb70008a884e892e3687c769e3921dda7ef7f31,706
c878d82cbdc7a06906c3a77d959b796738694cde81f8e162585ec5123ebb7995,707
6be479e9dd6731824677a408e208c4cb92511f10f9782fa4c812bf8b3d49e6af,708
47b2d894cf8db3938baddbeb0cc84ae7fc42a24f70ee7105104f85e10f872f96,709
f79a8fe49cae85e41ecb32942298c9270177ecc2a792404579c7732aa9c92ba1,710
4780d76299743df592896a0a0a00cc607e57f822401b8994904846b46c011f6c,711
772328c816e6b238725adb7cc712c05eea23c76b90240bf808d7a8ff30bb0194,712
7ad90cbd0d0b897aef1e88abb7d31feb72000ca158d8491f9807ff38b6eb1dac,713
558c3b44e16c2724e9066973193f6ca884ff0a0116f99b766252b30035da87d5,714
f4499f71803cdef783bac00fa288aa53f048fa91528d2ec2d71c500ed4468345,715
34ec6939c597c6cec037326ca22ca65a19798dd65719f4b9806860066f243115,716
08a716f2582a541f86e38b73d8d950a7defcf8487fc7f15bb5a1e271f71e999f,717
7fa4a50553dce712bb9224e601fbe168892a6fae17794bb15547d697febfcfd9,718
bd07977513b02f665f31df7cec2ad7a93820b32c428a0bcc49270c2cc9104d2a,719
a5c3cf50370a69d37cfac58e6457a890bd43a1fc55c80b9cf0fa996d8f8ec755,720
755d1ae0460f4f2939a18f4a0f28125b9af9c7faa57d477e5546ea22f45c6c57,721
717087514d774b51e145c4e1cb8d4d9c2d5b8f77a756d354a61bff2e3c8185ad,722
5913df1aa8115960762d9f82550b8678bf0f446fe73927acf906b594d0972680,723
e4ddfaba0f375fb38f074d9f79dcac780f1b3682592ef9f93028fecaaca722a6,724
133a9f29383ae429f39e37bff9ced0868f5fd94e52bc1b67f615b62c8940f7df,725
63bcde19641722e8f87f58898833e806b4e68b2b6a2f46658a16a68f43439124,726
fc62630ec42bc9c9ae75483781388ae2b0bbe6bdec3f00bf86462d78be490500,727
4c81de755c32730c4117d44dcf73247d2584140e062fd34222fe884af14423fc,728
487066bd719a764dd998bf1bc9d79313189e8b1d0109291a847c6191f5984af4,729
d0f3eabf80adcd34225009e5af92da1fa94b79e55d3ac1b2e0ff14c9e01e86f1,730
2315313b245f515369e49fb3d03d5a5ddbc6199e6b8bfc33a4feafce6a7df609,731
5a0ff56da446c007c27ed1138939e71843492ec33fb3d5405cd5b90f130f89e1,732
f2aff10e65c7c837c8231db7d227943b3ebafbc95e1944377d2ccf4f3cf8c1fc,733
383388a48f04ea40b2eda7a06675f1ce5622b579c6e2de9f6731df786d4dad7a,734
d09980ac69428c4be36c17a47807cb02f8f77a5b28f9e5c0e70dff010e146d9a,735
fe50eb6b7ea36598d584a07dd53e53f0160c52c7fb2de72053ff168a62e0ca3d,736
96d1a6de846de050234cbfc7e52590e948d6bd233befa6518868e17916e1b951,737
22c7a544f9646102cfd9b5793d201fa631e0681f6fd9c0b13ab0cf649519670d,738
6f3ba8e5028c98d50eda78832acc9e97cde88383fc50f8ec27661585cf9e9d22,739
6bd397c9a43a0991a79a63eec527d2533bc45691059a8c379216ab1a2beb44bb,740
b34236e416f4a2420e7b12d68b0048efd13670f868ed7e6c7b0b1c1b48228a05,741
8ce4b401f7163390bb23da78ca63bbb311caa140e12bf27802fe1559761c1441,742
9951eca1517588ecfa00718f53a067e72495278cf1dac11a0a6a44832d1d72db,743
3344e7c4dd111b988890f4def221eeb4ace97cfaf3692bb38710165f782c693f,744
cbfca89134b0d2eb04bc9f91dfa47b7f196be04263144f3e23bc3e1ff3064314,745
7c076c9dde924656b76452e8a1d8206c88494d1fbe446cd43a8b4bb8009a9961,746
2be6a80621eb0e1a6e496db277db10296903ab1395a2577c4ee2874cd812e1a3,747
899422eb143dd6ec8bd42fba3e2e2119146a4831ddbc9a31d8b1ef709f1f05ca,748
c06817109002c294fe04fffa3db942ee5e29abdcc9bbf47c674ada8e37eba2ea,749
aa3a29e16c25ada4b91b62d174cfcdec4c594596ab35e52819671883469f5687,750
51e9483ad4d91a626eac29af849240ba9c3ba7c3f1b0bf6da18b263041f3da72,751
f0fd79fc5990bf6c615d8f81a67720e2d4865d338c88844d50aff0f792dab146,752
8c18106bde1c2a159a527dcac3885828c8e283a6c5dd25200b63cd446fdb797c,753
d2ce6534aea8376f36c72e65e18ba3df684d80b64537dd04c206a6db3e246a75,754
f8c15f71f186ff57334121df0999dbf30187213cab01086a7eda33f75f852b6f,755
2fdc3ee4ffbcb237c2c6c0755c2eea8900691477446dac581f9ce53269b4e682,756
a9412fc5649c789e8e6b36432d4fe4790dd10e4f130b4397404fce659b046b13,757
97a858007275fc09fbda4103699717e544a23ef265474ed4f2c99dad77206ca5,758
53379c04b70886f680cb9be369df09a4f8ed6200d5b1b2e2c801f3174e49599f,759
3350f64227b429bad572eabded09be221f5d5728863941397af2397c795077f7,760
1d0d2d21d42d26fb366851f48b6dacb1c4a9f59fd3ba99ef9281d660278e5070,761
18daf8e705d197a033601cd655eb798b3f8803f8cd58abfb3a9e857a46f861c4,762
6b10ddbdbd35b1bbbdf7b22c24ceebafeb2bfde848fdb66f2e7dd6bd92b394de,763
6a11e0adf94e83bc8d2b44d39ff82f244796bf0f2dfc0857cda62f77c3806846,764
3b6ed2aa44edac9ee3076995478f13894c6ff4d15ba5e2cc3e688bc3eddc23cc,765
d0840628cc5f39fb70f32aefdd8fef3dbe13ba4ea26b67ee91c831c84d2c745e,766
7ebc42a8eadccc05cc51a231f4935040429cda76394bb57af2be3af5a6b360cd,767
7b0757366926a5ab21b5350ed0a04b647e8e816004968ac9540af64609283d2a,768
7fda05aba9d878486d4f45e522529a682bebcf156ec90b8d8b23afcfbe1825a0,769
091fbf0b88128f2738ef60d23987b26407260113e11641a33b7c0787fe6f1824,770
6d369323ee3b505859339b5789beb99580687c12caae44b61cca32c18bc884df,771
6fd62918e6b4bd7f928b29393ce36875ab7febc52d316c713a77baf2ce5f0af0,772
c09bd8b21239eb8e4b8cfe4e6094b1ff012e25d207884d09cf09509a741ef0b8,773
ee868253ec81350b8ff1beeb211096585c25616c368bbd3daca199730e45e99e,774
43d972005c0e412aa4d83d6984ce14046bfea05479bfbdce5f2f738b63e0dd33,775
d516ba24676983d731cb234b929b99328292496c134048d0596c06eaee3c3b59,776
11ac83c52845960034442ddfbfc03b5a4a7abc6f61fb2565bcdea83a170cdaa7,777
a51a6919525abae7bbcb3898d59209001665618d62ef6005d3d31866881a7894,778
f92e6661dd96bc30b2af8dbcca68181728497e789a75e25f191c997b14f18a3b,779
bad136133ff285662737542877fab0df9cee40e391bdf7ff50045b468d807617,780
006e9f1cb9696a96e36307b55c82a1ce9e37704a456b8a4dd90d690897935683,781
1c7fd3b643705ab2417b69037f49ef65bb77d826019ca0b769135948eac47ab4,782
8d3238dbfafe7d202d002b0af6dffaf97c013b1be48c3d2b3874b1a1747588e9,783
1b44b9f04af93b97a4b8204fd78bf6ee22ba9e4f7f9ca9b8958e50e0e30f6786,784
88679fd46f03c06aa97ca4a8bd97d50f076654e6b25de3c63854df4fccdc6a48,785
3b0c56dcf70421453f2c40517d3638a137bc1c3969765d6376606c69df69dedd,786
9be3df0d91194f82fb909620343a15ed77be0e5e08be955a796a4d7bdcf45538,787
f49bef7fa539c1c938c7cea732c19eaf6914cd27811e4bc4474e5f414cf4edcb,788
fac37b2444bfe4d92f84056986b521eda9a50598753ff7360f65f9c455bb5700,789
b74e738460bd9f4772fa1b4dc38e6e0bf051e7969fc5113f5f5250906979efb9,790
1c3b193b968adb98672a1e99571d75db273db61ed7ac2dfa02ab6dac73a3058a,791
78926055d8eb0187e18da1521e9a9484d5a44ec88f8974124b3386591cb95b21,792
aee3bce4d134968a95915b58ad58d41a1bc9fd771f2d64cfe1712f59a81d68e3,793
e0e40167ef6feff03ae4169dcad2a4f3d50ee5d856ba126033024918192e1cbf,794
30ba1ad6deddca2b47df41aa1522dea65dac9d4537018880ecd6ec1f8136805a,795
f3ab28ac1699c966b3b0b041ece5330c5d1c5f2199bcb7b9a90d3dcb17e3b9d6,796
aab8c0914935ea94bf69c9a5d08e518c3d8e56b9602911ab53f984c87e7d0ed5,797
b29c5acf0200c063c32a0e8ce924effadbebcd3297a95194e64317d412f21f3d,798
7887c4bf4a2ae6722c6abe1214f1996dd1d215dfb3e531abb878f3d25bda821f,799
04006d3e16383e8608b6b5a8b16458f45a4307af5de66c075df17afe05a5cefe,800
f2ab2cdc7705b7f40b93871683f7c469833e2d47b1dfb12ded2fb9a58df83c43,801
02f75d65e8da4c06d716bac66a242c004b336e2ab04d2bd62489e0e26ddb7bc0,802
ec0136ae6c2991921f82dbb0ba38dc1a7d8ad2c0da5f84acf49302daa97bf105,803
2744a754133fdee576c127cee95724a8bd0f9a10e79feecb51606e60f7e5b77c,804
bff8d0f5fe6c6e302cabd4a9bf1ff2f91eb8387abd66621312010781fb69d986,805
c68b099b14455214244c75fb4a5d644d2a6c55ed7b49e6dbb3248786a146b050,806
a5f62ab141cb77c5d780718fd333f7868ec6f93918aec18990038f057943fd4e,807
c9849d354eae8860a519b53efa5d7724525a5fe8f2cb4db9e3ec308026a7f31e,808
0a1c09a8e7be92cec72a836cdf6b1d15b299317250d733ec19351b5c17724d0f,809
7f48bb6c958a6080ae0b94c620567fe7abeff682e7d65df1f09ddb8af00a9054,810
21799721327925bf0de403ad2e0b09cf034c2ccd3500f12a80ca83e123d9fb9c,811
5178e010581ff2be50e08a5dc1e9c151fd225945e00053702fdfb293c761db44,812
c792e0efdf0b7f9b54ccff87533fc6dcb51853b90df2e8a062dfa90b8989e5c9,813
17762aeae7d9041480ee3cf9bd48833dfbf0279748856d931fb54275a884acbb,814
597256018d7bd5fbb8062d7458a8b36db24339541d4dd2d479802d6b5f498484,815
b6fca31488e9a28b03a2a974da8008f90db0efc7dccc14065953d9cbff0aa3c0,816
886da5e808412700b19f7c9ab40a4dd82f49544e40de445bf6f6b546cc784383,817
a7163e143922e2937380e44cdbd2574d22a947e63677635364099f2ef0a05d6e,818
abd0c89ccd896e6bf50ff30bec18cc371926c9de7e69b3b58fc2618e17b10f28,819
a211ac5a31ea829e113c6f36c3ae8273013504f4a1d159ce4b30d6a0ef6b6a76,820
510c1877919b3d44c1d4e203304c5b43856c0f737254e1eb1126f034d9c19837,821
2006754e8f95922158623e53e7e1867f7a819e7cf0dba312a30f7f5837e6d6ed,822
7b86c271002e9d12cfd50c32815c9496f26a7bb0b8d97cea349097144ea8669a,823
3a57baf9ed44135d9aa8fd667391d935ec0e14ee0ccdfd21c45f3aca33b88b64,824
38de5369e3cce2fa6784789903b171fe186f3fdd7b2fcb18cf35464f8a6d3de2,825
ba7b29454b64e256246c934eadff761cfc1f9b56b022279da779d560e9f39f71,826
eccccf4b5e4576eac8f27eea95c74aa54a4c76545954139d0fed97364e202ea4,827
e30683eff610384fd76e600e6f613670e9c1c3dd664c2f54ad4612f4babc1251,828
7b731398a39b8a4d89408def4c7d40da470bfd42e95690aeb976c599d253e8c9,829
90707351a7f47999d5105e38aeba4a33e2811a53cc502aaba7b63d16b50071b2,830
daa19ff6b5b7642633bd3849165d49b6002196ab0e5975dfc3a162372bddc83a,831
e69f6cb0e253e31a94588647f339ccccf0ec752a49e8b3e10c5372df3cae716d,832
7a01141d4ea69559a949dca8cfbd4090acae40d4c0eecc1be313c1cfb5ae90f0,833
27324e2c0b11ad858c76b959201d8e5ff5ce0d8ca74783af0f4d52a8f4bbef16,834
3d4ca9b35f0ed87a155470b5566ad4ebdd8f3dce5bdf2b9213186d3cf45f99df,835
f159f890dac004877a46f7c3f863ed95c7710fd0cfca430291d6734b0e03e7ef,836
ab64fdde48fee08a5c70cbd4fca32cec7d73d4320a0fb59b1743fe70ed57ffee,837
b6501da31183d8347686c6588fdb88da4a18958d2c117cbca2573c101892adea,838
c2fa1a137e12a943f1dd4a39da950d8b100ad31ad8b998ffb45101eb98c24414,839
78f517075cf6b03c771a6d8260493fb97e1f8a3cfa89a4299ecfd5e95eaef334,840
31f0999beb1549720f795f536df39ae256ca1f7629e3ad44c2f9b47ca9c32be5,841
3dd4d92d462da96d89706799565b78eae34d6893d4bcffce3c5793ccacd868fa,842
aa58a603df2193835423fa0b97915ff3e6ae7862a38aa85f688682fa9601d3f4,843
9253b39cd36ceded0c701e178de8243bc37319950c5838db2ad76ee38ed96c59,844
a42df05d57a13c3aa3361dde88d85104cb09271eee0bb00052b5e08305fde3b4,845
d4704963dca9b138a43d7c8ba102c0a6c831255422bf2eca36212f2375cf0871,846
9692765a5180e6beab60830377c42ac4fba62a3446bd9ebd98e67febbfb67437,847
ff4bcf5fccafa12cd327b4ac6f6ccec6a77fd73deaf4de8595a4ef0fb45d06e2,848
58a71bbf2f203dc2d1d6acb2536b21f472497ea70729bdb7466dda190e8abfbc,849
7927a06cc102764d420516dfeba94391f029b64889ff2763f06efd9934dd5323,850
92aad5233cee090d19a66327887c2b7eb51f1b811eb2087d2cec44b7d74d3de4,851
687cf2de6273c3fa45b266bac090cfd5b521d73b82991b65f10a765473ad5b57,852
2b4bfd69faccee6dbd7382741a62bb04898ecb4a97906ff3d25370ca4022c658,853
758c32a12d3fd6081daeef9003c481f4463dbf35830b466b5772c1aac9dc6086,854
d97fc28a3972c46dabf5dcb32097ea7e9eed89db89e261212e4e56cfea096df3,855
2defbacc6a5866a550b4c09a7355a18cbb1b55a52a6afb6099d45c75b505d561,856
a8c5e5d96c17421696ae8982c680fc757f90986106e16b5a6d5a64b8e35f19ca,857
0eea0d2148ea35fbc531b460eeb7312c7cbf5b9f1f741b14470ce02179abb929,858
1df778bc81c078cd799ec3fdb00801fe4da58f80d2c8a793446dab9fa48cecfc,859
c9fe204b5910c99ace4116b879d7674ee3e3d2ab3068cfb79b1ac0dec4116edc,860
19520d094c39743c5fa1c758b6a1673860fceebac965d412178dc9d7a398d7e6,861
ea12d128df667510f18f74fe919a6605653b2b8e8a61ce714c71ba22dbb56145,862
175d4d20584fcbe6e88d7334c16b80962e61de48df9fbe27dfcff4e553352e57,863
e81de06c35b50b797327ccd9ea8d3c425ccc79784ce7cd4b6c1163724e59793a,864
05d795ee154d03098cba7e4e1b8d084a65924b4361e75ae632292acff812db7c,865
3403d831a58b1171aee8cf2a2061b085163a93a7a075798c9fa8a1dd7a7d7f8d,866
72159bdc6c74eefd7266f467cec23373eab08c0c44ab5547e25f354effbb26e7,867
9adf73d1add8359ea8c5695bb1941b9955b9b49fa451fb0c6a84f9784a404ba3,868
ad0dfbf13305c56ceb33e79a0f86a700342598e89a02b825110cc1405a47b592,869
d73fb79b9572090e371af6dd41b0678ad785c9e20e60df48c4788fa837d53ed6,870
7fbb662e6239f0637427a35d4f3203cccabb3a80e09fa68f8f7cbf5d48391f98,871
23351c6c3a4f60bb8ec89070d46c57bb312e1f819908f9bf1aa78b48c8eea284,872
28522f913d187a6dcdf50bec6900512528cd5d6cfbef28ec0bcdce5904792fbd,873
b66da32bf7909c074150f92518c397b2d1d37d08e43150c369785e187a46cb9e,874
f9be5adbeb8feabf67d6fd294c28227765a097a967e9904c5a288c3c10e39526,875
bb635cedd0e1449be5a527d0e51b00607d831cfd57d26ab7bc538df4015d3f7e,876
668bce8b0c9705087c68dc8ca6c553ab7b2e01b6dea640e6468cfe3c04c7b0fc,877
3eec6388de6633767b3031b2fa90fbce98bc7f5341105a57844d30669fb3eb28,878
c4354c0f0ecf3d9a33953207eeed50f405b7d3be2d77bbe05887adde8a208136,879
6154a53e110c8777e07d8f256e23b4f11ee4621709ffa5e3e7c6e0826f305129,880
747e513b12221125eedbe08b3b318133170bf2dfc30041362991f579df4909a0,881
abd8ec8a1b8b118a0d1a5d3883f13f30c89541b3e25f208dd84edac0deeb5d2d,882
a37e80a8b18ec0ff6344537b93f905fbf613192e85aeb95c0883b28895f56369,883
83dddf0d462e9f40d58b129788011d7595db55375ca5b54cc9891c61b5ee45ac,884
53cb7028157ceb6797af2fa007406ec7a83fad374affa9c672f0384da334a68e,885
24cda8d7c9d679db4ab3f5be0f4a4cf8e06f64a3af8280db4af265c698ac188a,886
8041134704559adf91e4c0fc4c085c0d16224d4474a3a175198de7ebf32e1957,887
d675e3d437f5584078da4d2dce7d5611d0cd656c6eae22705b652e87b6f990ea,888
11895f177a08dcdf36252b5dae3ee9b9152e571bbc6efda69fe3da2ea1e9c28a,889
6227abe8bc08bd3b27054a6da7f09953f0c19e8efd98fd942dc75ed65e9fae3d,890
a7e37293ced32ba460abf0d1d6abee485e6cc1cfef49edd83f7321297aecf201,891
cacca43b7c7e4eb0535698c8c33cf6508d2dfe0bfaf8c5f66ad9f67438588e69,892
29442e4077e04fc73f98e877cedea4f8554446f9c7b47615beec1b9b17f90293,893
42c2d5e844c8cdfcf135b1f377ce035ae8a14d86a31c9bd60ade9355bb782bd4,894
b45b9317751c07df8d326d436b77406d56e6be54629828016ce304c85491a088,895
e9402c52e2f1d1c345b85949221e0b7e2b7b6cf3122005d9d1a7718acc3f737c,896
50771912dab686f066d50ed3c71db7122830c395bce23ace7be4e37ebbeb122a,897
f2bd93602efec601d72b0d93187c168dfdaf38c1f7a7c5c5164a9ffde5c7123c,898
a782ad011efc8d12ef6e9b6950113326edc9170ff1f418a9fc9495966171f9c3,899
084c484e8dafde1654e37dda529f3229f9dbac51294f0764db1f4bf23fdc1598,900
321515d506ec48f42740207989e46387ad441f54fc956428b6ae7defca64c752,901
ff5bf61ed64b57b4f92579b6fbe0ea2adb4d0f675d8d2537d5fc8dd7dcd3f4d1,902
2bd4a2a5b0e590e642b471b6b20eac6f0bf39094b5284f1c65ae74e3075a1aea,903
79e1c3f72bb5f3a0bd297205bc1da89ef99ae232b0d45b3a66f0f486ad88d48d,904
6e683986a2929a796d557ddbbb456dde9bb6993284e5e9bdf478514c0f0ee80b,905
8851936a6fd17eda9d5b9ce07154f0f2fd2ac1d5d96cee6e5623cc91cee2b8fa,906
c0d7ad7711fea7223117188d65a310e8b913e4e2f1fd1dd15a686e2ccc9ad1c9,907
18c4b5ae43538b88d8fca8e1d97c84a761b69a229ef5ae852461c377420e2eef,908
e57aff78eea74b310e0717c4c932b9b13bbc83998652725850bc5ad8c637827c,909
c95721d5838868a105bdbd6d72ee197366cddea2acfdaf08c5008162a25a0f3f,910
c965e86a07b563cfd4f5d394d27b5fd7501db16618b3c0fe79ed19a4ca85b990,911
ca612bd6e9adfc90e6dea5f83143f4b35b3b427e5e90df3629296d77eeb30736,912
f2d4d25f38fec4a0c8e1a33a10a09b1a8ac02ff53950710dedbd7b79cfbee884,913
1450d786e0cf6a982aed89485c7846859f7c57c9c5bbf4498bf112fbb2dba6d6,914
6407a29a4b6cdd0fafbc64667b12dfaa24497f5a1191bcdb7429dfe7a842b4c2,915
eb33033dfd67bc58bac0a9b6357b106be3c694afd3a9cbb77533f230c8fa28ed,916
449c3bfe17676a44acc599d02e395e9fb6da5abf5da52ae164fd33e2644f3949,917
d9f2e8934abb0f22cacc261b68e2135393ad0187c77a8ee9ed46a224e6594850,918
61aeb4cce645f67f33420bdeaf1784b95c24933f9481f26e316422d21c13f7f7,919
b3ed6b7a20a2f5063cc6d089760d7c4ae518e5adc360d9ac5968ee0806e207cf,920
f02f8e41c395d737d31afc22fb361f645c1d688daa72872d5d0b5d9a873fcdf5,921
89cea1599da1e4a892bfa3d40d5fcd62920d9550032edb04799185fff79d4d5a,922
7c658861c521cb507915a154a4e24958c9c9167dee631c95c9e2deefda3eb1e1,923
3cb75410990975e1b20779ce35221dc63f41a5db4758b5494da8bb278adbf29a,924
894033cc4e4ee2df5bac994b90c648ce39db6b47993e378539b373a4fbe6d2d5,925
76315157ce82cf83c7d4c8e86020134515f10860f93587e228205264f3c43857,926
c7e9145c735b967f53dd1b477fe8d7dfee2a4d1e04223e5a9fefa614fa4bd352,927
6557dd8da27047cefc16c27458c68fa39cec7ee1eebcfc9a9924a4e90ec83e85,928
bb57748670cbc68d430e5edd1b0f47874e6169266414bc997fabfb85d6f45918,929
118d4a78b142b4f7be5667c9f664a73740eaceb66fddcae03426cda4929a1636,930
30cf13f4b080ce9856bd6298fb318ba4f069b548ba59fc06ff58caa11f5dce9f,931
8139a262acacc0aaa7ae53a496d004395f222212c5233b5c06c7127d2bca5e58,932
0905a3ac76722fe298bb8815c8a6f44750dcdd22687799e0fe80c12b4e4335bb,933
da5629ba0bda2b3239a9521401cf02800889533bad606b7c0fb4655b756f6d99,934
58b0a955f1b337c63d5886f39f866d2f76f28384b7bb2e49f052e46a37df1196,935
1e2320b87040df5914b9fa901025c7d1d91649aa5d16efbb971df2a16ff11992,936
54c74eb85b5d8acd95ec98dbf950b8744759be0fae769d3cc387b830f01c7a22,937
77bde95fdd5ad85537e5d1563ace6f80f4db403cf9373e085d8603d048f5ac90,938
0449184b6f8d1c94f3964e59b4f7a5dcc4e783dc3cf0d6aeced1bd59dd92d78c,939
326fbfdf29bfc119498b313a4f7079354f2990373913b83e2c8f4059823e0ffe,940
607a1d736cd4b8f2c03be78c31d53982ecd30308070a9e5b0aa2d1d470965faf,941
41f352f844023405decdd31246e6bd826a56c7e56872d3000c86f803dff37c04,942
0596d450bdd2e194df043b75a154f801dfe6834024b781b1a057717a70b3caeb,943
b3fafdadb8ed0b02abe6716ba172690e3c04a097d48680ada2d4c88b2150d099,944
052964d1fd668298cee39db78d4ca57d79ff0501cf8f4a943c396cbaa64b3774,945
75d53f5900707da6b3be13438815a3b81b30ccd11aa8750bf5aa3f9df76ecb62,946
ac539e2a47318d6820020ac4e6530af242bd4f92ed26eae35fbb96c0aae5e43a,947
6436d137b62d9539aba24301cf38375b894392b734cf9eb4f508106aaa67c8ea,948
2c2dd3b997eefd54e77d086f51844e8d6b5726e012bf63b22760b4bec2d75a36,949
871cf0e0b6fd887d8a40de249e2b8baf4ddfdd52eac3f3b0a8ff45449131c7ff,950
44fc827275e2d5b6bd2463141d00932181017900929c6576d40ca92aa9ae0d62,951
ace9dd5ea0f1d61cd865fe78a7508b2d88fb807969a3290ce509f13d409e234b,952
679e7ef6d6941f9becca676b136c102e9f99121c42dc9a774af558f3ead6b800,953
54ffe393acd26e6dc4b2c6ca1442eb202299db11df2fb8f0d85c089c9f0f9a2b,954
26700105351113f3c2360024ea1bf66cfda83fc913d6b7a7dcbff3dcb4223ff9,955
2737a076df96dd8006f153ceff9fe451ed657f5c148f9380c7e71960e2ab0a9e,956
8d7d50b8a8b70764d3b52ab7468ff9474cafabff35fc3869658cea09357da213,957
826d9cbe067b6167061a850a5b15b2217f17f36e3947f78df9a9f4d2767df871,958
974d849b793c748bc0d955417ea12d85bedab5f45906245b8a8f535b2a859ce3,959
076e7f90713d3f91ba9e6952b146532ad6610a2d0ab29eabb0e6e078ec74b4e1,960
2c1bd04b2ebcbf6dc6ded2661c632485f6b7cbe4fef636cd06cb259f965bfc6f,961
f7b9b6fe9c1bdb2184778b4ca658e1888a60af27f5f988735647e3448067a438,962
dabda40a4fba15f12417358e3e7bc513d2945684ea61d0e8ab1beedd4b0c6102,963
0bfe8b788307231a461442ef552c2420dd648eded0a88165c3cf2dfdf5636a1b,964
6fb297dd74ce3a361fd1e1b749d5d3bc5e44c3055021a1f8a77d5e07335ae1fa,965
f1a25f6c624d444a9562d3feac5a08bfa339aeed3a8cb422beca67d158eed4bc,966
4fbafac3b31fbb81c1642d12c75ae33e00b27c7b950887d2bec434e9ae8ea7b6,967
4bba8f898179a00b0f83ecf65be63ebe36999c42c415dd9ceeac7833f8ef2158,968
0bd14516eba9ac8be618693b61019da554231ede6419972fb9347b33065b396a,969
f8914a935b8351615b18f2c69a9266d8a6c3d868e7b4c7aff974698e259f6fa9,970
56e646059d0d787d656693a90445e3dd8b75750f8b0f9ed5867fe8ee0ed1505e,971
90b8a3e840a2db3b3dade01671a500adea4e3df55820fdc062e9773aee872dd7,972
848c5eaf8dd0664dbd088c41c45106144a9dabee3720ce38e6542437c4b6c216,973
aa9aff40a395140d03b3b0f62dda12a9de2197cb5da60573fdfd9754bc1853bb,974
b2bc88ce3ae3f3f6cd1e00d2b983979131d12badd16fc54fb120658779284d09,975
29ef447c585b7ef5a94561e2624a08922a19933afab76f8576c6d5c6ef31ec76,976
5a78750c40511ea8c6644ed09f519073f5c2cfc67254e734e2ba3ce05f9d443a,977
022da8806938f09e4670faf47b1913574dbfcccca446813ed03fd9d9dd53d079,978
9da3ab940b60a2e29f012d3891c74e4bd7453eebd71701b259d9cae6c2d0f79c,979
c65e10de757f330a14e5e674b14788eea23d99e93fb93be6f3cc8169f8389c75,980
fa24d4dc743b100578bd5eac570821c92d8e0cfaeb1c8db0854fb2739e595ac3,981
8030a9743f9ceb334f43dcb0af1328a636b83e97937555c13bb5382de513c1a1,982
0a945109522916f544e86c47a39d28d441a3a88eee6094c8e251733f3d687dce,983
acaa84b9a1644426b07d286f72679a60ce885692ba7e7ad2fb822b43667d110b,984
46dc6f9b5a3451bf0b9a3a1a6e03179f53afda10b4b50a259bfbc07040e5a93f,985
941fef58a92cbabc7e23cb87cfa6534a10f2aae49127260eccd432eecf94f1fd,986
0ed961b187ff924e0be10f0b9fd1f514289fcaf07ec486a11a2a2dd6532d8841,987
93e796afa1305c17e93d841b9c8dc71a032e5eae1fd33e7e4366a55b30ba84dc,988
85f473a63d83086db56bbb4d55438e41c8b232e222424043ca5c99599ed6c07a,989
2df77e4ac92cc2ec9dd05ae8720e846eb577be8e5071512fb891502cdc2a5d52,990
9043e3f30f44b6b540bec769414d771ebd98739d409d366ce214b39489694c87,991
aa0cbf5477d1823efb0a0456ae9127796fbc43f28973a73f681d490c6df78444,992
325881ed6473f7f333a444943650758dc5cf58e4b98eac110214af94df6096bc,993
835cc07538cae0827bf3e64bf4db3aedfc1803037beb8ade1ce276d8e75d4693,994
f36b3d063cf10a9c059d9ecde62e6ee6c7fb96e56cb20c9c8920717ca524442f,995
32e0bafe1d888bc1b9e8e81ca155e85c539281343978d1307873e03bb53ad72a,996
243f486702922e751f32079741cbdf44756cf06276bfd8be5fbadb7113546811,997
a09ce81e4fe59bf5e3c996f0a9e7b91db41cafb202ef0539c5430d7023472df0,998
4f3869c3c3f385ba5ffcd8774e70214e81cbcc8e58664af64cf2f473e2a26ea1,999
a6ffc86f24b63c81d7f29a9efc56bd56cc36e0134cea2906c1178f5a45cc5e4a,1000
cba175efe0ce45e40f392ff3b8cd85b600446f760b2fdf9e62a1e81e6e6306cd,1001
77404e25ac37ac846675932ff960dd5b06dcd44ee72d539794c84d736a2ffe07,1002
a52cb888ba1bd948a0ae1eb6ed237fbfae5fb5d404296d628f39b88dc3e9d58b,1003
8668f0a5d9e71a17a0d06a3bbecbabe1b0dcc4901b4f95aec9518b884b197127,1004
a9a82db0f10342e0446965534b959a02a7f739d6c9c64d8a7da2dadc3085ef4c,1005
d5153fb6ebe69f0853a5968a0addfafec8528646c5ead014fef270415288883e,1006
ae147b588ad0b5d3fe3dadd679bafb32ab2a7b7cd6ace0a01aa79bd0a3344845,1007
6451af848b1e16a94f3239b296ff3bfe81205f3a052c5fcc138d583552f1a930,1008
19d840f1af5ba854070fe2bc8e0fe4d93acd805a4ca3ff9f68a10dfccfc6f318,1009
000ad46522c95101b7434f29d00887d0fc149b320142f92c91a3347c72fe736d,1010
aff5702942408a20420ea4376480e9142977c8efb4b2bc4e0c96d91c484ac986,1011
3c514321942390646480f304c3d1b0f4576d7b6859819f047da67194ce16df44,1012
ae03832da54bb5d1811eb28bddafacdf768a23c430954d432ffce181a16925ed,1013
578718bb1fc7d1cd70fc4000ba445f69d9777f9fd86150adff817a18a59f36da,1014
575dd96de0035ec1aa931d3dc4625f0ba2edda6ab9774dc99f9107f1457ac07a,1015
177ce0c349f06b2c5d738d3fe814a3c9385f283aab0731f9ea6f8bd95559f54b,1016
beac1c5b523f7655cb51678d0e7e9a18aaee61410d100e7861b147185f4df254,1017
8ea5d595a948f62e25a3d7d1181462a684f8174e80a31159d3d06a3ee6bc6270,1018
84eda6926678004faa05cfdbbcf036ee06c25696fee532b888526e2b86cc876f,1019
b4e33705d9e49f48556f4d2ecc889e7f61445c7ded8f5bdcf357d722988b3bc2,1020
b0ea9adac289948124f0c5bd39c5ec119c8d50689fe5f112b9a819a3d7527963,1021
fb8b41b07938e6d4532a655c85fc3ee1415508987c679f6d75fce4abe0897c3e,1022
b7fa4d383d75de57f7854d75264ec9adef123f33e1c846e32e130c301ed7fff7,1023
2571aa0d13e6ee2c769eeca3e7b6191a450743353b0b1cbed8a193aabad71d2c,1024
d2ff289278d9e5f49e37e3de1154b64614e28cde2d4f1e7ca6d8b7e315e00666,1025
02dd2b78c09678ab75372da066c43e942f9a755020336b5b464a599eb6dd7a90,1026
a62c731ed3e1eba35da084807828f4931bd906229fbfca3f40c8446cddca81ae,1027
a920dae7c175ba6d2ddeb8453589d0fb6b7043a526852fed4eb4fb493ee56ca9,1028
c6931774cd710598e0b21eb0e43cd4b5ed6fb5c9568033909fb5512401f0ed48,1029
711fba3eb34b9561ed88cd17ce94b4f2f1b406edce788e306604a5c8573778d5,1030
ba9dd3f3fd1db2cdc271eb6bfcd83a6ae25ea27913260c58f03800ffcc219d4a,1031
99bf7600779b8371c95df7db5f5cfa6d4b7df660a2e9a21639ee43c0468d08f5,1032
d9a3e02d0b7d8d2c9361c253313504fdcfd90f7a3c6eb377db2cfaf9c64c1044,1033
0d3f5984ffdbf52f108adf550e4102e8a26342bd1ba3b45b7ca9d30d3e405e0f,1034
a8ae88cf1d7ec77f46dbbffbe830973d3d0e094febb4664f0a569ee3e0f22fce,1035
a2b5c3207bf19e6ee0d0bd68a630860d9dabff03acf51552340c2da5a46ef223,1036
23953a92d3ba5d54dc59ab57bdc770b6bb8123d347e642ca8f1c61b3aabd5852,1037
319609e86a20c167a0704aacd387f0a5aa1c1e2e051537cfafc715bc560f4b8d,1038
2632bc5c1e4bb829e86465aeb74777677ddac32e6966d9a77872709063be8120,1039
167a119d864e97ab05d06ba62b8c6b4e5997fcd1a4de9c8aaf05a1b8bfb9fb05,1040
7e71dcc3c6a91faf71401db062721dea8d252eb5e31bd09a39a8e2007a898a07,1041
62e6baa36e3501ced77326fb2cbb0c726e1a3fed6d270bdeb451c91b506fa947,1042
7ab20b3af42f98e3bf96aa7dfb289b55222b28b93b04caf8525afa0c79da8d0d,1043
5c3e0a36566e65db71995c596c8758b561997860fd6d20a3dc92a84b10341744,1044
87307a2ee240dffa3b5e1fa7ec8bd496dd70f67835601041670336a9dce421c0,1045
b95053a3fd9fe5f8eb0160f33ba79095d163ba7a9256267d712cca0da8286e38,1046
6ca80c7769a7bccd77e9e5e63a4b7c4356c3a6b6a670bdc20f2c7aa94602d478,1047
caee8e091ad4fe33cb6b93d764bbf7630f44a28a20fae3554deb1ff0789f7f4c,1048
acc5f923ab5a96939bbe24dade78d925c45ba798eabf1034de24a76e616222c1,1049
bb6e86238dcc6f982119729dcb50f7c717fe2a614c0a4ca6cae8b5af5885c11b,1050
17c7873f62e9b02a766906cc57a7d44777164d5949df53067df1bef471f1c41b,1051
f09d9f6a52656828efeb02e729c88e8ef1ddea092a25a0687de25970b119f0c8,1052
ebb7422b0895da9c8a998272c37af37d463e3c3bca72e40cca982abdda205ec6,1053
ae549bb657371b839e07d65e8765abc616f61c763627309b95b96f28f4cf7612,1054
9477d5cef6252019bbf5d92f55353f82055987a32b51402117f317ba632cc4b4,1055
1be37db56df9811be8a7d11e6d6a192e38e6896bbd945237be2b7d4973a7a27f,1056
e849ae683566de21f95d467af8dd62bd2517fcd3361b10dcabc564f6c954666c,1057
03a35a642b3b148601ee75ee86c0a2510db812839ba41cf04d62fd4fed1ad524,1058
025b28879a42139433894d75798e0e0fc63efd1be45e1653f7ee812f810fa449,1059
44edf1a0e6afceacbab9d39b32e116994a594945928cd4c2cae511c8ee644224,1060
c2807eed2d328a98ed61990277be57c353d257a5132d8517ad56fc2b6be74ece,1061
1f4761a2151d086c447eaccfce87dc148c605e2aae9c357d20dc1df23ad121f5,1062
49a41eb44db58d6fc64799be7774afbc10763636fd5c7c0a066868c35ff0e066,1063
fa309320e89e3046a0ac666aa65f73df9b8278155c0ac7ab54d99f258248e716,1064
384f3de024a5b8cffdf1d894c9f38c4b6e3e922569a801ea2398ba9dc527a1cf,1065
8e1eb14efdbf18c93a115a93a28b8f5c8c03bbea34c614eaa72dc6c73d884c18,1066
9f56884ac28b3253989691ade96556c66b828bea1a090ed56b608a685e5a3244,1067
6ce92f2ffa8d98365d3bcbda2b0f450ae06dce3911592067c4cca51dae9fc4e5,1068
dd4fd136dc4a1079417d4569306e390e5ad2cdbe3c9f1bb73c78c31e745420c9,1069
ed9e69ecb23c01075b1e7c03d1008a65655fb973acd2cf43c6f0ab9df33a784f,1070
8105b45ca5b8d7edcb96a4022834d601348ebc27998c6e712b7e236d87cba90e,1071
0ccb5480530510723e0f4ac34f5ed6992b58b1872d7363a49fb6c1ac009728ab,1072
bbe464a5027d687e7046c01e50dd47cc2d3d3c06d66a072187d3b606d38db293,1073
e9d5411b8723e0d3aa4b815c6f826d800e1450b741facb4975e0035b3184acc1,1074
54a5bb010bd9657a2cbdf6774052cc8f2331e5f516662044bf1b96d89c0e022d,1075
c9f54158995464c0d405fee543ab2e2e784ea20de70ebe2eafaba79aeb622859,1076
f48e8934ef7bbac7dadaf8059213f1d58920fbeb2f142c92b56cde06206df157,1077
ce2622b0da20da1edade5dcf7a0d2e38af70f52ec43afba3bedd1fb68832ef9f,1078
282ab60481f4e80bf067b05c24ed9d057114c65783da64da34e6198302a44747,1079
2720a3e8ee9ce59e8b2d178dea09f9c72d4d4fca5754dc7ddd08b6de7fae5522,1080
097c9886c8c80167c9d79a3b64d2e61ed34e6ec41166c4d9500adff704c1120b,1081
e4e9d163306944e2e398ae7cae35402a13ca58153b02602ab159c3cc54c23878,1082
07144a9424572bafdaac169dc4d33576dafd3d76e4bdb34446cde9bf7356c723,1083
835ae769468f856bb6f24b86b2a03d5e99edbb8a84871d8e737c35261608dfe4,1084
c9a4bab42b5ac8013f11ab11e6f58d4461aac6a93e7dd85b4e62c5c4fa33215a,1085
608795b002d19a2aaaa96bf7abfadf4b12ba18ad74b5e381a9802ded8660d054,1086
667af3072e94959efc3e52e234861153d36136435fea5ff0a8b4b592cbe56b4f,1087
1b1e15df438b25a203840b27d59682a3be1f61f422285f3c1817d1a79856238b,1088
90c0b86c26cc57e17fdff639e367884da1d8bda17f73d637d939985e23dde1d9,1089
1b03a49c7e17fcb3548c265fe975f009a83681d23abc8491ddbdccd56827736e,1090
49e2fb32ef00e383a219a3e1a9e933f3a3d7d8c5ddedd9e4cdba0ede7c5680ad,1091
3fba6e5eb251ea0b1f932641feb6a2dec428d83ff1d84e06a89922f681ad1e4a,1092
22ce4802d06958ba0016ea79969a5496689c2bb37673904b399214fcae849997,1093
340c4dde7a9fee7e4497cedf155444e74ae287457af93d048a628bb2350c40ba,1094
4c64081d106cd47e7c506bfca8cd7212712e7a9defbff5e38ec0787ad0c0f040,1095
96804c5ad7c9df248113ed950281409b51a3f0129e755cb1596e487c8b37472c,1096
2b93bd161c4b533b3f31923425936f3507a2ab7e192437dde63467be760ff008,1097
b3683ba35f03c132ab9a1624d77a500645f5a324b61e3763990a721649d18c86,1098
4f1fa52117a802a284baa1bb06ce27a0c5fef8820a191674ffd7e65205c7a71e,1099
0e28e33ec97e86f2c99bdc5f30ab4ca55a16ada13a85202f2da8fe409cde8731,1100
e89f8607c3e167981e6829d7cf35590147b4bfe5e7086808ac8a87e36f8492aa,1101
178f79fcba752f8d929936ac53da402ba31f33578e70c8d07614a248e0e371c6,1102
be7f391985c2480857801704f083a65230573ba42e24e19796498ceeeac63209,1103
fbed8db454515e829448f329ece550d13461e4ac0d5e8f04d74895d44683ef27,1104
9b8d85e6d602ba95965ca690a7e5455fa762f329e174840caebc73a178f3a4be,1105
9ea4a5bf8caad20b0f7b99ea8576e30d89006d1de472b56bba9abe04ea7ef175,1106
92547425e202bac264ce327b666ffd4311b89cec5d3af55ad20cb262ddf919fb,1107
c8a81012d366ae35bdf6cf48f2eaa604e0db2a2ead129260659ae359f893e828,1108
3da68188c5b5b2c388ccc8e232e4df5e8b8728e56688027ecc0ac6151d73801e,1109
ed0627310bf57e99ba79915f9b14fae4d0e1299de343261f91443668c041e0b0,1110
8704ac5ca4b68e2687b2cac876f0eccc675cb30431a57c949f7240831f0b0b29,1111
5b0ce56ed09592e50c87257a8c8dbeb6bae4159bab9e0618bf597928f62b9f9e,1112
9c3fd31a1482f5e30809bd71b1b24917f3427023d2d0fbe9ca83380aeda6d82b,1113
1937f21b2286e5a9b51033a318b58f8dcb019f85bd810c812bae2caf7b094632,1114
f63489acf73f125f5d4c4c96339057097ab21696534058f20adc0338b323672e,1115
a2470e3e4da9b60c9173c803e9c02709b8e6d9e460b965b0c22f229f2f4ffcd5,1116
c3f462189ac78b271d84c4f8de4d7897c8a7373807644fa2752ce0719e12ff1a,1117
854152a8de9557f3a3f180b2b0a0c771a396b54b08531044604ce56e92ee1030,1118
6eabb551564b3fd631f84ad130032971a5345d60d1e98fabc05fd5c558ca82a5,1119
1de4957ad5024460c8fc2e3a7dbea6991522f75c2b570a055ad27044df427b5c,1120
098ce05e34e3957068f05986d1ded524ff841186e51d51fdc13e49645335fef4,1121
5678bde2a0c725f8055b3dde722819f18fa6f978610f139a38e00ecb531b8394,1122
aa61959c64b1cbb91faaa76c57ac66bc481a63faa30ec74515fbb76e678f67a7,1123
29cb09400403c2cfbe2d37697d90d78143e9538024b576f53e70dba75fd910e0,1124
1a08313360cb6dc30f4514c16cadc841ee0f269321fbc26a3ddb5f1d068920f1,1125
